-- phpMyAdmin SQL Dump
-- version 5.1.0
-- https://www.phpmyadmin.net/
--
-- Host: 127.0.0.1
-- Generation Time: Apr 14, 2021 at 09:57 PM
-- Server version: 10.4.18-MariaDB
-- PHP Version: 8.0.3

SET SQL_MODE = "NO_AUTO_VALUE_ON_ZERO";
START TRANSACTION;
SET time_zone = "+00:00";


/*!40101 SET @OLD_CHARACTER_SET_CLIENT=@@CHARACTER_SET_CLIENT */;
/*!40101 SET @OLD_CHARACTER_SET_RESULTS=@@CHARACTER_SET_RESULTS */;
/*!40101 SET @OLD_COLLATION_CONNECTION=@@COLLATION_CONNECTION */;
/*!40101 SET NAMES utf8mb4 */;

--
-- Database: `dbi460221`
--

-- --------------------------------------------------------

--
-- Table structure for table `dayoff_requests`
--

CREATE TABLE `dayoff_requests` (
  `schedule_id` int(11) NOT NULL,
  `day_id` int(20) NOT NULL,
  `employee_id` int(20) NOT NULL,
  `urgent` tinyint(1) NOT NULL,
  `status` varchar(10) NOT NULL,
  `reason` varchar(300) DEFAULT NULL
) ENGINE=InnoDB DEFAULT CHARSET=utf8;

--
-- Dumping data for table `dayoff_requests`
--

INSERT INTO `dayoff_requests` (`schedule_id`, `day_id`, `employee_id`, `urgent`, `status`, `reason`) VALUES
(1, 2, 11, 1, 'pending', NULL);

-- --------------------------------------------------------

--
-- Table structure for table `days`
--

CREATE TABLE `days` (
  `id` int(20) NOT NULL,
  `date` date NOT NULL,
  `schedule_id` int(20) NOT NULL,
  `security_needed` varchar(40) NOT NULL DEFAULT '2 2 2',
  `cashiers_needed` varchar(40) NOT NULL DEFAULT '5 5 5',
  `stockers_needed` varchar(40) NOT NULL DEFAULT '5 5 5',
  `sales_assistants_needed` varchar(40) NOT NULL DEFAULT '4 4 4',
  `warehouse_managers_needed` varchar(40) NOT NULL DEFAULT '1 1 1',
  `week_id` int(20) NOT NULL,
  `security_assigned` varchar(40) NOT NULL DEFAULT '0 0 0',
  `cashiers_assigned` varchar(40) NOT NULL DEFAULT '0 0 0',
  `stockers_assigned` varchar(40) NOT NULL DEFAULT '0 0 0',
  `sales_assistants_assigned` varchar(40) NOT NULL DEFAULT '0 0 0',
  `warehouse_managers_assigned` varchar(40) NOT NULL DEFAULT '0 0 0'
) ENGINE=InnoDB DEFAULT CHARSET=utf8;

--
-- Dumping data for table `days`
--

INSERT INTO `days` (`id`, `date`, `schedule_id`, `security_needed`, `cashiers_needed`, `stockers_needed`, `sales_assistants_needed`, `warehouse_managers_needed`, `week_id`, `security_assigned`, `cashiers_assigned`, `stockers_assigned`, `sales_assistants_assigned`, `warehouse_managers_assigned`) VALUES
(1, '2021-01-04', 1, '2 2 2', '4 4 6', '5 5 5', '4 4 4', '1 1 1', 1, '0 0 0', '0 0 0', '0 0 0', '0 0 0', '0 0 0'),
(2, '2021-01-05', 1, '6 6 6', '5 5 5', '5 5 5', '4 4 4', '1 1 1', 1, '0 0 0', '0 0 0', '0 0 0', '0 0 0', '0 0 0'),
(3, '2021-01-06', 1, '2 2 2', '5 5 5', '4 4 8', '4 4 4', '1 1 1', 1, '0 0 0', '0 0 0', '0 0 0', '0 0 0', '0 0 0'),
(4, '2021-01-07', 1, '2 2 2', '5 5 5', '5 5 5', '4 4 4', '1 1 1', 1, '0 0 0', '0 0 0', '0 0 0', '0 0 0', '0 0 0'),
(5, '2021-01-08', 1, '2 2 2', '5 5 5', '5 5 5', '4 4 4', '1 1 1', 1, '0 0 0', '0 0 0', '0 0 0', '0 0 0', '0 0 0'),
(6, '2021-01-09', 1, '2 2 2', '5 5 5', '5 5 5', '4 4 4', '1 1 1', 1, '0 0 0', '0 0 0', '0 0 0', '0 0 0', '0 0 0'),
(7, '2021-01-10', 1, '2 2 2', '5 5 5', '5 5 5', '4 4 4', '1 1 1', 1, '0 0 0', '0 0 0', '0 0 0', '0 0 0', '0 0 0'),
(8, '2021-01-11', 1, '2 2 2', '5 5 5', '5 5 5', '4 4 4', '1 1 1', 2, '0 0 0', '0 0 0', '0 0 0', '0 0 0', '0 0 0'),
(9, '2021-01-12', 1, '6 6 6', '5 5 5', '5 5 5', '4 4 4', '1 1 1', 2, '0 0 0', '0 0 0', '0 0 0', '0 0 0', '0 0 0'),
(10, '2021-01-13', 1, '2 2 2', '5 5 5', '5 5 5', '4 4 4', '1 1 1', 2, '0 0 0', '0 0 0', '0 0 0', '0 0 0', '0 0 0'),
(11, '2021-01-14', 1, '2 2 2', '5 5 5', '5 5 5', '4 4 4', '1 1 1', 2, '0 0 0', '0 0 0', '0 0 0', '0 0 0', '0 0 0'),
(12, '2021-01-15', 1, '2 2 2', '5 5 5', '5 5 5', '4 4 4', '1 1 1', 2, '0 0 0', '0 0 0', '0 0 0', '0 0 0', '0 0 0'),
(13, '2021-01-16', 1, '2 2 2', '5 5 5', '5 5 5', '4 4 4', '1 1 1', 2, '0 0 0', '0 0 0', '0 0 0', '0 0 0', '0 0 0'),
(14, '2021-01-17', 1, '2 2 2', '5 5 5', '5 5 5', '4 4 4', '1 1 1', 2, '0 0 0', '0 0 0', '0 0 0', '0 0 0', '0 0 0'),
(15, '2021-01-18', 2, '2 2 2', '5 5 5', '5 5 5', '4 4 4', '1 1 1', 3, '0 0 0', '0 0 0', '0 0 0', '0 0 0', '0 0 0'),
(16, '2021-01-19', 2, '2 2 2', '5 5 5', '5 5 5', '4 4 4', '1 1 1', 3, '0 0 0', '0 0 0', '0 0 0', '0 0 0', '0 0 0'),
(17, '2021-01-20', 2, '2 2 2', '5 5 5', '5 5 5', '4 4 4', '1 1 1', 3, '0 0 0', '0 0 0', '0 0 0', '0 0 0', '0 0 0'),
(18, '2021-01-21', 2, '2 2 2', '5 5 5', '5 5 5', '4 4 4', '1 1 1', 3, '0 0 0', '0 0 0', '0 0 0', '0 0 0', '0 0 0'),
(19, '2021-01-22', 2, '2 2 2', '5 5 5', '5 5 5', '4 4 4', '1 1 1', 3, '0 0 0', '0 0 0', '0 0 0', '0 0 0', '0 0 0'),
(20, '2021-01-23', 2, '2 2 2', '5 5 5', '5 5 5', '4 4 4', '1 1 1', 3, '0 0 0', '0 0 0', '0 0 0', '0 0 0', '0 0 0'),
(21, '2021-01-24', 2, '2 2 2', '5 5 5', '5 5 5', '4 4 4', '1 1 1', 3, '0 0 0', '0 0 0', '0 0 0', '0 0 0', '0 0 0'),
(22, '2021-01-25', 2, '2 2 2', '5 5 5', '5 5 5', '4 4 4', '1 1 1', 4, '0 0 0', '0 0 0', '0 0 0', '0 0 0', '0 0 0'),
(23, '2021-01-26', 2, '2 2 2', '5 5 5', '5 5 5', '4 4 4', '1 1 1', 4, '0 0 0', '0 0 0', '0 0 0', '0 0 0', '0 0 0'),
(24, '2021-01-27', 2, '2 2 2', '5 5 5', '5 5 5', '4 4 4', '1 1 1', 4, '0 0 0', '0 0 0', '0 0 0', '0 0 0', '0 0 0'),
(25, '2021-01-28', 2, '2 2 2', '5 5 5', '5 5 5', '4 4 4', '1 1 1', 4, '0 0 0', '0 0 0', '0 0 0', '0 0 0', '0 0 0'),
(26, '2021-01-29', 2, '2 2 2', '5 5 5', '5 5 5', '4 4 4', '1 1 1', 4, '0 0 0', '0 0 0', '0 0 0', '0 0 0', '0 0 0'),
(27, '2021-01-30', 2, '2 2 2', '5 5 5', '5 5 5', '4 4 4', '1 1 1', 4, '0 0 0', '0 0 0', '0 0 0', '0 0 0', '0 0 0'),
(28, '2021-01-31', 2, '2 2 2', '5 5 5', '5 5 5', '4 4 4', '1 1 1', 4, '0 0 0', '0 0 0', '0 0 0', '0 0 0', '0 0 0'),
(29, '2021-02-01', 3, '2 2 2', '5 5 5', '5 5 5', '4 4 4', '1 1 1', 5, '0 0 0', '0 0 0', '0 0 0', '0 0 0', '0 0 0'),
(30, '2021-02-02', 3, '2 2 2', '5 5 5', '5 5 5', '4 4 4', '1 1 1', 5, '0 0 0', '0 0 0', '0 0 0', '0 0 0', '0 0 0'),
(31, '2021-02-03', 3, '2 2 2', '5 5 5', '5 5 5', '4 4 4', '1 1 1', 5, '0 0 0', '0 0 0', '0 0 0', '0 0 0', '0 0 0'),
(32, '2021-02-04', 3, '2 2 2', '5 5 5', '5 5 5', '4 4 4', '1 1 1', 5, '0 0 0', '0 0 0', '0 0 0', '0 0 0', '0 0 0'),
(33, '2021-02-05', 3, '2 2 2', '5 5 5', '5 5 5', '4 4 4', '1 1 1', 5, '0 0 0', '0 0 0', '0 0 0', '0 0 0', '0 0 0'),
(34, '2021-02-06', 3, '2 2 2', '5 5 5', '5 5 5', '4 4 4', '1 1 1', 5, '0 0 0', '0 0 0', '0 0 0', '0 0 0', '0 0 0'),
(35, '2021-02-07', 3, '2 2 2', '5 5 5', '5 5 5', '4 4 4', '1 1 1', 5, '0 0 0', '0 0 0', '0 0 0', '0 0 0', '0 0 0'),
(36, '2021-02-08', 3, '2 2 2', '5 5 5', '5 5 5', '4 4 4', '1 1 1', 6, '0 0 0', '0 0 0', '0 0 0', '0 0 0', '0 0 0'),
(37, '2021-02-09', 3, '2 2 2', '5 5 5', '5 5 5', '4 4 4', '1 1 1', 6, '0 0 0', '0 0 0', '0 0 0', '0 0 0', '0 0 0'),
(38, '2021-02-10', 3, '2 2 2', '5 5 5', '5 5 5', '4 4 4', '1 1 1', 6, '0 0 0', '0 0 0', '0 0 0', '0 0 0', '0 0 0'),
(39, '2021-02-11', 3, '2 2 2', '5 5 5', '5 5 5', '4 4 4', '1 1 1', 6, '0 0 0', '0 0 0', '0 0 0', '0 0 0', '0 0 0'),
(40, '2021-02-12', 3, '2 2 2', '5 5 5', '5 5 5', '4 4 4', '1 1 1', 6, '0 0 0', '0 0 0', '0 0 0', '0 0 0', '0 0 0'),
(41, '2021-02-13', 3, '2 2 2', '5 5 5', '5 5 5', '4 4 4', '1 1 1', 6, '0 0 0', '0 0 0', '0 0 0', '0 0 0', '0 0 0'),
(42, '2021-02-14', 3, '2 2 2', '5 5 5', '5 5 5', '4 4 4', '1 1 1', 6, '0 0 0', '0 0 0', '0 0 0', '0 0 0', '0 0 0'),
(43, '2021-02-15', 4, '2 2 2', '5 5 5', '5 5 5', '4 4 4', '1 1 1', 7, '0 0 0', '0 0 0', '0 0 0', '0 0 0', '0 0 0'),
(44, '2021-02-16', 4, '2 2 2', '5 5 5', '5 5 5', '4 4 4', '1 1 1', 7, '0 0 0', '0 0 0', '0 0 0', '0 0 0', '0 0 0'),
(45, '2021-02-17', 4, '2 2 2', '5 5 5', '5 5 5', '4 4 4', '1 1 1', 7, '0 0 0', '0 0 0', '0 0 0', '0 0 0', '0 0 0'),
(46, '2021-02-18', 4, '2 2 2', '5 5 5', '5 5 5', '4 4 4', '1 1 1', 7, '0 0 0', '0 0 0', '0 0 0', '0 0 0', '0 0 0'),
(47, '2021-02-19', 4, '2 2 2', '5 5 5', '5 5 5', '4 4 4', '1 1 1', 7, '0 0 0', '0 0 0', '0 0 0', '0 0 0', '0 0 0'),
(48, '2021-02-20', 4, '2 2 2', '5 5 5', '5 5 5', '4 4 4', '1 1 1', 7, '0 0 0', '0 0 0', '0 0 0', '0 0 0', '0 0 0'),
(49, '2021-02-21', 4, '2 2 2', '5 5 5', '5 5 5', '4 4 4', '1 1 1', 7, '0 0 0', '0 0 0', '0 0 0', '0 0 0', '0 0 0'),
(50, '2021-02-22', 4, '2 2 2', '5 5 5', '5 5 5', '4 4 4', '1 1 1', 8, '0 0 0', '0 0 0', '0 0 0', '0 0 0', '0 0 0'),
(51, '2021-02-23', 4, '2 2 2', '5 5 5', '5 5 5', '4 4 4', '1 1 1', 8, '0 0 0', '0 0 0', '0 0 0', '0 0 0', '0 0 0'),
(52, '2021-02-24', 4, '2 2 2', '5 5 5', '5 5 5', '4 4 4', '1 1 1', 8, '0 0 0', '0 0 0', '0 0 0', '0 0 0', '0 0 0'),
(53, '2021-02-25', 4, '2 2 2', '5 5 5', '5 5 5', '4 4 4', '1 1 1', 8, '0 0 0', '0 0 0', '0 0 0', '0 0 0', '0 0 0'),
(54, '2021-02-26', 4, '2 2 2', '5 5 5', '5 5 5', '4 4 4', '1 1 1', 8, '0 0 0', '0 0 0', '0 0 0', '0 0 0', '0 0 0'),
(55, '2021-02-27', 4, '2 2 2', '5 5 5', '5 5 5', '4 4 4', '1 1 1', 8, '0 0 0', '0 0 0', '0 0 0', '0 0 0', '0 0 0'),
(56, '2021-02-28', 4, '2 2 2', '5 5 5', '5 5 5', '4 4 4', '1 1 1', 8, '0 0 0', '0 0 0', '0 0 0', '0 0 0', '0 0 0'),
(57, '2021-03-01', 5, '2 2 2', '5 5 5', '5 5 5', '4 4 4', '1 1 1', 9, '0 0 0', '0 0 0', '0 0 0', '0 0 0', '0 0 0'),
(58, '2021-03-02', 5, '2 2 2', '5 5 5', '5 5 5', '4 4 4', '1 1 1', 9, '0 0 0', '0 0 0', '0 0 0', '0 0 0', '0 0 0'),
(59, '2021-03-03', 5, '2 2 2', '5 5 5', '5 5 5', '4 4 4', '1 1 1', 9, '0 0 0', '0 0 0', '0 0 0', '0 0 0', '0 0 0'),
(60, '2021-03-04', 5, '2 2 2', '5 5 5', '5 5 5', '4 4 4', '1 1 1', 9, '0 0 0', '0 0 0', '0 0 0', '0 0 0', '0 0 0'),
(61, '2021-03-05', 5, '2 2 2', '5 5 5', '5 5 5', '4 4 4', '1 1 1', 9, '0 0 0', '0 0 0', '0 0 0', '0 0 0', '0 0 0'),
(62, '2021-03-06', 5, '2 2 2', '5 5 5', '5 5 5', '4 4 4', '1 1 1', 9, '0 0 0', '0 0 0', '0 0 0', '0 0 0', '0 0 0'),
(63, '2021-03-07', 5, '2 2 2', '5 5 5', '5 5 5', '4 4 4', '1 1 1', 9, '0 0 0', '0 0 0', '0 0 0', '0 0 0', '0 0 0'),
(64, '2021-03-08', 5, '2 2 2', '5 5 5', '5 5 5', '4 4 4', '1 1 1', 10, '0 0 0', '0 0 0', '0 0 0', '0 0 0', '0 0 0'),
(65, '2021-03-09', 5, '2 2 2', '5 5 5', '5 5 5', '4 4 4', '1 1 1', 10, '0 0 0', '0 0 0', '0 0 0', '0 0 0', '0 0 0'),
(66, '2021-03-10', 5, '2 2 2', '5 5 5', '5 5 5', '4 4 4', '1 1 1', 10, '0 0 0', '0 0 0', '0 0 0', '0 0 0', '0 0 0'),
(67, '2021-03-11', 5, '2 2 2', '5 5 5', '5 5 5', '4 4 4', '1 1 1', 10, '0 0 0', '0 0 0', '0 0 0', '0 0 0', '0 0 0'),
(68, '2021-03-12', 5, '2 2 2', '5 5 5', '5 5 5', '4 4 4', '1 1 1', 10, '0 0 0', '0 0 0', '0 0 0', '0 0 0', '0 0 0'),
(69, '2021-03-13', 5, '2 2 2', '5 5 5', '5 5 5', '4 4 4', '1 1 1', 10, '0 0 0', '0 0 0', '0 0 0', '0 0 0', '0 0 0'),
(70, '2021-03-14', 5, '2 2 2', '5 5 5', '5 5 5', '4 4 4', '1 1 1', 10, '0 0 0', '0 0 0', '0 0 0', '0 0 0', '0 0 0'),
(71, '2021-03-15', 6, '2 2 2', '5 5 5', '5 5 5', '4 4 4', '1 1 1', 11, '0 0 0', '0 0 0', '0 0 0', '0 0 0', '0 0 0'),
(72, '2021-03-16', 6, '2 2 2', '5 5 5', '5 5 5', '4 4 4', '1 1 1', 11, '0 0 0', '0 0 0', '0 0 0', '0 0 0', '0 0 0'),
(73, '2021-03-17', 6, '2 2 2', '5 5 5', '5 5 5', '4 4 4', '1 1 1', 11, '0 0 0', '0 0 0', '0 0 0', '0 0 0', '0 0 0'),
(74, '2021-03-18', 6, '2 2 2', '5 5 5', '5 5 5', '4 4 4', '1 1 1', 11, '0 0 0', '0 0 0', '0 0 0', '0 0 0', '0 0 0'),
(75, '2021-03-19', 6, '2 2 2', '5 5 5', '5 5 5', '4 4 4', '1 1 1', 11, '0 0 0', '0 0 0', '0 0 0', '0 0 0', '0 0 0'),
(76, '2021-03-20', 6, '2 2 2', '5 5 5', '5 5 5', '4 4 4', '1 1 1', 11, '0 0 0', '0 0 0', '0 0 0', '0 0 0', '0 0 0'),
(77, '2021-03-21', 6, '2 2 2', '5 5 5', '5 5 5', '4 4 4', '1 1 1', 11, '0 0 0', '0 0 0', '0 0 0', '0 0 0', '0 0 0'),
(78, '2021-03-22', 6, '2 2 2', '5 5 5', '5 5 5', '4 4 4', '1 1 1', 12, '0 0 0', '0 0 0', '0 0 0', '0 0 0', '0 0 0'),
(79, '2021-03-23', 6, '2 2 2', '5 5 5', '5 5 5', '4 4 4', '1 1 1', 12, '0 0 0', '0 0 0', '0 0 0', '0 0 0', '0 0 0'),
(80, '2021-03-24', 6, '2 2 2', '5 5 5', '5 5 5', '4 4 4', '1 1 1', 12, '0 0 0', '0 0 0', '0 0 0', '0 0 0', '0 0 0'),
(81, '2021-03-25', 6, '2 2 2', '5 5 5', '5 5 5', '4 4 4', '1 1 1', 12, '0 0 0', '0 0 0', '0 0 0', '0 0 0', '0 0 0'),
(82, '2021-03-26', 6, '2 2 2', '5 5 5', '5 5 5', '4 4 4', '1 1 1', 12, '0 0 0', '0 0 0', '0 0 0', '0 0 0', '0 0 0'),
(83, '2021-03-27', 6, '2 2 2', '5 5 5', '5 5 5', '4 4 4', '1 1 1', 12, '0 0 0', '0 0 0', '0 0 0', '0 0 0', '0 0 0'),
(84, '2021-03-28', 6, '2 2 2', '5 5 5', '5 5 5', '4 4 4', '1 1 1', 12, '0 0 0', '0 0 0', '0 0 0', '0 0 0', '0 0 0'),
(85, '2021-03-29', 7, '2 2 2', '5 5 5', '5 5 5', '4 4 4', '1 1 1', 13, '0 0 0', '0 0 0', '0 0 0', '0 0 0', '0 0 0'),
(86, '2021-03-30', 7, '2 2 2', '5 5 5', '5 5 5', '4 4 4', '1 1 1', 13, '0 0 0', '0 0 0', '0 0 0', '0 0 0', '0 0 0'),
(87, '2021-03-31', 7, '2 2 2', '5 5 5', '5 5 5', '4 4 4', '1 1 1', 13, '0 0 0', '0 0 0', '0 0 0', '0 0 0', '0 0 0'),
(88, '2021-04-01', 7, '2 2 2', '5 5 5', '5 5 5', '4 4 4', '1 1 1', 13, '0 0 0', '0 0 0', '0 0 0', '0 0 0', '0 0 0'),
(89, '2021-04-02', 7, '2 2 2', '5 5 5', '5 5 5', '4 4 4', '1 1 1', 13, '0 0 0', '0 0 0', '0 0 0', '0 0 0', '0 0 0'),
(90, '2021-04-03', 7, '2 2 2', '5 5 5', '5 5 5', '4 4 4', '1 1 1', 13, '0 0 0', '0 0 0', '0 0 0', '0 0 0', '0 0 0'),
(91, '2021-04-04', 7, '2 2 2', '5 5 5', '5 5 5', '4 4 4', '1 1 1', 13, '0 0 0', '0 0 0', '0 0 0', '0 0 0', '0 0 0'),
(92, '2021-04-05', 7, '2 2 2', '5 5 5', '5 5 5', '4 4 4', '1 1 1', 14, '0 0 0', '0 0 0', '0 0 0', '0 0 0', '0 0 0'),
(93, '2021-04-06', 7, '2 2 2', '5 5 5', '5 5 5', '4 4 4', '1 1 1', 14, '0 0 0', '0 0 0', '0 0 0', '0 0 0', '0 0 0'),
(94, '2021-04-07', 7, '2 2 2', '5 5 5', '5 5 5', '4 4 4', '1 1 1', 14, '0 0 0', '0 0 0', '0 0 0', '0 0 0', '0 0 0'),
(95, '2021-04-08', 7, '2 2 2', '5 5 5', '5 5 5', '4 4 4', '1 1 1', 14, '0 0 0', '0 0 0', '0 0 0', '0 0 0', '0 0 0'),
(96, '2021-04-09', 7, '2 2 2', '5 5 5', '5 5 5', '4 4 4', '1 1 1', 14, '0 0 0', '0 0 0', '0 0 0', '0 0 0', '0 0 0'),
(97, '2021-04-10', 7, '2 2 2', '5 5 5', '5 5 5', '4 4 4', '1 1 1', 14, '0 0 0', '0 0 0', '0 0 0', '0 0 0', '0 0 0'),
(98, '2021-04-11', 7, '2 2 2', '5 5 5', '5 5 5', '4 4 4', '1 1 1', 14, '0 0 0', '0 0 0', '0 0 0', '0 0 0', '0 0 0'),
(99, '2021-04-12', 8, '2 2 2', '5 5 5', '5 5 5', '4 4 4', '1 1 1', 15, '0 0 0', '0 0 0', '0 0 0', '0 0 0', '0 0 0'),
(100, '2021-04-13', 8, '2 2 2', '5 5 5', '5 5 5', '4 4 4', '1 1 1', 15, '0 0 0', '0 0 0', '0 0 0', '0 0 0', '0 0 0'),
(101, '2021-04-14', 8, '2 2 2', '5 5 5', '5 5 5', '4 4 4', '1 1 1', 15, '0 0 0', '0 0 0', '0 0 0', '0 0 0', '0 0 0'),
(102, '2021-04-15', 8, '2 2 2', '5 5 5', '5 5 5', '4 4 4', '1 1 1', 15, '0 0 0', '0 0 0', '0 0 0', '0 0 0', '0 0 0'),
(103, '2021-04-16', 8, '2 2 2', '5 5 5', '5 5 5', '4 4 4', '1 1 1', 15, '0 0 0', '0 0 0', '0 0 0', '0 0 0', '0 0 0'),
(104, '2021-04-17', 8, '2 2 2', '5 5 5', '5 5 5', '4 4 4', '1 1 1', 15, '0 0 0', '0 0 0', '0 0 0', '0 0 0', '0 0 0'),
(105, '2021-04-18', 8, '2 2 2', '5 5 5', '5 5 5', '4 4 4', '1 1 1', 15, '0 0 0', '0 0 0', '0 0 0', '0 0 0', '0 0 0'),
(106, '2021-04-19', 8, '2 2 2', '5 5 5', '5 5 5', '4 4 4', '1 1 1', 16, '0 0 0', '0 0 0', '0 0 0', '0 0 0', '0 0 0'),
(107, '2021-04-20', 8, '2 2 2', '5 5 5', '5 5 5', '4 4 4', '1 1 1', 16, '0 0 0', '0 0 0', '0 0 0', '0 0 0', '0 0 0'),
(108, '2021-04-21', 8, '2 2 2', '5 5 5', '5 5 5', '4 4 4', '1 1 1', 16, '0 0 0', '0 0 0', '0 0 0', '0 0 0', '0 0 0'),
(109, '2021-04-22', 8, '2 2 2', '5 5 5', '5 5 5', '4 4 4', '1 1 1', 16, '0 0 0', '0 0 0', '0 0 0', '0 0 0', '0 0 0'),
(110, '2021-04-23', 8, '2 2 2', '5 5 5', '5 5 5', '4 4 4', '1 1 1', 16, '0 0 0', '0 0 0', '0 0 0', '0 0 0', '0 0 0'),
(111, '2021-04-24', 8, '2 2 2', '5 5 5', '5 5 5', '4 4 4', '1 1 1', 16, '0 0 0', '0 0 0', '0 0 0', '0 0 0', '0 0 0'),
(112, '2021-04-25', 8, '2 2 2', '5 5 5', '5 5 5', '4 4 4', '1 1 1', 16, '0 0 0', '0 0 0', '0 0 0', '0 0 0', '0 0 0'),
(113, '2021-04-26', 9, '2 2 2', '5 5 5', '5 5 5', '4 4 4', '1 1 1', 17, '0 0 0', '0 0 0', '0 0 0', '0 0 0', '0 0 0'),
(114, '2021-04-27', 9, '2 2 2', '5 5 5', '5 5 5', '4 4 4', '1 1 1', 17, '0 0 0', '0 0 0', '0 0 0', '0 0 0', '0 0 0'),
(115, '2021-04-28', 9, '2 2 2', '5 5 5', '5 5 5', '4 4 4', '1 1 1', 17, '0 0 0', '0 0 0', '0 0 0', '0 0 0', '0 0 0'),
(116, '2021-04-29', 9, '2 2 2', '5 5 5', '5 5 5', '4 4 4', '1 1 1', 17, '0 0 0', '0 0 0', '0 0 0', '0 0 0', '0 0 0'),
(117, '2021-04-30', 9, '2 2 2', '5 5 5', '5 5 5', '4 4 4', '1 1 1', 17, '0 0 0', '0 0 0', '0 0 0', '0 0 0', '0 0 0'),
(118, '2021-05-01', 9, '2 2 2', '5 5 5', '5 5 5', '4 4 4', '1 1 1', 17, '0 0 0', '0 0 0', '0 0 0', '0 0 0', '0 0 0'),
(119, '2021-05-02', 9, '2 2 2', '5 5 5', '5 5 5', '4 4 4', '1 1 1', 17, '0 0 0', '0 0 0', '0 0 0', '0 0 0', '0 0 0'),
(120, '2021-05-03', 9, '2 2 2', '5 5 5', '5 5 5', '4 4 4', '1 1 1', 18, '0 0 0', '0 0 0', '0 0 0', '0 0 0', '0 0 0'),
(121, '2021-05-04', 9, '2 2 2', '5 5 5', '5 5 5', '4 4 4', '1 1 1', 18, '0 0 0', '0 0 0', '0 0 0', '0 0 0', '0 0 0'),
(122, '2021-05-05', 9, '2 2 2', '5 5 5', '5 5 5', '4 4 4', '1 1 1', 18, '0 0 0', '0 0 0', '0 0 0', '0 0 0', '0 0 0'),
(123, '2021-05-06', 9, '2 2 2', '5 5 5', '5 5 5', '4 4 4', '1 1 1', 18, '0 0 0', '0 0 0', '0 0 0', '0 0 0', '0 0 0'),
(124, '2021-05-07', 9, '2 2 2', '5 5 5', '5 5 5', '4 4 4', '1 1 1', 18, '0 0 0', '0 0 0', '0 0 0', '0 0 0', '0 0 0'),
(125, '2021-05-08', 9, '2 2 2', '5 5 5', '5 5 5', '4 4 4', '1 1 1', 18, '0 0 0', '0 0 0', '0 0 0', '0 0 0', '0 0 0'),
(126, '2021-05-09', 9, '2 2 2', '5 5 5', '5 5 5', '4 4 4', '1 1 1', 18, '0 0 0', '0 0 0', '0 0 0', '0 0 0', '0 0 0'),
(127, '2021-05-10', 10, '2 2 2', '5 5 5', '5 5 5', '4 4 4', '1 1 1', 19, '0 0 0', '0 0 0', '0 0 0', '0 0 0', '0 0 0'),
(128, '2021-05-11', 10, '2 2 2', '5 5 5', '5 5 5', '4 4 4', '1 1 1', 19, '0 0 0', '0 0 0', '0 0 0', '0 0 0', '0 0 0'),
(129, '2021-05-12', 10, '2 2 2', '5 5 5', '5 5 5', '4 4 4', '1 1 1', 19, '0 0 0', '0 0 0', '0 0 0', '0 0 0', '0 0 0'),
(130, '2021-05-13', 10, '2 2 2', '5 5 5', '5 5 5', '4 4 4', '1 1 1', 19, '0 0 0', '0 0 0', '0 0 0', '0 0 0', '0 0 0'),
(131, '2021-05-14', 10, '2 2 2', '5 5 5', '5 5 5', '4 4 4', '1 1 1', 19, '0 0 0', '0 0 0', '0 0 0', '0 0 0', '0 0 0'),
(132, '2021-05-15', 10, '2 2 2', '5 5 5', '5 5 5', '4 4 4', '1 1 1', 19, '0 0 0', '0 0 0', '0 0 0', '0 0 0', '0 0 0'),
(133, '2021-05-16', 10, '2 2 2', '5 5 5', '5 5 5', '4 4 4', '1 1 1', 19, '0 0 0', '0 0 0', '0 0 0', '0 0 0', '0 0 0'),
(134, '2021-05-17', 10, '2 2 2', '5 5 5', '5 5 5', '4 4 4', '1 1 1', 20, '0 0 0', '0 0 0', '0 0 0', '0 0 0', '0 0 0'),
(135, '2021-05-18', 10, '2 2 2', '5 5 5', '5 5 5', '4 4 4', '1 1 1', 20, '0 0 0', '0 0 0', '0 0 0', '0 0 0', '0 0 0'),
(136, '2021-05-19', 10, '2 2 2', '5 5 5', '5 5 5', '4 4 4', '1 1 1', 20, '0 0 0', '0 0 0', '0 0 0', '0 0 0', '0 0 0'),
(137, '2021-05-20', 10, '2 2 2', '5 5 5', '5 5 5', '4 4 4', '1 1 1', 20, '0 0 0', '0 0 0', '0 0 0', '0 0 0', '0 0 0'),
(138, '2021-05-21', 10, '2 2 2', '5 5 5', '5 5 5', '4 4 4', '1 1 1', 20, '0 0 0', '0 0 0', '0 0 0', '0 0 0', '0 0 0'),
(139, '2021-05-22', 10, '2 2 2', '5 5 5', '5 5 5', '4 4 4', '1 1 1', 20, '0 0 0', '0 0 0', '0 0 0', '0 0 0', '0 0 0'),
(140, '2021-05-23', 10, '2 2 2', '5 5 5', '5 5 5', '4 4 4', '1 1 1', 20, '0 0 0', '0 0 0', '0 0 0', '0 0 0', '0 0 0'),
(141, '2021-05-24', 11, '2 2 2', '5 5 5', '5 5 5', '4 4 4', '1 1 1', 21, '0 0 0', '0 0 0', '0 0 0', '0 0 0', '0 0 0'),
(142, '2021-05-25', 11, '2 2 2', '5 5 5', '5 5 5', '4 4 4', '1 1 1', 21, '0 0 0', '0 0 0', '0 0 0', '0 0 0', '0 0 0'),
(143, '2021-05-26', 11, '2 2 2', '5 5 5', '5 5 5', '4 4 4', '1 1 1', 21, '0 0 0', '0 0 0', '0 0 0', '0 0 0', '0 0 0'),
(144, '2021-05-27', 11, '2 2 2', '5 5 5', '5 5 5', '4 4 4', '1 1 1', 21, '0 0 0', '0 0 0', '0 0 0', '0 0 0', '0 0 0'),
(145, '2021-05-28', 11, '2 2 2', '5 5 5', '5 5 5', '4 4 4', '1 1 1', 21, '0 0 0', '0 0 0', '0 0 0', '0 0 0', '0 0 0'),
(146, '2021-05-29', 11, '2 2 2', '5 5 5', '5 5 5', '4 4 4', '1 1 1', 21, '0 0 0', '0 0 0', '0 0 0', '0 0 0', '0 0 0'),
(147, '2021-05-30', 11, '2 2 2', '5 5 5', '5 5 5', '4 4 4', '1 1 1', 21, '0 0 0', '0 0 0', '0 0 0', '0 0 0', '0 0 0'),
(148, '2021-05-31', 11, '2 2 2', '5 5 5', '5 5 5', '4 4 4', '1 1 1', 22, '0 0 0', '0 0 0', '0 0 0', '0 0 0', '0 0 0'),
(149, '2021-06-01', 11, '2 2 2', '5 5 5', '5 5 5', '4 4 4', '1 1 1', 22, '0 0 0', '0 0 0', '0 0 0', '0 0 0', '0 0 0'),
(150, '2021-06-02', 11, '2 2 2', '5 5 5', '5 5 5', '4 4 4', '1 1 1', 22, '0 0 0', '0 0 0', '0 0 0', '0 0 0', '0 0 0'),
(151, '2021-06-03', 11, '2 2 2', '5 5 5', '5 5 5', '4 4 4', '1 1 1', 22, '0 0 0', '0 0 0', '0 0 0', '0 0 0', '0 0 0'),
(152, '2021-06-04', 11, '2 2 2', '5 5 5', '5 5 5', '4 4 4', '1 1 1', 22, '0 0 0', '0 0 0', '0 0 0', '0 0 0', '0 0 0'),
(153, '2021-06-05', 11, '2 2 2', '5 5 5', '5 5 5', '4 4 4', '1 1 1', 22, '0 0 0', '0 0 0', '0 0 0', '0 0 0', '0 0 0'),
(154, '2021-06-06', 11, '2 2 2', '5 5 5', '5 5 5', '4 4 4', '1 1 1', 22, '0 0 0', '0 0 0', '0 0 0', '0 0 0', '0 0 0'),
(155, '2021-06-07', 12, '2 2 2', '5 5 5', '5 5 5', '4 4 4', '1 1 1', 23, '0 0 0', '0 0 0', '0 0 0', '0 0 0', '0 0 0'),
(156, '2021-06-08', 12, '2 2 2', '5 5 5', '5 5 5', '4 4 4', '1 1 1', 23, '0 0 0', '0 0 0', '0 0 0', '0 0 0', '0 0 0'),
(157, '2021-06-09', 12, '2 2 2', '5 5 5', '5 5 5', '4 4 4', '1 1 1', 23, '0 0 0', '0 0 0', '0 0 0', '0 0 0', '0 0 0'),
(158, '2021-06-10', 12, '2 2 2', '5 5 5', '5 5 5', '4 4 4', '1 1 1', 23, '0 0 0', '0 0 0', '0 0 0', '0 0 0', '0 0 0'),
(159, '2021-06-11', 12, '2 2 2', '5 5 5', '5 5 5', '4 4 4', '1 1 1', 23, '0 0 0', '0 0 0', '0 0 0', '0 0 0', '0 0 0'),
(160, '2021-06-12', 12, '2 2 2', '5 5 5', '5 5 5', '4 4 4', '1 1 1', 23, '0 0 0', '0 0 0', '0 0 0', '0 0 0', '0 0 0'),
(161, '2021-06-13', 12, '2 2 2', '5 5 5', '5 5 5', '4 4 4', '1 1 1', 23, '0 0 0', '0 0 0', '0 0 0', '0 0 0', '0 0 0'),
(162, '2021-06-14', 12, '2 2 2', '5 5 5', '5 5 5', '4 4 4', '1 1 1', 24, '0 0 0', '0 0 0', '0 0 0', '0 0 0', '0 0 0'),
(163, '2021-06-15', 12, '2 2 2', '5 5 5', '5 5 5', '4 4 4', '1 1 1', 24, '0 0 0', '0 0 0', '0 0 0', '0 0 0', '0 0 0'),
(164, '2021-06-16', 12, '2 2 2', '5 5 5', '5 5 5', '4 4 4', '1 1 1', 24, '0 0 0', '0 0 0', '0 0 0', '0 0 0', '0 0 0'),
(165, '2021-06-17', 12, '2 2 2', '5 5 5', '5 5 5', '4 4 4', '1 1 1', 24, '0 0 0', '0 0 0', '0 0 0', '0 0 0', '0 0 0'),
(166, '2021-06-18', 12, '2 2 2', '5 5 5', '5 5 5', '4 4 4', '1 1 1', 24, '0 0 0', '0 0 0', '0 0 0', '0 0 0', '0 0 0'),
(167, '2021-06-19', 12, '2 2 2', '5 5 5', '5 5 5', '4 4 4', '1 1 1', 24, '0 0 0', '0 0 0', '0 0 0', '0 0 0', '0 0 0'),
(168, '2021-06-20', 12, '2 2 2', '5 5 5', '5 5 5', '4 4 4', '1 1 1', 24, '0 0 0', '0 0 0', '0 0 0', '0 0 0', '0 0 0'),
(169, '2021-06-21', 13, '2 2 2', '5 5 5', '5 5 5', '4 4 4', '1 1 1', 25, '0 0 0', '0 0 0', '0 0 0', '0 0 0', '0 0 0'),
(170, '2021-06-22', 13, '2 2 2', '5 5 5', '5 5 5', '4 4 4', '1 1 1', 25, '0 0 0', '0 0 0', '0 0 0', '0 0 0', '0 0 0'),
(171, '2021-06-23', 13, '2 2 2', '5 5 5', '5 5 5', '4 4 4', '1 1 1', 25, '0 0 0', '0 0 0', '0 0 0', '0 0 0', '0 0 0'),
(172, '2021-06-24', 13, '2 2 2', '5 5 5', '5 5 5', '4 4 4', '1 1 1', 25, '0 0 0', '0 0 0', '0 0 0', '0 0 0', '0 0 0'),
(173, '2021-06-25', 13, '2 2 2', '5 5 5', '5 5 5', '4 4 4', '1 1 1', 25, '0 0 0', '0 0 0', '0 0 0', '0 0 0', '0 0 0'),
(174, '2021-06-26', 13, '2 2 2', '5 5 5', '5 5 5', '4 4 4', '1 1 1', 25, '0 0 0', '0 0 0', '0 0 0', '0 0 0', '0 0 0'),
(175, '2021-06-27', 13, '2 2 2', '5 5 5', '5 5 5', '4 4 4', '1 1 1', 25, '0 0 0', '0 0 0', '0 0 0', '0 0 0', '0 0 0'),
(176, '2021-06-28', 13, '2 2 2', '5 5 5', '5 5 5', '4 4 4', '1 1 1', 26, '0 0 0', '0 0 0', '0 0 0', '0 0 0', '0 0 0'),
(177, '2021-06-29', 13, '2 2 2', '5 5 5', '5 5 5', '4 4 4', '1 1 1', 26, '0 0 0', '0 0 0', '0 0 0', '0 0 0', '0 0 0'),
(178, '2021-06-30', 13, '2 2 2', '5 5 5', '5 5 5', '4 4 4', '1 1 1', 26, '0 0 0', '0 0 0', '0 0 0', '0 0 0', '0 0 0'),
(179, '2021-07-01', 13, '2 2 2', '5 5 5', '5 5 5', '4 4 4', '1 1 1', 26, '0 0 0', '0 0 0', '0 0 0', '0 0 0', '0 0 0'),
(180, '2021-07-02', 13, '2 2 2', '5 5 5', '5 5 5', '4 4 4', '1 1 1', 26, '0 0 0', '0 0 0', '0 0 0', '0 0 0', '0 0 0'),
(181, '2021-07-03', 13, '2 2 2', '5 5 5', '5 5 5', '4 4 4', '1 1 1', 26, '0 0 0', '0 0 0', '0 0 0', '0 0 0', '0 0 0'),
(182, '2021-07-04', 13, '2 2 2', '5 5 5', '5 5 5', '4 4 4', '1 1 1', 26, '0 0 0', '0 0 0', '0 0 0', '0 0 0', '0 0 0'),
(183, '2021-07-05', 14, '2 2 2', '5 5 5', '5 5 5', '4 4 4', '1 1 1', 27, '0 0 0', '0 0 0', '0 0 0', '0 0 0', '0 0 0'),
(184, '2021-07-06', 14, '2 2 2', '5 5 5', '5 5 5', '4 4 4', '1 1 1', 27, '0 0 0', '0 0 0', '0 0 0', '0 0 0', '0 0 0'),
(185, '2021-07-07', 14, '2 2 2', '5 5 5', '5 5 5', '4 4 4', '1 1 1', 27, '0 0 0', '0 0 0', '0 0 0', '0 0 0', '0 0 0'),
(186, '2021-07-08', 14, '2 2 2', '5 5 5', '5 5 5', '4 4 4', '1 1 1', 27, '0 0 0', '0 0 0', '0 0 0', '0 0 0', '0 0 0'),
(187, '2021-07-09', 14, '2 2 2', '5 5 5', '5 5 5', '4 4 4', '1 1 1', 27, '0 0 0', '0 0 0', '0 0 0', '0 0 0', '0 0 0'),
(188, '2021-07-10', 14, '2 2 2', '5 5 5', '5 5 5', '4 4 4', '1 1 1', 27, '0 0 0', '0 0 0', '0 0 0', '0 0 0', '0 0 0'),
(189, '2021-07-11', 14, '2 2 2', '5 5 5', '5 5 5', '4 4 4', '1 1 1', 27, '0 0 0', '0 0 0', '0 0 0', '0 0 0', '0 0 0'),
(190, '2021-07-12', 14, '2 2 2', '5 5 5', '5 5 5', '4 4 4', '1 1 1', 28, '0 0 0', '0 0 0', '0 0 0', '0 0 0', '0 0 0'),
(191, '2021-07-13', 14, '2 2 2', '5 5 5', '5 5 5', '4 4 4', '1 1 1', 28, '0 0 0', '0 0 0', '0 0 0', '0 0 0', '0 0 0'),
(192, '2021-07-14', 14, '2 2 2', '5 5 5', '5 5 5', '4 4 4', '1 1 1', 28, '0 0 0', '0 0 0', '0 0 0', '0 0 0', '0 0 0'),
(193, '2021-07-15', 14, '2 2 2', '5 5 5', '5 5 5', '4 4 4', '1 1 1', 28, '0 0 0', '0 0 0', '0 0 0', '0 0 0', '0 0 0'),
(194, '2021-07-16', 14, '2 2 2', '5 5 5', '5 5 5', '4 4 4', '1 1 1', 28, '0 0 0', '0 0 0', '0 0 0', '0 0 0', '0 0 0'),
(195, '2021-07-17', 14, '2 2 2', '5 5 5', '5 5 5', '4 4 4', '1 1 1', 28, '0 0 0', '0 0 0', '0 0 0', '0 0 0', '0 0 0'),
(196, '2021-07-18', 14, '2 2 2', '5 5 5', '5 5 5', '4 4 4', '1 1 1', 28, '0 0 0', '0 0 0', '0 0 0', '0 0 0', '0 0 0'),
(197, '2021-07-19', 15, '2 2 2', '5 5 5', '5 5 5', '4 4 4', '1 1 1', 29, '0 0 0', '0 0 0', '0 0 0', '0 0 0', '0 0 0'),
(198, '2021-07-20', 15, '2 2 2', '5 5 5', '5 5 5', '4 4 4', '1 1 1', 29, '0 0 0', '0 0 0', '0 0 0', '0 0 0', '0 0 0'),
(199, '2021-07-21', 15, '2 2 2', '5 5 5', '5 5 5', '4 4 4', '1 1 1', 29, '0 0 0', '0 0 0', '0 0 0', '0 0 0', '0 0 0'),
(200, '2021-07-22', 15, '2 2 2', '5 5 5', '5 5 5', '4 4 4', '1 1 1', 29, '0 0 0', '0 0 0', '0 0 0', '0 0 0', '0 0 0'),
(201, '2021-07-23', 15, '2 2 2', '5 5 5', '5 5 5', '4 4 4', '1 1 1', 29, '0 0 0', '0 0 0', '0 0 0', '0 0 0', '0 0 0'),
(202, '2021-07-24', 15, '2 2 2', '5 5 5', '5 5 5', '4 4 4', '1 1 1', 29, '0 0 0', '0 0 0', '0 0 0', '0 0 0', '0 0 0'),
(203, '2021-07-25', 15, '2 2 2', '5 5 5', '5 5 5', '4 4 4', '1 1 1', 29, '0 0 0', '0 0 0', '0 0 0', '0 0 0', '0 0 0'),
(204, '2021-07-26', 15, '2 2 2', '5 5 5', '5 5 5', '4 4 4', '1 1 1', 30, '0 0 0', '0 0 0', '0 0 0', '0 0 0', '0 0 0'),
(205, '2021-07-27', 15, '2 2 2', '5 5 5', '5 5 5', '4 4 4', '1 1 1', 30, '0 0 0', '0 0 0', '0 0 0', '0 0 0', '0 0 0'),
(206, '2021-07-28', 15, '2 2 2', '5 5 5', '5 5 5', '4 4 4', '1 1 1', 30, '0 0 0', '0 0 0', '0 0 0', '0 0 0', '0 0 0'),
(207, '2021-07-29', 15, '2 2 2', '5 5 5', '5 5 5', '4 4 4', '1 1 1', 30, '0 0 0', '0 0 0', '0 0 0', '0 0 0', '0 0 0'),
(208, '2021-07-30', 15, '2 2 2', '5 5 5', '5 5 5', '4 4 4', '1 1 1', 30, '0 0 0', '0 0 0', '0 0 0', '0 0 0', '0 0 0'),
(209, '2021-07-31', 15, '2 2 2', '5 5 5', '5 5 5', '4 4 4', '1 1 1', 30, '0 0 0', '0 0 0', '0 0 0', '0 0 0', '0 0 0'),
(210, '2021-08-01', 15, '2 2 2', '5 5 5', '5 5 5', '4 4 4', '1 1 1', 30, '0 0 0', '0 0 0', '0 0 0', '0 0 0', '0 0 0'),
(211, '2021-08-02', 16, '2 2 2', '5 5 5', '5 5 5', '4 4 4', '1 1 1', 31, '0 0 0', '0 0 0', '0 0 0', '0 0 0', '0 0 0'),
(212, '2021-08-03', 16, '2 2 2', '5 5 5', '5 5 5', '4 4 4', '1 1 1', 31, '0 0 0', '0 0 0', '0 0 0', '0 0 0', '0 0 0'),
(213, '2021-08-04', 16, '2 2 2', '5 5 5', '5 5 5', '4 4 4', '1 1 1', 31, '0 0 0', '0 0 0', '0 0 0', '0 0 0', '0 0 0'),
(214, '2021-08-05', 16, '2 2 2', '5 5 5', '5 5 5', '4 4 4', '1 1 1', 31, '0 0 0', '0 0 0', '0 0 0', '0 0 0', '0 0 0'),
(215, '2021-08-06', 16, '2 2 2', '5 5 5', '5 5 5', '4 4 4', '1 1 1', 31, '0 0 0', '0 0 0', '0 0 0', '0 0 0', '0 0 0'),
(216, '2021-08-07', 16, '2 2 2', '5 5 5', '5 5 5', '4 4 4', '1 1 1', 31, '0 0 0', '0 0 0', '0 0 0', '0 0 0', '0 0 0'),
(217, '2021-08-08', 16, '2 2 2', '5 5 5', '5 5 5', '4 4 4', '1 1 1', 31, '0 0 0', '0 0 0', '0 0 0', '0 0 0', '0 0 0'),
(218, '2021-08-09', 16, '2 2 2', '5 5 5', '5 5 5', '4 4 4', '1 1 1', 32, '0 0 0', '0 0 0', '0 0 0', '0 0 0', '0 0 0'),
(219, '2021-08-10', 16, '2 2 2', '5 5 5', '5 5 5', '4 4 4', '1 1 1', 32, '0 0 0', '0 0 0', '0 0 0', '0 0 0', '0 0 0'),
(220, '2021-08-11', 16, '2 2 2', '5 5 5', '5 5 5', '4 4 4', '1 1 1', 32, '0 0 0', '0 0 0', '0 0 0', '0 0 0', '0 0 0'),
(221, '2021-08-12', 16, '2 2 2', '5 5 5', '5 5 5', '4 4 4', '1 1 1', 32, '0 0 0', '0 0 0', '0 0 0', '0 0 0', '0 0 0'),
(222, '2021-08-13', 16, '2 2 2', '5 5 5', '5 5 5', '4 4 4', '1 1 1', 32, '0 0 0', '0 0 0', '0 0 0', '0 0 0', '0 0 0'),
(223, '2021-08-14', 16, '2 2 2', '5 5 5', '5 5 5', '4 4 4', '1 1 1', 32, '0 0 0', '0 0 0', '0 0 0', '0 0 0', '0 0 0'),
(224, '2021-08-15', 16, '2 2 2', '5 5 5', '5 5 5', '4 4 4', '1 1 1', 32, '0 0 0', '0 0 0', '0 0 0', '0 0 0', '0 0 0'),
(225, '2021-08-16', 17, '2 2 2', '5 5 5', '5 5 5', '4 4 4', '1 1 1', 33, '0 0 0', '0 0 0', '0 0 0', '0 0 0', '0 0 0'),
(226, '2021-08-17', 17, '2 2 2', '5 5 5', '5 5 5', '4 4 4', '1 1 1', 33, '0 0 0', '0 0 0', '0 0 0', '0 0 0', '0 0 0'),
(227, '2021-08-18', 17, '2 2 2', '5 5 5', '5 5 5', '4 4 4', '1 1 1', 33, '0 0 0', '0 0 0', '0 0 0', '0 0 0', '0 0 0'),
(228, '2021-08-19', 17, '2 2 2', '5 5 5', '5 5 5', '4 4 4', '1 1 1', 33, '0 0 0', '0 0 0', '0 0 0', '0 0 0', '0 0 0'),
(229, '2021-08-20', 17, '2 2 2', '5 5 5', '5 5 5', '4 4 4', '1 1 1', 33, '0 0 0', '0 0 0', '0 0 0', '0 0 0', '0 0 0'),
(230, '2021-08-21', 17, '2 2 2', '5 5 5', '5 5 5', '4 4 4', '1 1 1', 33, '0 0 0', '0 0 0', '0 0 0', '0 0 0', '0 0 0'),
(231, '2021-08-22', 17, '2 2 2', '5 5 5', '5 5 5', '4 4 4', '1 1 1', 33, '0 0 0', '0 0 0', '0 0 0', '0 0 0', '0 0 0'),
(232, '2021-08-23', 17, '2 2 2', '5 5 5', '5 5 5', '4 4 4', '1 1 1', 34, '0 0 0', '0 0 0', '0 0 0', '0 0 0', '0 0 0'),
(233, '2021-08-24', 17, '2 2 2', '5 5 5', '5 5 5', '4 4 4', '1 1 1', 34, '0 0 0', '0 0 0', '0 0 0', '0 0 0', '0 0 0'),
(234, '2021-08-25', 17, '2 2 2', '5 5 5', '5 5 5', '4 4 4', '1 1 1', 34, '0 0 0', '0 0 0', '0 0 0', '0 0 0', '0 0 0'),
(235, '2021-08-26', 17, '2 2 2', '5 5 5', '5 5 5', '4 4 4', '1 1 1', 34, '0 0 0', '0 0 0', '0 0 0', '0 0 0', '0 0 0'),
(236, '2021-08-27', 17, '2 2 2', '5 5 5', '5 5 5', '4 4 4', '1 1 1', 34, '0 0 0', '0 0 0', '0 0 0', '0 0 0', '0 0 0'),
(237, '2021-08-28', 17, '2 2 2', '5 5 5', '5 5 5', '4 4 4', '1 1 1', 34, '0 0 0', '0 0 0', '0 0 0', '0 0 0', '0 0 0'),
(238, '2021-08-29', 17, '2 2 2', '5 5 5', '5 5 5', '4 4 4', '1 1 1', 34, '0 0 0', '0 0 0', '0 0 0', '0 0 0', '0 0 0'),
(239, '2021-08-30', 18, '2 2 2', '5 5 5', '5 5 5', '4 4 4', '1 1 1', 35, '0 0 0', '0 0 0', '0 0 0', '0 0 0', '0 0 0'),
(240, '2021-08-31', 18, '2 2 2', '5 5 5', '5 5 5', '4 4 4', '1 1 1', 35, '0 0 0', '0 0 0', '0 0 0', '0 0 0', '0 0 0'),
(241, '2021-09-01', 18, '2 2 2', '5 5 5', '5 5 5', '4 4 4', '1 1 1', 35, '0 0 0', '0 0 0', '0 0 0', '0 0 0', '0 0 0'),
(242, '2021-09-02', 18, '2 2 2', '5 5 5', '5 5 5', '4 4 4', '1 1 1', 35, '0 0 0', '0 0 0', '0 0 0', '0 0 0', '0 0 0'),
(243, '2021-09-03', 18, '2 2 2', '5 5 5', '5 5 5', '4 4 4', '1 1 1', 35, '0 0 0', '0 0 0', '0 0 0', '0 0 0', '0 0 0'),
(244, '2021-09-04', 18, '2 2 2', '5 5 5', '5 5 5', '4 4 4', '1 1 1', 35, '0 0 0', '0 0 0', '0 0 0', '0 0 0', '0 0 0'),
(245, '2021-09-05', 18, '2 2 2', '5 5 5', '5 5 5', '4 4 4', '1 1 1', 35, '0 0 0', '0 0 0', '0 0 0', '0 0 0', '0 0 0'),
(246, '2021-09-06', 18, '2 2 2', '5 5 5', '5 5 5', '4 4 4', '1 1 1', 36, '0 0 0', '0 0 0', '0 0 0', '0 0 0', '0 0 0'),
(247, '2021-09-07', 18, '2 2 2', '5 5 5', '5 5 5', '4 4 4', '1 1 1', 36, '0 0 0', '0 0 0', '0 0 0', '0 0 0', '0 0 0'),
(248, '2021-09-08', 18, '2 2 2', '5 5 5', '5 5 5', '4 4 4', '1 1 1', 36, '0 0 0', '0 0 0', '0 0 0', '0 0 0', '0 0 0'),
(249, '2021-09-09', 18, '2 2 2', '5 5 5', '5 5 5', '4 4 4', '1 1 1', 36, '0 0 0', '0 0 0', '0 0 0', '0 0 0', '0 0 0'),
(250, '2021-09-10', 18, '2 2 2', '5 5 5', '5 5 5', '4 4 4', '1 1 1', 36, '0 0 0', '0 0 0', '0 0 0', '0 0 0', '0 0 0'),
(251, '2021-09-11', 18, '2 2 2', '5 5 5', '5 5 5', '4 4 4', '1 1 1', 36, '0 0 0', '0 0 0', '0 0 0', '0 0 0', '0 0 0'),
(252, '2021-09-12', 18, '2 2 2', '5 5 5', '5 5 5', '4 4 4', '1 1 1', 36, '0 0 0', '0 0 0', '0 0 0', '0 0 0', '0 0 0'),
(253, '2021-09-13', 19, '2 2 2', '5 5 5', '5 5 5', '4 4 4', '1 1 1', 37, '0 0 0', '0 0 0', '0 0 0', '0 0 0', '0 0 0'),
(254, '2021-09-14', 19, '2 2 2', '5 5 5', '5 5 5', '4 4 4', '1 1 1', 37, '0 0 0', '0 0 0', '0 0 0', '0 0 0', '0 0 0'),
(255, '2021-09-15', 19, '2 2 2', '5 5 5', '5 5 5', '4 4 4', '1 1 1', 37, '0 0 0', '0 0 0', '0 0 0', '0 0 0', '0 0 0'),
(256, '2021-09-16', 19, '2 2 2', '5 5 5', '5 5 5', '4 4 4', '1 1 1', 37, '0 0 0', '0 0 0', '0 0 0', '0 0 0', '0 0 0'),
(257, '2021-09-17', 19, '2 2 2', '5 5 5', '5 5 5', '4 4 4', '1 1 1', 37, '0 0 0', '0 0 0', '0 0 0', '0 0 0', '0 0 0'),
(258, '2021-09-18', 19, '2 2 2', '5 5 5', '5 5 5', '4 4 4', '1 1 1', 37, '0 0 0', '0 0 0', '0 0 0', '0 0 0', '0 0 0'),
(259, '2021-09-19', 19, '2 2 2', '5 5 5', '5 5 5', '4 4 4', '1 1 1', 37, '0 0 0', '0 0 0', '0 0 0', '0 0 0', '0 0 0'),
(260, '2021-09-20', 19, '2 2 2', '5 5 5', '5 5 5', '4 4 4', '1 1 1', 38, '0 0 0', '0 0 0', '0 0 0', '0 0 0', '0 0 0'),
(261, '2021-09-21', 19, '2 2 2', '5 5 5', '5 5 5', '4 4 4', '1 1 1', 38, '0 0 0', '0 0 0', '0 0 0', '0 0 0', '0 0 0'),
(262, '2021-09-22', 19, '2 2 2', '5 5 5', '5 5 5', '4 4 4', '1 1 1', 38, '0 0 0', '0 0 0', '0 0 0', '0 0 0', '0 0 0'),
(263, '2021-09-23', 19, '2 2 2', '5 5 5', '5 5 5', '4 4 4', '1 1 1', 38, '0 0 0', '0 0 0', '0 0 0', '0 0 0', '0 0 0'),
(264, '2021-09-24', 19, '2 2 2', '5 5 5', '5 5 5', '4 4 4', '1 1 1', 38, '0 0 0', '0 0 0', '0 0 0', '0 0 0', '0 0 0'),
(265, '2021-09-25', 19, '2 2 2', '5 5 5', '5 5 5', '4 4 4', '1 1 1', 38, '0 0 0', '0 0 0', '0 0 0', '0 0 0', '0 0 0'),
(266, '2021-09-26', 19, '2 2 2', '5 5 5', '5 5 5', '4 4 4', '1 1 1', 38, '0 0 0', '0 0 0', '0 0 0', '0 0 0', '0 0 0'),
(267, '2021-09-27', 20, '2 2 2', '5 5 5', '5 5 5', '4 4 4', '1 1 1', 39, '0 0 0', '0 0 0', '0 0 0', '0 0 0', '0 0 0'),
(268, '2021-09-28', 20, '2 2 2', '5 5 5', '5 5 5', '4 4 4', '1 1 1', 39, '0 0 0', '0 0 0', '0 0 0', '0 0 0', '0 0 0'),
(269, '2021-09-29', 20, '2 2 2', '5 5 5', '5 5 5', '4 4 4', '1 1 1', 39, '0 0 0', '0 0 0', '0 0 0', '0 0 0', '0 0 0'),
(270, '2021-09-30', 20, '2 2 2', '5 5 5', '5 5 5', '4 4 4', '1 1 1', 39, '0 0 0', '0 0 0', '0 0 0', '0 0 0', '0 0 0'),
(271, '2021-10-01', 20, '2 2 2', '5 5 5', '5 5 5', '4 4 4', '1 1 1', 39, '0 0 0', '0 0 0', '0 0 0', '0 0 0', '0 0 0'),
(272, '2021-10-02', 20, '2 2 2', '5 5 5', '5 5 5', '4 4 4', '1 1 1', 39, '0 0 0', '0 0 0', '0 0 0', '0 0 0', '0 0 0'),
(273, '2021-10-03', 20, '2 2 2', '5 5 5', '5 5 5', '4 4 4', '1 1 1', 39, '0 0 0', '0 0 0', '0 0 0', '0 0 0', '0 0 0'),
(274, '2021-10-04', 20, '2 2 2', '5 5 5', '5 5 5', '4 4 4', '1 1 1', 40, '0 0 0', '0 0 0', '0 0 0', '0 0 0', '0 0 0'),
(275, '2021-10-05', 20, '2 2 2', '5 5 5', '5 5 5', '4 4 4', '1 1 1', 40, '0 0 0', '0 0 0', '0 0 0', '0 0 0', '0 0 0'),
(276, '2021-10-06', 20, '2 2 2', '5 5 5', '5 5 5', '4 4 4', '1 1 1', 40, '0 0 0', '0 0 0', '0 0 0', '0 0 0', '0 0 0'),
(277, '2021-10-07', 20, '2 2 2', '5 5 5', '5 5 5', '4 4 4', '1 1 1', 40, '0 0 0', '0 0 0', '0 0 0', '0 0 0', '0 0 0'),
(278, '2021-10-08', 20, '2 2 2', '5 5 5', '5 5 5', '4 4 4', '1 1 1', 40, '0 0 0', '0 0 0', '0 0 0', '0 0 0', '0 0 0'),
(279, '2021-10-09', 20, '2 2 2', '5 5 5', '5 5 5', '4 4 4', '1 1 1', 40, '0 0 0', '0 0 0', '0 0 0', '0 0 0', '0 0 0'),
(280, '2021-10-10', 20, '2 2 2', '5 5 5', '5 5 5', '4 4 4', '1 1 1', 40, '0 0 0', '0 0 0', '0 0 0', '0 0 0', '0 0 0'),
(281, '2021-10-11', 21, '2 2 2', '5 5 5', '5 5 5', '4 4 4', '1 1 1', 41, '0 0 0', '0 0 0', '0 0 0', '0 0 0', '0 0 0'),
(282, '2021-10-12', 21, '2 2 2', '5 5 5', '5 5 5', '4 4 4', '1 1 1', 41, '0 0 0', '0 0 0', '0 0 0', '0 0 0', '0 0 0'),
(283, '2021-10-13', 21, '2 2 2', '5 5 5', '5 5 5', '4 4 4', '1 1 1', 41, '0 0 0', '0 0 0', '0 0 0', '0 0 0', '0 0 0'),
(284, '2021-10-14', 21, '2 2 2', '5 5 5', '5 5 5', '4 4 4', '1 1 1', 41, '0 0 0', '0 0 0', '0 0 0', '0 0 0', '0 0 0'),
(285, '2021-10-15', 21, '2 2 2', '5 5 5', '5 5 5', '4 4 4', '1 1 1', 41, '0 0 0', '0 0 0', '0 0 0', '0 0 0', '0 0 0'),
(286, '2021-10-16', 21, '2 2 2', '5 5 5', '5 5 5', '4 4 4', '1 1 1', 41, '0 0 0', '0 0 0', '0 0 0', '0 0 0', '0 0 0'),
(287, '2021-10-17', 21, '2 2 2', '5 5 5', '5 5 5', '4 4 4', '1 1 1', 41, '0 0 0', '0 0 0', '0 0 0', '0 0 0', '0 0 0'),
(288, '2021-10-18', 21, '2 2 2', '5 5 5', '5 5 5', '4 4 4', '1 1 1', 42, '0 0 0', '0 0 0', '0 0 0', '0 0 0', '0 0 0'),
(289, '2021-10-19', 21, '2 2 2', '5 5 5', '5 5 5', '4 4 4', '1 1 1', 42, '0 0 0', '0 0 0', '0 0 0', '0 0 0', '0 0 0'),
(290, '2021-10-20', 21, '2 2 2', '5 5 5', '5 5 5', '4 4 4', '1 1 1', 42, '0 0 0', '0 0 0', '0 0 0', '0 0 0', '0 0 0'),
(291, '2021-10-21', 21, '2 2 2', '5 5 5', '5 5 5', '4 4 4', '1 1 1', 42, '0 0 0', '0 0 0', '0 0 0', '0 0 0', '0 0 0'),
(292, '2021-10-22', 21, '2 2 2', '5 5 5', '5 5 5', '4 4 4', '1 1 1', 42, '0 0 0', '0 0 0', '0 0 0', '0 0 0', '0 0 0'),
(293, '2021-10-23', 21, '2 2 2', '5 5 5', '5 5 5', '4 4 4', '1 1 1', 42, '0 0 0', '0 0 0', '0 0 0', '0 0 0', '0 0 0'),
(294, '2021-10-24', 21, '2 2 2', '5 5 5', '5 5 5', '4 4 4', '1 1 1', 42, '0 0 0', '0 0 0', '0 0 0', '0 0 0', '0 0 0'),
(295, '2021-10-25', 22, '2 2 2', '5 5 5', '5 5 5', '4 4 4', '1 1 1', 43, '0 0 0', '0 0 0', '0 0 0', '0 0 0', '0 0 0'),
(296, '2021-10-26', 22, '2 2 2', '5 5 5', '5 5 5', '4 4 4', '1 1 1', 43, '0 0 0', '0 0 0', '0 0 0', '0 0 0', '0 0 0'),
(297, '2021-10-27', 22, '2 2 2', '5 5 5', '5 5 5', '4 4 4', '1 1 1', 43, '0 0 0', '0 0 0', '0 0 0', '0 0 0', '0 0 0'),
(298, '2021-10-28', 22, '2 2 2', '5 5 5', '5 5 5', '4 4 4', '1 1 1', 43, '0 0 0', '0 0 0', '0 0 0', '0 0 0', '0 0 0'),
(299, '2021-10-29', 22, '2 2 2', '5 5 5', '5 5 5', '4 4 4', '1 1 1', 43, '0 0 0', '0 0 0', '0 0 0', '0 0 0', '0 0 0'),
(300, '2021-10-30', 22, '2 2 2', '5 5 5', '5 5 5', '4 4 4', '1 1 1', 43, '0 0 0', '0 0 0', '0 0 0', '0 0 0', '0 0 0'),
(301, '2021-10-31', 22, '2 2 2', '5 5 5', '5 5 5', '4 4 4', '1 1 1', 43, '0 0 0', '0 0 0', '0 0 0', '0 0 0', '0 0 0'),
(302, '2021-11-01', 22, '2 2 2', '5 5 5', '5 5 5', '4 4 4', '1 1 1', 44, '0 0 0', '0 0 0', '0 0 0', '0 0 0', '0 0 0'),
(303, '2021-11-02', 22, '2 2 2', '5 5 5', '5 5 5', '4 4 4', '1 1 1', 44, '0 0 0', '0 0 0', '0 0 0', '0 0 0', '0 0 0'),
(304, '2021-11-03', 22, '2 2 2', '5 5 5', '5 5 5', '4 4 4', '1 1 1', 44, '0 0 0', '0 0 0', '0 0 0', '0 0 0', '0 0 0'),
(305, '2021-11-04', 22, '2 2 2', '5 5 5', '5 5 5', '4 4 4', '1 1 1', 44, '0 0 0', '0 0 0', '0 0 0', '0 0 0', '0 0 0'),
(306, '2021-11-05', 22, '2 2 2', '5 5 5', '5 5 5', '4 4 4', '1 1 1', 44, '0 0 0', '0 0 0', '0 0 0', '0 0 0', '0 0 0'),
(307, '2021-11-06', 22, '2 2 2', '5 5 5', '5 5 5', '4 4 4', '1 1 1', 44, '0 0 0', '0 0 0', '0 0 0', '0 0 0', '0 0 0'),
(308, '2021-11-07', 22, '2 2 2', '5 5 5', '5 5 5', '4 4 4', '1 1 1', 44, '0 0 0', '0 0 0', '0 0 0', '0 0 0', '0 0 0'),
(309, '2021-11-08', 23, '2 2 2', '5 5 5', '5 5 5', '4 4 4', '1 1 1', 45, '0 0 0', '0 0 0', '0 0 0', '0 0 0', '0 0 0'),
(310, '2021-11-09', 23, '2 2 2', '5 5 5', '5 5 5', '4 4 4', '1 1 1', 45, '0 0 0', '0 0 0', '0 0 0', '0 0 0', '0 0 0'),
(311, '2021-11-10', 23, '2 2 2', '5 5 5', '5 5 5', '4 4 4', '1 1 1', 45, '0 0 0', '0 0 0', '0 0 0', '0 0 0', '0 0 0'),
(312, '2021-11-11', 23, '2 2 2', '5 5 5', '5 5 5', '4 4 4', '1 1 1', 45, '0 0 0', '0 0 0', '0 0 0', '0 0 0', '0 0 0'),
(313, '2021-11-12', 23, '2 2 2', '5 5 5', '5 5 5', '4 4 4', '1 1 1', 45, '0 0 0', '0 0 0', '0 0 0', '0 0 0', '0 0 0'),
(314, '2021-11-13', 23, '2 2 2', '5 5 5', '5 5 5', '4 4 4', '1 1 1', 45, '0 0 0', '0 0 0', '0 0 0', '0 0 0', '0 0 0'),
(315, '2021-11-14', 23, '2 2 2', '5 5 5', '5 5 5', '4 4 4', '1 1 1', 45, '0 0 0', '0 0 0', '0 0 0', '0 0 0', '0 0 0'),
(316, '2021-11-15', 23, '2 2 2', '5 5 5', '5 5 5', '4 4 4', '1 1 1', 46, '0 0 0', '0 0 0', '0 0 0', '0 0 0', '0 0 0'),
(317, '2021-11-16', 23, '2 2 2', '5 5 5', '5 5 5', '4 4 4', '1 1 1', 46, '0 0 0', '0 0 0', '0 0 0', '0 0 0', '0 0 0'),
(318, '2021-11-17', 23, '2 2 2', '5 5 5', '5 5 5', '4 4 4', '1 1 1', 46, '0 0 0', '0 0 0', '0 0 0', '0 0 0', '0 0 0'),
(319, '2021-11-18', 23, '2 2 2', '5 5 5', '5 5 5', '4 4 4', '1 1 1', 46, '0 0 0', '0 0 0', '0 0 0', '0 0 0', '0 0 0'),
(320, '2021-11-19', 23, '2 2 2', '5 5 5', '5 5 5', '4 4 4', '1 1 1', 46, '0 0 0', '0 0 0', '0 0 0', '0 0 0', '0 0 0'),
(321, '2021-11-20', 23, '2 2 2', '5 5 5', '5 5 5', '4 4 4', '1 1 1', 46, '0 0 0', '0 0 0', '0 0 0', '0 0 0', '0 0 0'),
(322, '2021-11-21', 23, '2 2 2', '5 5 5', '5 5 5', '4 4 4', '1 1 1', 46, '0 0 0', '0 0 0', '0 0 0', '0 0 0', '0 0 0'),
(323, '2021-11-22', 24, '2 2 2', '5 5 5', '5 5 5', '4 4 4', '1 1 1', 47, '0 0 0', '0 0 0', '0 0 0', '0 0 0', '0 0 0'),
(324, '2021-11-23', 24, '2 2 2', '5 5 5', '5 5 5', '4 4 4', '1 1 1', 47, '0 0 0', '0 0 0', '0 0 0', '0 0 0', '0 0 0'),
(325, '2021-11-24', 24, '2 2 2', '5 5 5', '5 5 5', '4 4 4', '1 1 1', 47, '0 0 0', '0 0 0', '0 0 0', '0 0 0', '0 0 0'),
(326, '2021-11-25', 24, '2 2 2', '5 5 5', '5 5 5', '4 4 4', '1 1 1', 47, '0 0 0', '0 0 0', '0 0 0', '0 0 0', '0 0 0'),
(327, '2021-11-26', 24, '2 2 2', '5 5 5', '5 5 5', '4 4 4', '1 1 1', 47, '0 0 0', '0 0 0', '0 0 0', '0 0 0', '0 0 0'),
(328, '2021-11-27', 24, '2 2 2', '5 5 5', '5 5 5', '4 4 4', '1 1 1', 47, '0 0 0', '0 0 0', '0 0 0', '0 0 0', '0 0 0'),
(329, '2021-11-28', 24, '2 2 2', '5 5 5', '5 5 5', '4 4 4', '1 1 1', 47, '0 0 0', '0 0 0', '0 0 0', '0 0 0', '0 0 0'),
(330, '2021-11-29', 24, '2 2 2', '5 5 5', '5 5 5', '4 4 4', '1 1 1', 48, '0 0 0', '0 0 0', '0 0 0', '0 0 0', '0 0 0'),
(331, '2021-11-30', 24, '2 2 2', '5 5 5', '5 5 5', '4 4 4', '1 1 1', 48, '0 0 0', '0 0 0', '0 0 0', '0 0 0', '0 0 0'),
(332, '2021-12-01', 24, '2 2 2', '5 5 5', '5 5 5', '4 4 4', '1 1 1', 48, '0 0 0', '0 0 0', '0 0 0', '0 0 0', '0 0 0'),
(333, '2021-12-02', 24, '2 2 2', '5 5 5', '5 5 5', '4 4 4', '1 1 1', 48, '0 0 0', '0 0 0', '0 0 0', '0 0 0', '0 0 0'),
(334, '2021-12-03', 24, '2 2 2', '5 5 5', '5 5 5', '4 4 4', '1 1 1', 48, '0 0 0', '0 0 0', '0 0 0', '0 0 0', '0 0 0'),
(335, '2021-12-04', 24, '2 2 2', '5 5 5', '5 5 5', '4 4 4', '1 1 1', 48, '0 0 0', '0 0 0', '0 0 0', '0 0 0', '0 0 0'),
(336, '2021-12-05', 24, '2 2 2', '5 5 5', '5 5 5', '4 4 4', '1 1 1', 48, '0 0 0', '0 0 0', '0 0 0', '0 0 0', '0 0 0'),
(337, '2021-12-06', 25, '2 2 2', '5 5 5', '5 5 5', '4 4 4', '1 1 1', 49, '0 0 0', '0 0 0', '0 0 0', '0 0 0', '0 0 0'),
(338, '2021-12-07', 25, '2 2 2', '5 5 5', '5 5 5', '4 4 4', '1 1 1', 49, '0 0 0', '0 0 0', '0 0 0', '0 0 0', '0 0 0'),
(339, '2021-12-08', 25, '2 2 2', '5 5 5', '5 5 5', '4 4 4', '1 1 1', 49, '0 0 0', '0 0 0', '0 0 0', '0 0 0', '0 0 0'),
(340, '2021-12-09', 25, '2 2 2', '5 5 5', '5 5 5', '4 4 4', '1 1 1', 49, '0 0 0', '0 0 0', '0 0 0', '0 0 0', '0 0 0'),
(341, '2021-12-10', 25, '2 2 2', '5 5 5', '5 5 5', '4 4 4', '1 1 1', 49, '0 0 0', '0 0 0', '0 0 0', '0 0 0', '0 0 0'),
(342, '2021-12-11', 25, '2 2 2', '5 5 5', '5 5 5', '4 4 4', '1 1 1', 49, '0 0 0', '0 0 0', '0 0 0', '0 0 0', '0 0 0'),
(343, '2021-12-12', 25, '2 2 2', '5 5 5', '5 5 5', '4 4 4', '1 1 1', 49, '0 0 0', '0 0 0', '0 0 0', '0 0 0', '0 0 0'),
(344, '2021-12-13', 25, '2 2 2', '5 5 5', '5 5 5', '4 4 4', '1 1 1', 50, '0 0 0', '0 0 0', '0 0 0', '0 0 0', '0 0 0'),
(345, '2021-12-14', 25, '2 2 2', '5 5 5', '5 5 5', '4 4 4', '1 1 1', 50, '0 0 0', '0 0 0', '0 0 0', '0 0 0', '0 0 0'),
(346, '2021-12-15', 25, '2 2 2', '5 5 5', '5 5 5', '4 4 4', '1 1 1', 50, '0 0 0', '0 0 0', '0 0 0', '0 0 0', '0 0 0'),
(347, '2021-12-16', 25, '2 2 2', '5 5 5', '5 5 5', '4 4 4', '1 1 1', 50, '0 0 0', '0 0 0', '0 0 0', '0 0 0', '0 0 0'),
(348, '2021-12-17', 25, '2 2 2', '5 5 5', '5 5 5', '4 4 4', '1 1 1', 50, '0 0 0', '0 0 0', '0 0 0', '0 0 0', '0 0 0'),
(349, '2021-12-18', 25, '2 2 2', '5 5 5', '5 5 5', '4 4 4', '1 1 1', 50, '0 0 0', '0 0 0', '0 0 0', '0 0 0', '0 0 0'),
(350, '2021-12-19', 25, '2 2 2', '5 5 5', '5 5 5', '4 4 4', '1 1 1', 50, '0 0 0', '0 0 0', '0 0 0', '0 0 0', '0 0 0'),
(351, '2021-12-20', 26, '2 2 2', '5 5 5', '5 5 5', '4 4 4', '1 1 1', 51, '0 0 0', '0 0 0', '0 0 0', '0 0 0', '0 0 0'),
(352, '2021-12-21', 26, '2 2 2', '5 5 5', '5 5 5', '4 4 4', '1 1 1', 51, '0 0 0', '0 0 0', '0 0 0', '0 0 0', '0 0 0'),
(353, '2021-12-22', 26, '2 2 2', '5 5 5', '5 5 5', '4 4 4', '1 1 1', 51, '0 0 0', '0 0 0', '0 0 0', '0 0 0', '0 0 0'),
(354, '2021-12-23', 26, '2 2 2', '5 5 5', '5 5 5', '4 4 4', '1 1 1', 51, '0 0 0', '0 0 0', '0 0 0', '0 0 0', '0 0 0'),
(355, '2021-12-24', 26, '2 2 2', '5 5 5', '5 5 5', '4 4 4', '1 1 1', 51, '0 0 0', '0 0 0', '0 0 0', '0 0 0', '0 0 0'),
(356, '2021-12-25', 26, '2 2 2', '5 5 5', '5 5 5', '4 4 4', '1 1 1', 51, '0 0 0', '0 0 0', '0 0 0', '0 0 0', '0 0 0'),
(357, '2021-12-26', 26, '2 2 2', '5 5 5', '5 5 5', '4 4 4', '1 1 1', 51, '0 0 0', '0 0 0', '0 0 0', '0 0 0', '0 0 0'),
(358, '2021-12-27', 26, '2 2 2', '5 5 5', '5 5 5', '4 4 4', '1 1 1', 52, '0 0 0', '0 0 0', '0 0 0', '0 0 0', '0 0 0'),
(359, '2021-12-28', 26, '2 2 2', '5 5 5', '5 5 5', '4 4 4', '1 1 1', 52, '0 0 0', '0 0 0', '0 0 0', '0 0 0', '0 0 0'),
(360, '2021-12-29', 26, '2 2 2', '5 5 5', '5 5 5', '4 4 4', '1 1 1', 52, '0 0 0', '0 0 0', '0 0 0', '0 0 0', '0 0 0'),
(361, '2021-12-30', 26, '2 2 2', '5 5 5', '5 5 5', '4 4 4', '1 1 1', 52, '0 0 0', '0 0 0', '0 0 0', '0 0 0', '0 0 0'),
(362, '2021-12-31', 26, '2 2 2', '5 5 5', '5 5 5', '4 4 4', '1 1 1', 52, '0 0 0', '0 0 0', '0 0 0', '0 0 0', '0 0 0'),
(363, '2022-01-01', 26, '2 2 2', '5 5 5', '5 5 5', '4 4 4', '1 1 1', 52, '0 0 0', '0 0 0', '0 0 0', '0 0 0', '0 0 0'),
(364, '2022-01-02', 26, '2 2 2', '5 5 5', '5 5 5', '4 4 4', '1 1 1', 52, '0 0 0', '0 0 0', '0 0 0', '0 0 0', '0 0 0');

-- --------------------------------------------------------

--
-- Table structure for table `employees`
--

CREATE TABLE `employees` (
  `id` int(255) NOT NULL,
  `first_name` varchar(40) NOT NULL,
  `last_name` varchar(40) NOT NULL,
  `birthDate` date NOT NULL,
  `email` varchar(320) NOT NULL,
  `password` varchar(40) NOT NULL,
  `job_position` varchar(100) NOT NULL,
  `phoneNumber` int(10) DEFAULT NULL,
  `address` varchar(50) NOT NULL,
  `salary` int(11) DEFAULT NULL,
  `gender` varchar(10) NOT NULL,
  `education` varchar(20) DEFAULT NULL,
  `Contract` varchar(255) NOT NULL,
  `DaysOff` int(255) NOT NULL,
  `ContractHours` int(255) NOT NULL,
  `Notes` varchar(255) NOT NULL DEFAULT '"Nothing"'
) ENGINE=InnoDB DEFAULT CHARSET=utf8;

--
-- Dumping data for table `employees`
--

INSERT INTO `employees` (`id`, `first_name`, `last_name`, `birthDate`, `email`, `password`, `job_position`, `phoneNumber`, `address`, `salary`, `gender`, `education`, `Contract`, `DaysOff`, `ContractHours`, `Notes`) VALUES
(1, 'John', 'McDuffin', '1999-01-12', 'john.mcduffin@mail.com', 'john1', 'Security', 731234568, 'Flower Street 23A', 1400, 'MALE', 'High School', 'Fulltime', 30, 40, 'He is a hard worker!'),
(2, 'Maria', 'Vincenzio', '1995-04-15', 'maria.vincenzio@mail.com', 'maria1', 'Security', 198767889, 'Stationsweg 16', 1400, 'FEMALE', 'High School', 'Fulltime', 30, 40, 'test1'),
(3, 'Lawrence', 'Moschino', '1997-12-03', 'lawrence.moschino@mail.com', 'lawrence1', 'Security', 965234521, 'Buekeslaan 12A', 1400, 'OTHER', 'University', 'Parttime', 30, 20, ''),
(4, 'Ponton', 'Portofino', '1999-11-01', 'ponton.portofino@mail.com', 'ponton1', 'Security', 134156123, 'Cebeslaan 213A', 1400, 'MALE', 'University', 'Parttime', 30, 20, 'test'),
(5, 'Caitlyn', 'Rose', '1997-10-09', 'caitlyn.rose@mail.com', 'caitlyn1', 'Cashier', 623144155, 'Transformatorstraat 1', 1200, 'FEMALE', 'High School', 'Fulltime', 30, 40, ''),
(6, 'Daniel', 'Burton', '2000-06-06', 'daniel.burton@mail.com', 'daniel1', 'Cashier', 534412415, 'Borneolaan 5', 1200, 'MALE', 'University', 'Fulltime', 30, 40, ''),
(7, 'Prince', 'John', '2001-07-08', 'prince.john@mail.com', 'prince1', 'Cashier', 333125619, 'Winston Churchilaan 12', 1200, 'MALE', 'High School', 'Parttime', 30, 20, ''),
(8, 'Laquesha', 'Johnson', '2002-05-14', 'laquesha.johnson@mail.com', 'laquesha1', 'Cashier', 564123667, 'Horneolaan 32', 1200, 'FEMALE', 'University', 'Fulltime', 30, 40, ''),
(9, 'Anastasia', 'Krilov', '2000-12-12', 'anastasio.krilov@mail.com', 'anastasia1', 'Stocker', 567889001, 'John F. Kennedylaan 168', 2500, 'FEMALE', 'University', 'Fulltime', 30, 40, ''),
(10, 'Claire', 'Temple', '1995-10-12', 'claire.temple@mail.com', 'claire1', 'Stocker', 193343600, 'Luciferstraat 32', 2500, 'FEMALE', 'University', 'Fulltime', 30, 40, ''),
(11, 'Daniel', 'Meachum', '1966-12-01', 'daniel.meachum@mail.com', 'daniel1', 'Stocker', 358890065, 'Cederlaan 12D', 2500, 'MALE', 'University', 'Fulltime', 30, 40, ''),
(12, 'Cornell', 'Stokes', '1998-05-15', 'cornell.stokes@mail.com', 'cornell1', 'Stocker', 466781032, 'Franklin D. Rooseveltlaan 12', 2500, 'MALE', 'University', 'Fulltime', 30, 40, ''),
(13, 'Maria', 'Antoinette', '1996-06-23', 'maria.antoinette@mail.com', 'maria1', 'SalesAssistant', 913576787, 'Hemelrijken 215A', 2000, 'FEMALE', 'University', 'Fulltime', 30, 40, ''),
(14, 'Lucas', 'Cage', '1997-03-21', 'lucas.cage@mail.com', 'lucas1', 'SalesAssistant', 919071783, 'Lombokpad 3.42', 2000, 'MALE', 'University', 'Fulltime', 30, 40, ''),
(15, 'Janette', 'Stones', '2000-10-12', 'janette.stones@mail.com', 'janette1', 'SalesAssistant', 675553687, ' Bulevardul Iuliu Maniu 205', 2000, 'FEMALE', 'University', 'Fulltime', 30, 40, ''),
(16, 'Alex', 'Spades', '1990-04-19', 'alex.spades@mail.com', 'alex1', 'SalesAssistant', 727567672, ' Fuutlaan 3', 2000, 'MALE', 'University', 'Fulltime', 30, 40, ''),
(17, 'Matthew', 'Murdock', '1993-08-15', 'matthew.murdock@mail.com', 'matthew1', 'WarehouseManager', 657773686, ' Pagelaan 21', 3500, 'MALE', 'University', 'Fulltime', 30, 40, ''),
(18, 'Johnatan', 'Joestar', '1960-12-01', 'johnatan.joestar@mail.com', 'johnatan1', 'WarehouseManager', 757699888, ' Mathildelaan 32', 3500, 'MALE', 'University', 'Fulltime', 30, 40, ''),
(19, 'Colleen', 'Wing', '2002-01-05', 'colleen.wing@mail.com', 'colleen1', 'WarehouseManager', 723679009, ' Havenstraat 2B', 3500, 'FEMALE', 'University', 'Fulltime', 30, 40, ''),
(20, 'Joy', 'Meachum', '1989-08-08', 'joy.meachum@mail.com', 'joy1', 'WarehouseManager', 165663686, ' Lakerstraat', 3500, 'OTHER', 'University', 'Fulltime', 30, 40, ''),
(21, 'Matthew', 'Lolly', '1996-09-25', 'matthew.buston@mail.com', 'Lolly1', 'Security', 231234555, 'Lombokpad 12', 2500, 'MALE', 'High School', 'Fulltime', 30, 40, ''),
(22, 'Daniel', 'Daniels', '1996-02-25', 'daniel.daniels@mail.com', 'daniels1', 'Security', 239240555, 'Fuutlaan 2', 2500, 'MALE', 'High School', 'Fulltime', 30, 40, ''),
(23, 'Rachel', 'Summers', '2000-05-05', 'rachel.summers@mail.com', 'summers1', 'Cashier', 123456789, 'Boschdijk 42L', 1400, 'OTHER', 'None', 'Fulltime', 30, 40, ''),
(24, 'Manuel', 'Aquino', '1982-02-14', 'ManuelAAquino@rhyta.com', 'aquino1', 'Security', 622379835, 'Kwikstaarthoek 27', 1400, 'MALE', 'None', 'Fulltime', 30, 40, ''),
(25, 'Gregory', 'Hess', '1978-03-15', '\r\nGregoryJHess@jourrapide.com', 'GregoryJHess@jourrapide.com', 'Security', 695396673, 'Wittenburgergracht 91', 1400, 'MALE', 'High School', 'Fulltime', 30, 40, ''),
(26, 'Eric', 'Smith', '1950-12-25', 'EricASmith@dayrep.com', 'smith1', 'Security', 663865634, 'Boerestreek 156', 1400, 'MALE', 'High School', 'Fulltime', 30, 40, ''),
(27, 'Martin', 'Weaver', '1952-05-07', 'MartinKWeaver@jourrapide.com', 'weaver1', 'Security', 689616906, 'Swemmerlaan 86', 1400, 'MALE', 'High School', 'Fulltime', 30, 40, ''),
(28, 'Jesus', 'Goldstein', '1996-03-24', '\r\nJesusNGoldstein@rhyta.com', 'goldstein1', 'WarehouseManager', 634771911, 'Van Foreeststraat 146', 2500, 'MALE', 'University', 'Fulltime', 30, 40, ''),
(29, 'Amber', 'Eastin', '1977-03-17', 'AmberAEastin@armyspy.com', 'eastin1', 'Cashier', 687531086, 'Ocarinalaan 193', 1200, 'FEMALE', 'High School', 'Fulltime', 30, 40, ''),
(30, 'Edward', 'Lott', '1990-03-10', 'EdwardVLott@armyspy.com', 'lott1', 'Cashier', 633109844, 'Ringweg 47', 1200, 'MALE', 'High School', 'Fulltime', 30, 40, ''),
(31, 'Robyn', 'Pointer', '1983-03-17', 'robyn.pointer@armyspy.com', 'pointer1', 'Cashier', 687531086, 'Nederheidseweg 90', 1200, 'FEMALE', 'High School', 'Fulltime', 30, 40, ''),
(34, 'Elsie', 'Boyette', '1977-03-11', 'ElsieNBoyette@armyspy.com', 'boyette1', 'Cashier', 685644403, 'Borgersstede 129', 1200, 'FEMALE', 'High School', 'Fulltime', 30, 40, ''),
(35, 'Anthony', 'Wilson', '1999-03-17', 'anthony.wilson@armyspy.com', 'wilson1', 'Cashier', 636694615, 'Djambistraat 177', 1200, 'MALE', 'High School', 'Fulltime', 30, 40, ''),
(42, 'Charles', 'Horner', '1996-03-19', 'charles.horner@armyspy.com', 'horner1', 'Cashier', 631668932, 'Vossegatselaan 174', 1200, 'MALE', 'High School', 'Fulltime', 30, 40, ''),
(43, 'James ', 'Kinch', '1981-07-01', 'james.kinch@armyspy.com', 'kinch1', 'Cashier', 687531086, 'Zwanenkamp 196', 1200, 'MALE', 'High School', 'Fulltime', 30, 40, ''),
(44, 'Derek', 'Garcia', '1987-06-25', 'derek.garcia@armyspy.com', 'garcia1', 'Cashier', 690713583, 'Musketruwe 73', 1200, 'OTHER', 'High School', 'Fulltime', 30, 40, ''),
(45, 'Dolores', 'McCarty', '1990-07-30', 'dolores.mccarty@armyspy.com', 'mccarty1', 'Cashier', 664045265, 'Veluwsedijk 19', 1200, 'FEMALE', 'High School', 'Fulltime', 30, 40, ''),
(46, 'Diana', 'Crabtree', '1987-03-27', 'diana.crabtree@armyspy.com', 'crabtree1', 'Cashier', 619984012, 'Sterrenlaan 103', 1200, 'FEMALE', 'High School', 'Fulltime', 30, 40, ''),
(47, 'Michael', 'Kemp', '2000-01-14', 'MichaelAKemp@armyspy.com', 'kemp1', 'Stocker', 646967570, 'Jurriaan Kokstraat 77', 2000, 'MALE', 'University', 'Fulltime', 30, 40, ''),
(49, 'Page', 'Bedell', '2001-09-24', 'page.bedell@armyspy.com', 'bedell1', 'Stocker', 665499417, 'Korhoenlaan 21', 2000, 'FEMALE', 'University', 'Fulltime', 30, 40, ''),
(50, 'Tara ', 'Smith', '1988-02-09', 'tara.smith@armyspy.com', 'smith1', 'Stocker', 626564858, 'Vrouwenakker 94', 2000, 'FEMALE', 'University', 'Fulltime', 30, 40, ''),
(51, 'Patricia ', 'Petty', '1981-04-03', 'patricia.petty@armyspy.com', 'petty', 'Stocker', 689826337, 'Justus van Effenstraat 154', 2000, 'FEMALE', 'University', 'Fulltime', 30, 40, ''),
(52, 'Katy ', 'Newman', '1987-01-19', 'katy.newman@armyspy.com', 'newman1', 'Stocker', 646456206, 'Grootblok 94', 2000, 'FEMALE', 'University', 'Fulltime', 30, 40, ''),
(53, 'Stuart ', 'Daniel', '1978-04-14', 'stuart.daniel@armyspy.com', 'daniel1', 'Stocker', 620481490, 'Binderserf 160', 2000, 'MALE', 'University', 'Fulltime', 30, 40, ''),
(54, 'Cynthia', 'Robbins', '1995-05-10', 'cynthia.robbins@armyspy.com', 'robbins', 'Stocker', 665292422, 'Tuinstraat 47', 2000, 'FEMALE', 'University', 'Fulltime', 30, 40, ''),
(61, 'Michael', 'Faris', '1987-07-19', 'michael.faris@armyspy.com', 'faris1', 'Stocker', 624967691, 'Amsteldijk 75', 2000, 'MALE', 'University', 'Fulltime', 30, 40, ''),
(62, 'Barry ', 'Tregre', '1983-08-14', 'barry.tregre@armyspy.com', 'tregre', 'Stocker', 666819849, 'Willem Alexanderplein 197', 2000, 'MALE', 'University', 'Fulltime', 30, 40, ''),
(63, 'Ronald', 'Carmean', '1992-03-03', 'ronald.carmean@armyspy.com', 'carmean1', 'Stocker', 694023509, 'Bernissestraat 114', 2000, 'MALE', 'University', 'Fulltime', 30, 40, ''),
(64, 'Gregory ', 'Atwell', '1990-08-15', 'gregoy.atwell@armyspy.com', 'atwell1', 'Stocker', 669719447, 'Schimmelstraat 135', 2000, 'MALE', 'University', 'Parttime', 30, 20, ''),
(65, 'Patrick', 'Armstrong', '1988-03-23', 'patrickarmstrong@mail.com', 'armstrong1', 'SalesAssistant', 638404573, 'Hendrikstraat', 2500, 'MALE', 'University', 'Parttime', 30, 20, ''),
(66, 'David ', 'Ruffin', '2000-05-31', 'david.ruffin@mail.com', 'ruffin1', 'SalesAssistant', 623498076, 'Aldenhof 80', 2500, 'MALE', 'University', 'Fulltime', 30, 40, ''),
(67, 'Carol ', 'Jenkins', '1994-03-08', 'carol.jenkins@mail.com', 'jenkins1', 'SalesAssistant', 658101141, 'Havenstraat 8', 2500, 'FEMALE', 'University', 'Fulltime', 30, 40, ''),
(68, 'Billy ', 'Decarlo', '1998-05-18', 'billy.decarlo@mail.com', 'decarlo1', 'SalesAssistant', 691513042, 'Nijboerstrjitte 192', 2500, 'MALE', 'University', 'Fulltime', 30, 40, ''),
(69, 'Jerome ', 'Hearn', '1981-01-18', 'jerome.hearn@mail.com', 'hearn1', 'SalesAssistant', 688110113, 'Reigerdreef 70', 2500, 'MALE', 'University', 'Fulltime', 30, 40, ''),
(70, 'Ada ', 'Tillmon', '1993-08-18', 'ada.tillmon@mail.com', 'tillmon1', 'SalesAssistant', 697949031, 'Groteweg 23', 2500, 'FEMALE', 'University', 'Fulltime', 30, 40, ''),
(71, 'Sandy ', 'Blaisdell', '1981-01-13', 'sandy.blaisdell@mail.com', 'blaisdell', 'SalesAssistant', 624445180, 'Staalstraat 147', 2500, 'FEMALE', 'University', 'Fulltime', 30, 40, ''),
(72, 'Dorothy ', 'Sims', '1983-05-13', 'dorothy.sims@mail.com', 'sims1', 'SalesAssistant', 659167920, 'Kwietheuvel 53', 2500, 'MALE', 'University', 'Fulltime', 30, 40, ''),
(73, 'Danilo ', 'Huerta', '1978-07-23', 'danilo.huerta@mail.com', 'huerta1', 'SalesAssistant', 629410719, 'Kerklaan 118', 2500, 'MALE', 'University', 'Fulltime', 30, 40, ''),
(74, 'Lawrence ', 'Jones', '1992-02-23', 'lawrence.jones@mail.com', 'jones1', 'SalesAssistant', 676080931, 'Pompstraat 21', 2500, 'MALE', 'University', 'Fulltime', 30, 40, ''),
(84, 'William ', 'Jackson', '1980-12-24', 'william.jackson@mail.com', 'jackson1', 'SalesAssistant', 67087774, 'Vossendaal 180', 2500, 'MALE', 'University', 'Fulltime', 30, 40, '');

-- --------------------------------------------------------

--
-- Table structure for table `employees_preferences`
--

CREATE TABLE `employees_preferences` (
  `day_id` int(20) NOT NULL,
  `employee_id` int(20) NOT NULL,
  `prefered_first_shift` enum('None','Morning','Midday','Evening') NOT NULL,
  `prefered_second_shift` enum('None','Morning','Midday','Evening') NOT NULL
) ENGINE=InnoDB DEFAULT CHARSET=utf8;

--
-- Dumping data for table `employees_preferences`
--

INSERT INTO `employees_preferences` (`day_id`, `employee_id`, `prefered_first_shift`, `prefered_second_shift`) VALUES
(101, 1, 'Midday', 'None');

-- --------------------------------------------------------

--
-- Table structure for table `employees_workdays`
--

CREATE TABLE `employees_workdays` (
  `day_id` int(20) NOT NULL,
  `employee_id` int(20) NOT NULL,
  `first_shift` varchar(10) NOT NULL,
  `second_shift` varchar(10) NOT NULL DEFAULT 'None',
  `absence` int(1) NOT NULL DEFAULT 0,
  `absence_reason` varchar(10) NOT NULL DEFAULT 'None'
) ENGINE=InnoDB DEFAULT CHARSET=utf8;

-- --------------------------------------------------------

--
-- Table structure for table `schedules`
--

CREATE TABLE `schedules` (
  `id` int(20) NOT NULL,
  `start_date` date NOT NULL,
  `end_date` date NOT NULL,
  `is_outdated` int(1) NOT NULL DEFAULT 0
) ENGINE=InnoDB DEFAULT CHARSET=utf8;

--
-- Dumping data for table `schedules`
--

INSERT INTO `schedules` (`id`, `start_date`, `end_date`, `is_outdated`) VALUES
(1, '2021-01-04', '2021-01-17', 0),
(2, '2021-01-18', '2021-01-31', 0),
(3, '2021-02-01', '2021-02-14', 0),
(4, '2021-02-15', '2021-02-28', 0),
(5, '2021-03-01', '2021-03-14', 0),
(6, '2021-03-15', '2021-03-28', 0),
(7, '2021-03-29', '2021-04-11', 0),
(8, '2021-04-12', '2021-04-25', 0),
(9, '2021-04-26', '2021-05-09', 0),
(10, '2021-05-10', '2021-05-23', 0),
(11, '2021-05-24', '2021-06-06', 0),
(12, '2021-06-07', '2021-06-20', 0),
(13, '2021-06-21', '2021-07-04', 0),
(14, '2021-07-05', '2021-07-18', 0),
(15, '2021-07-19', '2021-08-01', 0),
(16, '2021-08-02', '2021-08-15', 0),
(17, '2021-08-16', '2021-08-29', 0),
(18, '2021-08-30', '2021-09-12', 0),
(19, '2021-09-13', '2021-09-26', 0),
(20, '2021-09-27', '2021-10-10', 0),
(21, '2021-10-11', '2021-10-24', 0),
(22, '2021-10-25', '2021-11-07', 0),
(23, '2021-11-08', '2021-11-21', 0),
(24, '2021-11-22', '2021-12-05', 0),
(25, '2021-12-06', '2021-12-19', 0),
(26, '2021-12-20', '2022-01-02', 0);

-- --------------------------------------------------------

--
-- Table structure for table `sick_reports`
--

CREATE TABLE `sick_reports` (
  `day_id` int(11) NOT NULL,
  `employee_id` int(11) NOT NULL,
  `description` varchar(300) NOT NULL,
  `seen` tinyint(1) NOT NULL DEFAULT 0
) ENGINE=InnoDB DEFAULT CHARSET=utf8;

-- --------------------------------------------------------

--
-- Table structure for table `worked_hours`
--

CREATE TABLE `worked_hours` (
  `week_id` int(20) NOT NULL,
  `employee_id` int(20) NOT NULL,
  `hours` float NOT NULL
) ENGINE=InnoDB DEFAULT CHARSET=utf8;

--
-- Indexes for dumped tables
--

--
-- Indexes for table `dayoff_requests`
--
ALTER TABLE `dayoff_requests`
  ADD PRIMARY KEY (`day_id`,`employee_id`),
  ADD KEY `employee_id` (`employee_id`),
  ADD KEY `schedule_id` (`schedule_id`);

--
-- Indexes for table `days`
--
ALTER TABLE `days`
  ADD PRIMARY KEY (`id`) USING BTREE,
  ADD UNIQUE KEY `UNIQUE` (`date`) USING BTREE,
  ADD KEY `FOREIGN KEY` (`schedule_id`) USING BTREE;

--
-- Indexes for table `employees`
--
ALTER TABLE `employees`
  ADD PRIMARY KEY (`id`),
  ADD UNIQUE KEY `email` (`email`);

--
-- Indexes for table `employees_preferences`
--
ALTER TABLE `employees_preferences`
  ADD PRIMARY KEY (`day_id`,`employee_id`),
  ADD KEY `employee_id` (`employee_id`);

--
-- Indexes for table `employees_workdays`
--
ALTER TABLE `employees_workdays`
  ADD PRIMARY KEY (`day_id`,`employee_id`),
  ADD KEY `employee_id` (`employee_id`);

--
-- Indexes for table `schedules`
--
ALTER TABLE `schedules`
  ADD PRIMARY KEY (`id`),
  ADD UNIQUE KEY `UNIQUE` (`start_date`,`end_date`) USING BTREE;

--
-- Indexes for table `sick_reports`
--
ALTER TABLE `sick_reports`
  ADD PRIMARY KEY (`day_id`,`employee_id`),
  ADD KEY `employee_id` (`employee_id`);

--
-- Indexes for table `worked_hours`
--
ALTER TABLE `worked_hours`
  ADD PRIMARY KEY (`week_id`,`employee_id`),
  ADD KEY `employee_id` (`employee_id`);

--
-- AUTO_INCREMENT for dumped tables
--

--
-- AUTO_INCREMENT for table `days`
--
ALTER TABLE `days`
  MODIFY `id` int(20) NOT NULL AUTO_INCREMENT, AUTO_INCREMENT=365;

--
-- AUTO_INCREMENT for table `employees`
--
ALTER TABLE `employees`
  MODIFY `id` int(255) NOT NULL AUTO_INCREMENT, AUTO_INCREMENT=114;

--
-- AUTO_INCREMENT for table `schedules`
--
ALTER TABLE `schedules`
  MODIFY `id` int(20) NOT NULL AUTO_INCREMENT, AUTO_INCREMENT=27;

--
-- Constraints for dumped tables
--

--
-- Constraints for table `dayoff_requests`
--
ALTER TABLE `dayoff_requests`
  ADD CONSTRAINT `dayoff_requests_ibfk_1` FOREIGN KEY (`day_id`) REFERENCES `days` (`id`),
  ADD CONSTRAINT `dayoff_requests_ibfk_2` FOREIGN KEY (`employee_id`) REFERENCES `employees` (`id`),
  ADD CONSTRAINT `dayoff_requests_ibfk_3` FOREIGN KEY (`schedule_id`) REFERENCES `schedules` (`id`);

--
-- Constraints for table `days`
--
ALTER TABLE `days`
  ADD CONSTRAINT `days_ibfk_1` FOREIGN KEY (`schedule_id`) REFERENCES `schedules` (`id`);

--
-- Constraints for table `employees_preferences`
--
ALTER TABLE `employees_preferences`
  ADD CONSTRAINT `employees_preferences_ibfk_1` FOREIGN KEY (`day_id`) REFERENCES `days` (`id`),
  ADD CONSTRAINT `employees_preferences_ibfk_2` FOREIGN KEY (`employee_id`) REFERENCES `employees` (`id`);

--
-- Constraints for table `employees_workdays`
--
ALTER TABLE `employees_workdays`
  ADD CONSTRAINT `employees_workdays_ibfk_1` FOREIGN KEY (`employee_id`) REFERENCES `employees` (`id`),
  ADD CONSTRAINT `employees_workdays_ibfk_2` FOREIGN KEY (`day_id`) REFERENCES `days` (`id`);

--
-- Constraints for table `sick_reports`
--
ALTER TABLE `sick_reports`
  ADD CONSTRAINT `sick_reports_ibfk_1` FOREIGN KEY (`day_id`) REFERENCES `days` (`id`),
  ADD CONSTRAINT `sick_reports_ibfk_2` FOREIGN KEY (`employee_id`) REFERENCES `employees` (`id`);

--
-- Constraints for table `worked_hours`
--
ALTER TABLE `worked_hours`
  ADD CONSTRAINT `worked_hours_ibfk_1` FOREIGN KEY (`employee_id`) REFERENCES `employees` (`id`);
COMMIT;

/*!40101 SET CHARACTER_SET_CLIENT=@OLD_CHARACTER_SET_CLIENT */;
/*!40101 SET CHARACTER_SET_RESULTS=@OLD_CHARACTER_SET_RESULTS */;
/*!40101 SET COLLATION_CONNECTION=@OLD_COLLATION_CONNECTION */;
