-- phpMyAdmin SQL Dump
-- version 4.9.3
-- https://www.phpmyadmin.net/
--
-- Host: studmysql01.fhict.local
-- Generation Time: Jun 07, 2021 at 02:29 AM
-- Server version: 5.7.26-log
-- PHP Version: 7.3.27

SET SQL_MODE = "NO_AUTO_VALUE_ON_ZERO";
SET AUTOCOMMIT = 0;
START TRANSACTION;
SET time_zone = "+00:00";


/*!40101 SET @OLD_CHARACTER_SET_CLIENT=@@CHARACTER_SET_CLIENT */;
/*!40101 SET @OLD_CHARACTER_SET_RESULTS=@@CHARACTER_SET_RESULTS */;
/*!40101 SET @OLD_COLLATION_CONNECTION=@@COLLATION_CONNECTION */;
/*!40101 SET NAMES utf8mb4 */;

--
-- Database: `dbi460221`
--

-- --------------------------------------------------------

--
-- Table structure for table `dayoff_requests`
--

CREATE TABLE `dayoff_requests` (
  `request_id` int(20) NOT NULL,
  `first_day_id` int(20) NOT NULL,
  `last_day_id` int(20) DEFAULT NULL,
  `employee_id` int(20) NOT NULL,
  `urgent` tinyint(1) NOT NULL,
  `reason` varchar(300) DEFAULT NULL,
  `status` varchar(10) NOT NULL,
  `objection` varchar(300) DEFAULT NULL,
  `emp_seen` tinyint(1) DEFAULT NULL
) ENGINE=InnoDB DEFAULT CHARSET=utf8;

--
-- Dumping data for table `dayoff_requests`
--

INSERT INTO `dayoff_requests` (`request_id`, `first_day_id`, `last_day_id`, `employee_id`, `urgent`, `reason`, `status`, `objection`, `emp_seen`) VALUES
(1, 142, NULL, 6, 1, 'funeral', 'confirmed', NULL, 0),
(2, 137, 140, 6, 0, 'vacation', 'denied', 'Not urgent requests should be 4 weeks in advance!', 0),
(3, 134, 140, 1, 1, 'surgery', 'confirmed', NULL, 0),
(4, 140, 145, 14, 0, 'i want a break', 'confirmed', NULL, 0),
(5, 131, NULL, 14, 1, 'i have to attend a wedding', 'denied', 'Wedding is not planned at the last moment!', 0),
(6, 135, 139, 7, 0, 'this is a test', 'denied', 'Too many shifts!', 0);

-- --------------------------------------------------------

--
-- Table structure for table `days`
--

CREATE TABLE `days` (
  `id` int(20) NOT NULL,
  `date` date NOT NULL,
  `schedule_id` int(20) NOT NULL,
  `security_needed` varchar(40) NOT NULL DEFAULT '2 2 2',
  `cashiers_needed` varchar(40) NOT NULL DEFAULT '5 5 5',
  `stockers_needed` varchar(40) NOT NULL DEFAULT '5 5 5',
  `sales_assistants_needed` varchar(40) NOT NULL DEFAULT '4 4 4',
  `warehouse_managers_needed` varchar(40) NOT NULL DEFAULT '1 1 1',
  `week_id` int(20) NOT NULL,
  `security_assigned` varchar(40) NOT NULL DEFAULT '0 0 0',
  `cashiers_assigned` varchar(40) NOT NULL DEFAULT '0 0 0',
  `stockers_assigned` varchar(40) NOT NULL DEFAULT '0 0 0',
  `sales_assistants_assigned` varchar(40) NOT NULL DEFAULT '0 0 0',
  `warehouse_managers_assigned` varchar(40) NOT NULL DEFAULT '0 0 0'
) ENGINE=InnoDB DEFAULT CHARSET=utf8;

--
-- Dumping data for table `days`
--

INSERT INTO `days` (`id`, `date`, `schedule_id`, `security_needed`, `cashiers_needed`, `stockers_needed`, `sales_assistants_needed`, `warehouse_managers_needed`, `week_id`, `security_assigned`, `cashiers_assigned`, `stockers_assigned`, `sales_assistants_assigned`, `warehouse_managers_assigned`) VALUES
(1, '2021-01-04', 1, '2 2 2', '3 3 3', '6 5 5', '4 4 4', '1 1 1', 1, '0 0 0', '0 0 0', '0 0 0', '0 0 0', '0 0 0'),
(2, '2021-01-05', 1, '2 2 2', '5 5 5', '5 5 5', '4 4 4', '1 1 1', 1, '0 0 0', '0 0 0', '0 0 0', '0 0 0', '0 0 0'),
(3, '2021-01-06', 1, '2 2 2', '5 5 5', '5 5 5', '4 4 4', '1 1 1', 1, '0 0 0', '0 0 0', '0 0 0', '0 0 0', '0 0 0'),
(4, '2021-01-07', 1, '2 2 2', '5 5 5', '5 5 5', '4 4 4', '1 1 1', 1, '0 0 0', '0 0 0', '0 0 0', '0 0 0', '0 0 0'),
(5, '2021-01-08', 1, '2 2 2', '5 5 5', '5 5 5', '4 4 4', '1 1 1', 1, '0 0 0', '0 0 0', '0 0 0', '0 0 0', '0 0 0'),
(6, '2021-01-09', 1, '2 2 2', '5 5 5', '5 5 5', '4 4 4', '1 1 1', 1, '0 0 0', '0 0 0', '0 0 0', '0 0 0', '0 0 0'),
(7, '2021-01-10', 1, '2 2 2', '5 5 5', '5 5 5', '4 4 4', '1 1 1', 1, '0 0 0', '0 0 0', '0 0 0', '0 0 0', '0 0 0'),
(8, '2021-01-11', 1, '2 2 2', '5 5 5', '5 5 5', '4 4 4', '1 1 1', 2, '0 0 0', '0 0 0', '0 0 0', '0 0 0', '0 0 0'),
(9, '2021-01-12', 1, '2 2 2', '5 5 5', '5 5 5', '4 4 4', '1 1 1', 2, '0 0 0', '0 0 0', '0 0 0', '0 0 0', '0 0 0'),
(10, '2021-01-13', 1, '2 2 2', '5 5 5', '5 5 5', '4 4 4', '1 1 1', 2, '0 0 0', '0 0 0', '0 0 0', '0 0 0', '0 0 0'),
(11, '2021-01-14', 1, '2 2 2', '5 5 5', '5 5 5', '4 4 4', '1 1 1', 2, '0 0 0', '0 0 0', '0 0 0', '0 0 0', '0 0 0'),
(12, '2021-01-15', 1, '2 2 2', '5 5 5', '5 5 5', '4 4 4', '1 1 1', 2, '0 0 0', '0 0 0', '0 0 0', '0 0 0', '0 0 0'),
(13, '2021-01-16', 1, '2 2 2', '5 5 5', '5 5 5', '4 4 4', '1 1 1', 2, '0 0 0', '0 0 0', '0 0 0', '0 0 0', '0 0 0'),
(14, '2021-01-17', 1, '2 2 2', '5 5 5', '5 5 5', '4 4 4', '1 1 1', 2, '0 0 0', '0 0 0', '0 0 0', '0 0 0', '0 0 0'),
(15, '2021-01-18', 2, '2 2 2', '5 5 5', '5 5 5', '4 4 4', '1 1 1', 3, '0 0 0', '0 0 0', '0 0 0', '0 0 0', '0 0 0'),
(16, '2021-01-19', 2, '2 2 2', '5 5 5', '5 5 5', '4 4 4', '1 1 1', 3, '0 0 0', '0 0 0', '0 0 0', '0 0 0', '0 0 0'),
(17, '2021-01-20', 2, '2 2 2', '5 5 5', '5 5 5', '4 4 4', '1 1 1', 3, '0 0 0', '0 0 0', '0 0 0', '0 0 0', '0 0 0'),
(18, '2021-01-21', 2, '2 2 2', '5 5 5', '5 5 5', '4 4 4', '1 1 1', 3, '0 0 0', '0 0 0', '0 0 0', '0 0 0', '0 0 0'),
(19, '2021-01-22', 2, '2 2 2', '5 5 5', '5 5 5', '4 4 4', '1 1 1', 3, '0 0 0', '0 0 0', '0 0 0', '0 0 0', '0 0 0'),
(20, '2021-01-23', 2, '2 2 2', '5 5 5', '5 5 5', '4 4 4', '1 1 1', 3, '0 0 0', '0 0 0', '0 0 0', '0 0 0', '0 0 0'),
(21, '2021-01-24', 2, '2 2 2', '5 5 5', '5 5 5', '4 4 4', '1 1 1', 3, '0 0 0', '0 0 0', '0 0 0', '0 0 0', '0 0 0'),
(22, '2021-01-25', 2, '2 2 2', '5 5 5', '5 5 5', '4 4 4', '1 1 1', 4, '0 0 0', '0 0 0', '0 0 0', '0 0 0', '0 0 0'),
(23, '2021-01-26', 2, '2 2 2', '5 5 5', '5 5 5', '4 4 4', '1 1 1', 4, '0 0 0', '0 0 0', '0 0 0', '0 0 0', '0 0 0'),
(24, '2021-01-27', 2, '2 2 2', '5 5 5', '5 5 5', '4 4 4', '1 1 1', 4, '0 0 0', '0 0 0', '0 0 0', '0 0 0', '0 0 0'),
(25, '2021-01-28', 2, '2 2 2', '5 5 5', '5 5 5', '4 4 4', '1 1 1', 4, '0 0 0', '0 0 0', '0 0 0', '0 0 0', '0 0 0'),
(26, '2021-01-29', 2, '2 2 2', '5 5 5', '5 5 5', '4 4 4', '1 1 1', 4, '0 0 0', '0 0 0', '0 0 0', '0 0 0', '0 0 0'),
(27, '2021-01-30', 2, '2 2 2', '5 5 5', '5 5 5', '4 4 4', '1 1 1', 4, '0 0 0', '0 0 0', '0 0 0', '0 0 0', '0 0 0'),
(28, '2021-01-31', 2, '2 2 2', '5 5 5', '5 5 5', '4 4 4', '1 1 1', 4, '0 0 0', '0 0 0', '0 0 0', '0 0 0', '0 0 0'),
(29, '2021-02-01', 3, '2 2 2', '5 5 5', '5 5 5', '4 4 4', '1 1 1', 5, '0 0 0', '0 0 0', '0 0 0', '0 0 0', '0 0 0'),
(30, '2021-02-02', 3, '2 2 2', '5 5 5', '5 5 5', '4 4 4', '1 1 1', 5, '0 0 0', '0 0 0', '0 0 0', '0 0 0', '0 0 0'),
(31, '2021-02-03', 3, '2 2 2', '5 5 5', '5 5 5', '4 4 4', '1 1 1', 5, '0 0 0', '0 0 0', '0 0 0', '0 0 0', '0 0 0'),
(32, '2021-02-04', 3, '2 2 2', '5 5 5', '5 5 5', '4 4 4', '1 1 1', 5, '0 0 0', '0 0 0', '0 0 0', '0 0 0', '0 0 0'),
(33, '2021-02-05', 3, '2 2 2', '5 5 5', '5 5 5', '4 4 4', '1 1 1', 5, '0 0 0', '0 0 0', '0 0 0', '0 0 0', '0 0 0'),
(34, '2021-02-06', 3, '2 2 2', '5 5 5', '5 5 5', '4 4 4', '1 1 1', 5, '0 0 0', '0 0 0', '0 0 0', '0 0 0', '0 0 0'),
(35, '2021-02-07', 3, '2 2 2', '5 5 5', '5 5 5', '4 4 4', '1 1 1', 5, '0 0 0', '0 0 0', '0 0 0', '0 0 0', '0 0 0'),
(36, '2021-02-08', 3, '2 2 2', '5 5 5', '5 5 5', '4 4 4', '1 1 1', 6, '0 0 0', '0 0 0', '0 0 0', '0 0 0', '0 0 0'),
(37, '2021-02-09', 3, '2 2 2', '5 5 5', '5 5 5', '4 4 4', '1 1 1', 6, '0 0 0', '0 0 0', '0 0 0', '0 0 0', '0 0 0'),
(38, '2021-02-10', 3, '2 2 2', '5 5 5', '5 5 5', '4 4 4', '1 1 1', 6, '0 0 0', '0 0 0', '0 0 0', '0 0 0', '0 0 0'),
(39, '2021-02-11', 3, '2 2 2', '5 5 5', '5 5 5', '4 4 4', '1 1 1', 6, '0 0 0', '0 0 0', '0 0 0', '0 0 0', '0 0 0'),
(40, '2021-02-12', 3, '2 2 2', '5 5 5', '5 5 5', '4 4 4', '1 1 1', 6, '0 0 0', '0 0 0', '0 0 0', '0 0 0', '0 0 0'),
(41, '2021-02-13', 3, '2 2 2', '5 5 5', '5 5 5', '4 4 4', '1 1 1', 6, '0 0 0', '0 0 0', '0 0 0', '0 0 0', '0 0 0'),
(42, '2021-02-14', 3, '2 2 2', '5 5 5', '5 5 5', '4 4 4', '1 1 1', 6, '0 0 0', '0 0 0', '0 0 0', '0 0 0', '0 0 0'),
(43, '2021-02-15', 4, '2 2 2', '5 5 5', '5 5 5', '4 4 4', '1 1 1', 7, '0 0 0', '0 0 0', '0 0 0', '0 0 0', '0 0 0'),
(44, '2021-02-16', 4, '2 2 2', '5 5 5', '5 5 5', '4 4 4', '1 1 1', 7, '0 0 0', '0 0 0', '0 0 0', '0 0 0', '0 0 0'),
(45, '2021-02-17', 4, '2 2 2', '5 5 5', '5 5 5', '4 4 4', '1 1 1', 7, '0 0 0', '0 0 0', '0 0 0', '0 0 0', '0 0 0'),
(46, '2021-02-18', 4, '2 2 2', '5 5 5', '5 5 5', '4 4 4', '1 1 1', 7, '0 0 0', '0 0 0', '0 0 0', '0 0 0', '0 0 0'),
(47, '2021-02-19', 4, '2 2 2', '5 5 5', '5 5 5', '4 4 4', '1 1 1', 7, '0 0 0', '0 0 0', '0 0 0', '0 0 0', '0 0 0'),
(48, '2021-02-20', 4, '2 2 2', '5 5 5', '5 5 5', '4 4 4', '1 1 1', 7, '0 0 0', '0 0 0', '0 0 0', '0 0 0', '0 0 0'),
(49, '2021-02-21', 4, '2 2 2', '5 5 5', '5 5 5', '4 4 4', '1 1 1', 7, '0 0 0', '0 0 0', '0 0 0', '0 0 0', '0 0 0'),
(50, '2021-02-22', 4, '2 2 2', '5 5 5', '5 5 5', '4 4 4', '1 1 1', 8, '0 0 0', '0 0 0', '0 0 0', '0 0 0', '0 0 0'),
(51, '2021-02-23', 4, '2 2 2', '5 5 5', '5 5 5', '4 4 4', '1 1 1', 8, '0 0 0', '0 0 0', '0 0 0', '0 0 0', '0 0 0'),
(52, '2021-02-24', 4, '2 2 2', '5 5 5', '5 5 5', '4 4 4', '1 1 1', 8, '0 0 0', '0 0 0', '0 0 0', '0 0 0', '0 0 0'),
(53, '2021-02-25', 4, '2 2 2', '5 5 5', '5 5 5', '4 4 4', '1 1 1', 8, '0 0 0', '0 0 0', '0 0 0', '0 0 0', '0 0 0'),
(54, '2021-02-26', 4, '2 2 2', '5 5 5', '5 5 5', '4 4 4', '1 1 1', 8, '0 0 0', '0 0 0', '0 0 0', '0 0 0', '0 0 0'),
(55, '2021-02-27', 4, '2 2 2', '5 5 5', '5 5 5', '4 4 4', '1 1 1', 8, '0 0 0', '0 0 0', '0 0 0', '0 0 0', '0 0 0'),
(56, '2021-02-28', 4, '2 2 2', '5 5 5', '5 5 5', '4 4 4', '1 1 1', 8, '0 0 0', '0 0 0', '0 0 0', '0 0 0', '0 0 0'),
(57, '2021-03-01', 5, '2 2 2', '5 5 5', '5 5 5', '4 4 4', '1 1 1', 9, '0 0 0', '0 0 0', '0 0 0', '0 0 0', '0 0 0'),
(58, '2021-03-02', 5, '2 2 2', '5 5 5', '5 5 5', '4 4 4', '1 1 1', 9, '0 0 0', '0 0 0', '0 0 0', '0 0 0', '0 0 0'),
(59, '2021-03-03', 5, '2 2 2', '5 5 5', '5 5 5', '4 4 4', '1 1 1', 9, '0 0 0', '0 0 0', '0 0 0', '0 0 0', '0 0 0'),
(60, '2021-03-04', 5, '2 2 2', '5 5 5', '5 5 5', '4 4 4', '1 1 1', 9, '0 0 0', '0 0 0', '0 0 0', '0 0 0', '0 0 0'),
(61, '2021-03-05', 5, '2 2 2', '5 5 5', '5 5 5', '4 4 4', '1 1 1', 9, '0 0 0', '0 0 0', '0 0 0', '0 0 0', '0 0 0'),
(62, '2021-03-06', 5, '2 2 2', '5 5 5', '5 5 5', '4 4 4', '1 1 1', 9, '0 0 0', '0 0 0', '0 0 0', '0 0 0', '0 0 0'),
(63, '2021-03-07', 5, '2 2 2', '5 5 5', '5 5 5', '4 4 4', '1 1 1', 9, '0 0 0', '0 0 0', '0 0 0', '0 0 0', '0 0 0'),
(64, '2021-03-08', 5, '2 2 2', '5 5 5', '5 5 5', '4 4 4', '1 1 1', 10, '0 0 0', '0 0 0', '0 0 0', '0 0 0', '0 0 0'),
(65, '2021-03-09', 5, '2 2 2', '5 5 5', '5 5 5', '4 4 4', '1 1 1', 10, '0 0 0', '0 0 0', '0 0 0', '0 0 0', '0 0 0'),
(66, '2021-03-10', 5, '2 2 2', '5 5 5', '5 5 5', '4 4 4', '1 1 1', 10, '0 0 0', '0 0 0', '0 0 0', '0 0 0', '0 0 0'),
(67, '2021-03-11', 5, '2 2 2', '5 5 5', '5 5 5', '4 4 4', '1 1 1', 10, '0 0 0', '0 0 0', '0 0 0', '0 0 0', '0 0 0'),
(68, '2021-03-12', 5, '2 2 2', '5 5 5', '5 5 5', '4 4 4', '1 1 1', 10, '0 0 0', '0 0 0', '0 0 0', '0 0 0', '0 0 0'),
(69, '2021-03-13', 5, '2 2 2', '5 5 5', '5 5 5', '4 4 4', '1 1 1', 10, '0 0 0', '0 0 0', '0 0 0', '0 0 0', '0 0 0'),
(70, '2021-03-14', 5, '2 2 2', '5 5 5', '5 5 5', '4 4 4', '1 1 1', 10, '0 0 0', '0 0 0', '0 0 0', '0 0 0', '0 0 0'),
(71, '2021-03-15', 6, '2 2 2', '5 5 5', '5 5 5', '4 4 4', '1 1 1', 11, '0 0 0', '0 0 0', '0 0 0', '0 0 0', '0 0 0'),
(72, '2021-03-16', 6, '2 2 2', '5 5 5', '5 5 5', '4 4 4', '1 1 1', 11, '0 0 0', '0 0 0', '0 0 0', '0 0 0', '0 0 0'),
(73, '2021-03-17', 6, '2 2 2', '5 5 5', '5 5 5', '4 4 4', '1 1 1', 11, '0 0 0', '0 0 0', '0 0 0', '0 0 0', '0 0 0'),
(74, '2021-03-18', 6, '2 2 2', '5 5 5', '5 5 5', '4 4 4', '1 1 1', 11, '0 0 0', '0 0 0', '0 0 0', '0 0 0', '0 0 0'),
(75, '2021-03-19', 6, '2 2 2', '5 5 5', '5 5 5', '4 4 4', '1 1 1', 11, '0 0 0', '0 0 0', '0 0 0', '0 0 0', '0 0 0'),
(76, '2021-03-20', 6, '2 2 2', '5 5 5', '5 5 5', '4 4 4', '1 1 1', 11, '0 0 0', '0 0 0', '0 0 0', '0 0 0', '0 0 0'),
(77, '2021-03-21', 6, '2 2 2', '5 5 5', '5 5 5', '4 4 4', '1 1 1', 11, '0 0 0', '0 0 0', '0 0 0', '0 0 0', '0 0 0'),
(78, '2021-03-22', 6, '2 2 2', '5 5 5', '5 5 5', '4 4 4', '1 1 1', 12, '0 0 0', '0 0 0', '0 0 0', '0 0 0', '0 0 0'),
(79, '2021-03-23', 6, '2 2 2', '5 5 5', '5 5 5', '4 4 4', '1 1 1', 12, '0 0 0', '0 0 0', '0 0 0', '0 0 0', '0 0 0'),
(80, '2021-03-24', 6, '2 2 2', '5 5 5', '5 5 5', '4 4 4', '1 1 1', 12, '0 0 0', '0 0 0', '0 0 0', '0 0 0', '0 0 0'),
(81, '2021-03-25', 6, '2 2 2', '5 5 5', '5 5 5', '4 4 4', '1 1 1', 12, '0 0 0', '0 0 0', '0 0 0', '0 0 0', '0 0 0'),
(82, '2021-03-26', 6, '2 2 2', '5 5 5', '5 5 5', '4 4 4', '1 1 1', 12, '0 0 0', '0 0 0', '0 0 0', '0 0 0', '0 0 0'),
(83, '2021-03-27', 6, '2 2 2', '5 5 5', '5 5 5', '4 4 4', '1 1 1', 12, '0 0 0', '0 0 0', '0 0 0', '0 0 0', '0 0 0'),
(84, '2021-03-28', 6, '2 2 2', '5 5 5', '5 5 5', '4 4 4', '1 1 1', 12, '0 0 0', '0 0 0', '0 0 0', '0 0 0', '0 0 0'),
(85, '2021-03-29', 7, '2 2 2', '5 5 5', '5 5 5', '4 4 4', '1 1 1', 13, '0 0 0', '0 0 0', '0 0 0', '0 0 0', '0 0 0'),
(86, '2021-03-30', 7, '2 2 2', '5 5 5', '5 5 5', '4 4 4', '1 1 1', 13, '0 0 0', '0 0 0', '0 0 0', '0 0 0', '0 0 0'),
(87, '2021-03-31', 7, '2 2 2', '5 5 5', '5 5 5', '4 4 4', '1 1 1', 13, '0 0 0', '0 0 0', '0 0 0', '0 0 0', '0 0 0'),
(88, '2021-04-01', 7, '2 2 2', '5 5 5', '5 5 5', '4 4 4', '1 1 1', 13, '0 0 0', '0 0 0', '0 0 0', '0 0 0', '0 0 0'),
(89, '2021-04-02', 7, '2 2 2', '5 5 5', '5 5 5', '4 4 4', '1 1 1', 13, '0 0 0', '0 0 0', '0 0 0', '0 0 0', '0 0 0'),
(90, '2021-04-03', 7, '2 2 2', '5 5 5', '5 5 5', '4 4 4', '1 1 1', 13, '0 0 0', '0 0 0', '0 0 0', '0 0 0', '0 0 0'),
(91, '2021-04-04', 7, '2 2 2', '5 5 5', '5 5 5', '4 4 4', '1 1 1', 13, '0 0 0', '0 0 0', '0 0 0', '0 0 0', '0 0 0'),
(92, '2021-04-05', 7, '2 2 2', '5 5 5', '5 5 5', '4 4 4', '1 1 1', 14, '0 0 0', '0 0 0', '0 0 0', '0 0 0', '0 0 0'),
(93, '2021-04-06', 7, '2 2 2', '5 5 5', '5 5 5', '4 4 4', '1 1 1', 14, '0 0 0', '0 0 0', '0 0 0', '0 0 0', '0 0 0'),
(94, '2021-04-07', 7, '2 2 2', '5 5 5', '5 5 5', '4 4 4', '1 1 1', 14, '0 0 0', '0 0 0', '0 0 0', '0 0 0', '0 0 0'),
(95, '2021-04-08', 7, '2 2 2', '5 5 5', '5 5 5', '4 4 4', '1 1 1', 14, '0 0 0', '0 0 0', '0 0 0', '0 0 0', '0 0 0'),
(96, '2021-04-09', 7, '2 2 2', '5 5 5', '5 5 5', '4 4 4', '1 1 1', 14, '0 0 0', '0 0 0', '0 0 0', '0 0 0', '0 0 0'),
(97, '2021-04-10', 7, '2 2 2', '5 5 5', '5 5 5', '4 4 4', '1 1 1', 14, '0 0 0', '0 0 0', '0 0 0', '0 0 0', '0 0 0'),
(98, '2021-04-11', 7, '2 2 2', '5 5 5', '5 5 5', '4 4 4', '1 1 1', 14, '0 0 0', '0 0 0', '0 0 0', '0 0 0', '0 0 0'),
(99, '2021-04-12', 8, '2 2 2', '5 5 5', '5 5 5', '4 4 4', '1 1 1', 15, '0 0 0', '0 0 0', '0 0 0', '0 0 0', '0 0 0'),
(100, '2021-04-13', 8, '2 2 2', '5 5 5', '5 5 5', '4 4 4', '1 1 1', 15, '0 0 0', '0 0 0', '0 0 0', '0 0 0', '0 0 0'),
(101, '2021-04-14', 8, '2 2 2', '5 5 5', '5 5 5', '4 4 4', '1 1 1', 15, '0 0 0', '0 0 0', '0 0 0', '0 0 0', '0 0 0'),
(102, '2021-04-15', 8, '2 2 2', '5 5 5', '5 5 5', '4 4 4', '1 1 1', 15, '0 0 0', '0 0 0', '0 0 0', '0 0 0', '0 0 0'),
(103, '2021-04-16', 8, '2 2 2', '5 5 5', '5 5 5', '4 4 4', '1 1 1', 15, '0 0 0', '0 0 0', '0 0 0', '0 0 0', '0 0 0'),
(104, '2021-04-17', 8, '2 2 2', '5 5 5', '5 5 5', '4 4 4', '1 1 1', 15, '0 0 0', '0 0 0', '0 0 0', '0 0 0', '0 0 0'),
(105, '2021-04-18', 8, '2 2 2', '5 5 5', '5 5 5', '4 4 4', '1 1 1', 15, '0 0 0', '0 0 0', '0 0 0', '0 0 0', '0 0 0'),
(106, '2021-04-19', 8, '2 2 2', '5 5 5', '5 5 5', '4 4 4', '1 1 1', 16, '0 0 0', '0 0 0', '0 0 0', '0 0 0', '0 0 0'),
(107, '2021-04-20', 8, '2 2 2', '5 5 5', '5 5 5', '4 4 4', '1 1 1', 16, '0 0 0', '0 0 0', '0 0 0', '0 0 0', '0 0 0'),
(108, '2021-04-21', 8, '2 2 2', '5 5 5', '5 5 5', '4 4 4', '1 1 1', 16, '0 0 0', '0 0 0', '0 0 0', '0 0 0', '0 0 0'),
(109, '2021-04-22', 8, '2 2 2', '5 5 5', '5 5 5', '4 4 4', '1 1 1', 16, '0 0 0', '0 0 0', '0 0 0', '0 0 0', '0 0 0'),
(110, '2021-04-23', 8, '2 2 2', '5 5 5', '5 5 5', '4 4 4', '1 1 1', 16, '0 0 0', '0 0 0', '0 0 0', '0 0 0', '0 0 0'),
(111, '2021-04-24', 8, '2 2 2', '5 5 5', '5 5 5', '4 4 4', '1 1 1', 16, '0 0 0', '0 0 0', '0 0 0', '0 0 0', '0 0 0'),
(112, '2021-04-25', 8, '2 2 2', '5 5 5', '5 5 5', '4 4 4', '1 1 1', 16, '0 0 0', '0 0 0', '0 0 0', '0 0 0', '0 0 0'),
(113, '2021-04-26', 9, '2 2 2', '5 5 5', '5 5 5', '4 4 4', '1 1 1', 17, '0 0 0', '0 0 0', '0 0 0', '0 0 0', '0 0 0'),
(114, '2021-04-27', 9, '2 2 2', '5 5 5', '5 5 5', '4 4 4', '1 1 1', 17, '0 0 0', '0 0 0', '0 0 0', '0 0 0', '0 0 0'),
(115, '2021-04-28', 9, '2 2 2', '5 5 5', '5 5 5', '4 4 4', '1 1 1', 17, '0 0 0', '0 0 0', '0 0 0', '0 0 0', '0 0 0'),
(116, '2021-04-29', 9, '2 2 2', '5 5 5', '5 5 5', '4 4 4', '1 1 1', 17, '0 0 0', '0 0 0', '0 0 0', '0 0 0', '0 0 0'),
(117, '2021-04-30', 9, '2 2 2', '5 5 5', '5 5 5', '4 4 4', '1 1 1', 17, '0 0 0', '0 0 0', '0 0 0', '0 0 0', '0 0 0'),
(118, '2021-05-01', 9, '2 2 2', '5 5 5', '5 5 5', '4 4 4', '1 1 1', 17, '0 0 0', '0 0 0', '0 0 0', '0 0 0', '0 0 0'),
(119, '2021-05-02', 9, '2 2 2', '5 5 5', '5 5 5', '4 4 4', '1 1 1', 17, '0 0 0', '0 0 0', '0 0 0', '0 0 0', '0 0 0'),
(120, '2021-05-03', 9, '2 2 2', '5 5 5', '5 5 5', '4 4 4', '1 1 1', 18, '0 0 0', '0 0 0', '0 0 0', '0 0 0', '0 0 0'),
(121, '2021-05-04', 9, '2 2 2', '5 5 5', '5 5 5', '4 4 4', '1 1 1', 18, '0 0 0', '0 0 0', '0 0 0', '0 0 0', '0 0 0'),
(122, '2021-05-05', 9, '2 2 2', '5 5 5', '5 5 5', '4 4 4', '1 1 1', 18, '0 0 0', '0 0 0', '0 0 0', '0 0 0', '0 0 0'),
(123, '2021-05-06', 9, '2 2 2', '5 5 5', '5 5 5', '4 4 4', '1 1 1', 18, '0 0 0', '0 0 0', '0 0 0', '0 0 0', '0 0 0'),
(124, '2021-05-07', 9, '2 2 2', '5 5 5', '5 5 5', '4 4 4', '1 1 1', 18, '0 0 0', '0 0 0', '0 0 0', '0 0 0', '0 0 0'),
(125, '2021-05-08', 9, '2 2 2', '5 5 5', '5 5 5', '4 4 4', '1 1 1', 18, '0 0 0', '0 0 0', '0 0 0', '0 0 0', '0 0 0'),
(126, '2021-05-09', 9, '2 2 2', '5 5 5', '5 5 5', '4 4 4', '1 1 1', 18, '0 0 0', '0 0 0', '0 0 0', '0 0 0', '0 0 0'),
(127, '2021-05-10', 10, '2 2 2', '5 5 5', '5 5 5', '4 4 4', '1 1 1', 19, '2 2 2', '5 5 5', '5 5 5', '4 4 4', '1 1 1'),
(128, '2021-05-11', 10, '2 2 2', '5 5 5', '5 5 5', '4 4 4', '1 1 1', 19, '2 2 2', '5 5 5', '5 5 5', '4 4 4', '1 1 1'),
(129, '2021-05-12', 10, '2 2 2', '5 5 5', '5 5 5', '4 4 4', '1 1 1', 19, '2 2 2', '5 5 5', '5 5 5', '4 4 4', '1 1 1'),
(130, '2021-05-13', 10, '2 2 2', '5 5 5', '5 5 5', '4 4 4', '1 1 1', 19, '2 2 2', '5 5 5', '5 5 5', '4 4 4', '1 1 1'),
(131, '2021-05-14', 10, '2 2 2', '5 5 5', '5 5 5', '4 4 4', '1 1 1', 19, '2 2 2', '5 5 5', '5 5 5', '4 4 4', '1 1 1'),
(132, '2021-05-15', 10, '2 2 2', '5 5 5', '5 5 5', '4 4 4', '1 1 1', 19, '2 2 2', '5 5 5', '5 5 5', '4 4 4', '1 1 1'),
(133, '2021-05-16', 10, '2 2 2', '5 5 5', '5 5 5', '4 4 4', '1 1 1', 19, '2 2 2', '5 5 5', '5 5 5', '4 4 4', '1 1 1'),
(134, '2021-05-17', 10, '2 2 2', '5 5 5', '5 5 5', '4 4 4', '1 1 1', 20, '2 2 2', '5 5 5', '5 5 5', '4 4 4', '1 1 1'),
(135, '2021-05-18', 10, '2 2 2', '5 5 5', '5 5 5', '4 4 4', '1 1 1', 20, '2 2 2', '5 5 5', '5 5 5', '4 4 4', '1 1 1'),
(136, '2021-05-19', 10, '2 2 2', '5 5 5', '5 5 5', '4 4 4', '1 1 1', 20, '2 2 2', '5 5 5', '5 5 5', '4 4 4', '1 1 1'),
(137, '2021-05-20', 10, '2 2 2', '5 5 5', '5 5 5', '4 4 4', '1 1 1', 20, '2 2 2', '5 5 5', '5 5 5', '4 4 4', '1 1 1'),
(138, '2021-05-21', 10, '2 2 2', '5 5 5', '5 5 5', '4 4 4', '1 1 1', 20, '2 2 2', '5 5 5', '5 5 5', '4 4 4', '1 1 1'),
(139, '2021-05-22', 10, '2 2 2', '5 5 5', '5 5 5', '4 4 4', '1 1 1', 20, '2 2 2', '5 5 5', '5 5 5', '4 4 4', '1 1 1'),
(140, '2021-05-23', 10, '2 2 2', '5 5 5', '5 5 5', '4 4 4', '1 1 1', 20, '2 2 2', '5 5 5', '5 5 5', '4 4 4', '1 1 1'),
(141, '2021-05-24', 11, '2 2 2', '8 5 10', '5 5 5', '4 4 4', '1 1 1', 21, '2 2 2', '6 5 5', '5 5 5', '4 4 4', '1 1 1'),
(142, '2021-05-25', 11, '2 2 2', '5 5 5', '5 5 5', '4 4 4', '1 1 1', 21, '0 0 0', '0 0 0', '0 0 0', '0 0 0', '0 0 0'),
(143, '2021-05-26', 11, '2 2 2', '5 5 5', '5 5 5', '4 4 4', '1 1 1', 21, '0 0 0', '0 0 0', '0 0 0', '0 0 0', '0 0 0'),
(144, '2021-05-27', 11, '2 2 2', '5 5 5', '5 5 5', '4 4 4', '1 1 1', 21, '0 0 0', '0 0 0', '0 0 0', '0 0 0', '0 0 0'),
(145, '2021-05-28', 11, '2 2 2', '5 5 5', '5 5 5', '4 4 4', '1 1 1', 21, '0 0 0', '0 0 0', '0 0 0', '0 0 0', '0 0 0'),
(146, '2021-05-29', 11, '2 2 2', '5 5 5', '5 5 5', '4 4 4', '1 1 1', 21, '0 0 0', '0 0 0', '0 0 0', '0 0 0', '0 0 0'),
(147, '2021-05-30', 11, '2 2 2', '5 5 5', '5 5 5', '4 4 4', '1 1 1', 21, '0 0 0', '0 0 0', '0 0 0', '0 0 0', '0 0 0'),
(148, '2021-05-31', 11, '2 2 2', '5 5 5', '5 5 5', '4 4 4', '1 1 1', 22, '0 0 0', '0 0 0', '0 0 0', '0 0 0', '0 0 0'),
(149, '2021-06-01', 11, '2 2 2', '5 5 5', '5 5 5', '4 4 4', '1 1 1', 22, '0 0 0', '0 0 0', '0 0 0', '0 0 0', '0 0 0'),
(150, '2021-06-02', 11, '2 2 2', '5 5 5', '5 5 5', '4 4 4', '1 1 1', 22, '0 0 0', '0 0 0', '0 0 0', '0 0 0', '0 0 0'),
(151, '2021-06-03', 11, '2 2 2', '5 5 5', '5 5 5', '4 4 4', '1 1 1', 22, '0 0 0', '0 0 0', '0 0 0', '0 0 0', '0 0 0'),
(152, '2021-06-04', 11, '2 2 2', '5 5 5', '5 5 5', '4 4 4', '1 1 1', 22, '0 0 0', '0 0 0', '0 0 0', '0 0 0', '0 0 0'),
(153, '2021-06-05', 11, '2 2 2', '5 5 5', '5 5 5', '4 4 4', '1 1 1', 22, '0 0 0', '0 0 0', '0 0 0', '0 0 0', '0 0 0'),
(154, '2021-06-06', 11, '2 2 2', '5 5 5', '5 5 5', '4 4 4', '1 1 1', 22, '0 0 0', '0 0 0', '0 0 0', '0 0 0', '0 0 0'),
(155, '2021-06-07', 12, '2 2 2', '5 5 5', '5 5 5', '4 4 4', '1 1 1', 23, '0 0 0', '0 0 0', '0 0 0', '0 0 0', '0 0 0'),
(156, '2021-06-08', 12, '2 2 2', '5 5 5', '5 5 5', '4 4 4', '1 1 1', 23, '0 0 0', '0 0 0', '0 0 0', '0 0 0', '0 0 0'),
(157, '2021-06-09', 12, '2 2 2', '5 5 5', '5 5 5', '4 4 4', '1 1 1', 23, '0 0 0', '0 0 0', '0 0 0', '0 0 0', '0 0 0'),
(158, '2021-06-10', 12, '2 2 2', '5 5 5', '5 5 5', '4 4 4', '1 1 1', 23, '0 0 0', '0 0 0', '0 0 0', '0 0 0', '0 0 0'),
(159, '2021-06-11', 12, '2 2 2', '5 5 5', '5 5 5', '4 4 4', '1 1 1', 23, '0 0 0', '0 0 0', '0 0 0', '0 0 0', '0 0 0'),
(160, '2021-06-12', 12, '2 2 2', '5 5 5', '5 5 5', '4 4 4', '1 1 1', 23, '0 0 0', '0 0 0', '0 0 0', '0 0 0', '0 0 0'),
(161, '2021-06-13', 12, '2 2 2', '5 5 5', '5 5 5', '4 4 4', '1 1 1', 23, '0 0 0', '0 0 0', '0 0 0', '0 0 0', '0 0 0'),
(162, '2021-06-14', 12, '2 2 2', '5 5 5', '5 5 5', '4 4 4', '1 1 1', 24, '0 0 0', '0 0 0', '0 0 0', '0 0 0', '0 0 0'),
(163, '2021-06-15', 12, '2 2 2', '5 5 5', '5 5 5', '4 4 4', '1 1 1', 24, '0 0 0', '0 0 0', '0 0 0', '0 0 0', '0 0 0'),
(164, '2021-06-16', 12, '2 2 2', '5 5 5', '5 5 5', '4 4 4', '1 1 1', 24, '0 0 0', '0 0 0', '0 0 0', '0 0 0', '0 0 0'),
(165, '2021-06-17', 12, '2 2 2', '5 5 5', '5 5 5', '4 4 4', '1 1 1', 24, '0 0 0', '0 0 0', '0 0 0', '0 0 0', '0 0 0'),
(166, '2021-06-18', 12, '2 2 2', '5 5 5', '5 5 5', '4 4 4', '1 1 1', 24, '0 0 0', '0 0 0', '0 0 0', '0 0 0', '0 0 0'),
(167, '2021-06-19', 12, '2 2 2', '5 5 5', '5 5 5', '4 4 4', '1 1 1', 24, '0 0 0', '0 0 0', '0 0 0', '0 0 0', '0 0 0'),
(168, '2021-06-20', 12, '2 2 2', '5 5 5', '5 5 5', '4 4 4', '1 1 1', 24, '0 0 0', '0 0 0', '0 0 0', '0 0 0', '0 0 0'),
(169, '2021-06-21', 13, '2 2 2', '5 5 5', '5 5 5', '4 4 4', '1 1 1', 25, '0 0 0', '0 0 0', '0 0 0', '0 0 0', '0 0 0'),
(170, '2021-06-22', 13, '2 2 2', '5 5 5', '5 5 5', '4 4 4', '1 1 1', 25, '0 0 0', '0 0 0', '0 0 0', '0 0 0', '0 0 0'),
(171, '2021-06-23', 13, '2 2 2', '5 5 5', '5 5 5', '4 4 4', '1 1 1', 25, '0 0 0', '0 0 0', '0 0 0', '0 0 0', '0 0 0'),
(172, '2021-06-24', 13, '2 2 2', '5 5 5', '5 5 5', '4 4 4', '1 1 1', 25, '0 0 0', '0 0 0', '0 0 0', '0 0 0', '0 0 0'),
(173, '2021-06-25', 13, '2 2 2', '5 5 5', '5 5 5', '4 4 4', '1 1 1', 25, '0 0 0', '0 0 0', '0 0 0', '0 0 0', '0 0 0'),
(174, '2021-06-26', 13, '2 2 2', '5 5 5', '5 5 5', '4 4 4', '1 1 1', 25, '0 0 0', '0 0 0', '0 0 0', '0 0 0', '0 0 0'),
(175, '2021-06-27', 13, '2 2 2', '5 5 5', '5 5 5', '4 4 4', '1 1 1', 25, '0 0 0', '0 0 0', '0 0 0', '0 0 0', '0 0 0'),
(176, '2021-06-28', 13, '2 2 2', '5 5 5', '5 5 5', '4 4 4', '1 1 1', 26, '0 0 0', '0 0 0', '0 0 0', '0 0 0', '0 0 0'),
(177, '2021-06-29', 13, '2 2 2', '5 5 5', '5 5 5', '4 4 4', '1 1 1', 26, '0 0 0', '0 0 0', '0 0 0', '0 0 0', '0 0 0'),
(178, '2021-06-30', 13, '2 2 2', '5 5 5', '5 5 5', '4 4 4', '1 1 1', 26, '0 0 0', '0 0 0', '0 0 0', '0 0 0', '0 0 0'),
(179, '2021-07-01', 13, '2 2 2', '5 5 5', '5 5 5', '4 4 4', '1 1 1', 26, '0 0 0', '0 0 0', '0 0 0', '0 0 0', '0 0 0'),
(180, '2021-07-02', 13, '2 2 2', '5 5 5', '5 5 5', '4 4 4', '1 1 1', 26, '0 0 0', '0 0 0', '0 0 0', '0 0 0', '0 0 0'),
(181, '2021-07-03', 13, '2 2 2', '5 5 5', '5 5 5', '4 4 4', '1 1 1', 26, '0 0 0', '0 0 0', '0 0 0', '0 0 0', '0 0 0'),
(182, '2021-07-04', 13, '2 2 2', '5 5 5', '5 5 5', '4 4 4', '1 1 1', 26, '0 0 0', '0 0 0', '0 0 0', '0 0 0', '0 0 0'),
(183, '2021-07-05', 14, '2 2 2', '5 5 5', '5 5 5', '4 4 4', '1 1 1', 27, '0 0 0', '0 0 0', '0 0 0', '0 0 0', '0 0 0'),
(184, '2021-07-06', 14, '2 2 2', '5 5 5', '5 5 5', '4 4 4', '1 1 1', 27, '0 0 0', '0 0 0', '0 0 0', '0 0 0', '0 0 0'),
(185, '2021-07-07', 14, '2 2 2', '5 5 5', '5 5 5', '4 4 4', '1 1 1', 27, '0 0 0', '0 0 0', '0 0 0', '0 0 0', '0 0 0'),
(186, '2021-07-08', 14, '2 2 2', '5 5 5', '5 5 5', '4 4 4', '1 1 1', 27, '0 0 0', '0 0 0', '0 0 0', '0 0 0', '0 0 0'),
(187, '2021-07-09', 14, '2 2 2', '5 5 5', '5 5 5', '4 4 4', '1 1 1', 27, '0 0 0', '0 0 0', '0 0 0', '0 0 0', '0 0 0'),
(188, '2021-07-10', 14, '2 2 2', '5 5 5', '5 5 5', '4 4 4', '1 1 1', 27, '0 0 0', '0 0 0', '0 0 0', '0 0 0', '0 0 0'),
(189, '2021-07-11', 14, '2 2 2', '5 5 5', '5 5 5', '4 4 4', '1 1 1', 27, '0 0 0', '0 0 0', '0 0 0', '0 0 0', '0 0 0'),
(190, '2021-07-12', 14, '2 2 2', '5 5 5', '5 5 5', '4 4 4', '1 1 1', 28, '0 0 0', '0 0 0', '0 0 0', '0 0 0', '0 0 0'),
(191, '2021-07-13', 14, '2 2 2', '5 5 5', '5 5 5', '4 4 4', '1 1 1', 28, '0 0 0', '0 0 0', '0 0 0', '0 0 0', '0 0 0'),
(192, '2021-07-14', 14, '2 2 2', '5 5 5', '5 5 5', '4 4 4', '1 1 1', 28, '0 0 0', '0 0 0', '0 0 0', '0 0 0', '0 0 0'),
(193, '2021-07-15', 14, '2 2 2', '5 5 5', '5 5 5', '4 4 4', '1 1 1', 28, '0 0 0', '0 0 0', '0 0 0', '0 0 0', '0 0 0'),
(194, '2021-07-16', 14, '2 2 2', '5 5 5', '5 5 5', '4 4 4', '1 1 1', 28, '0 0 0', '0 0 0', '0 0 0', '0 0 0', '0 0 0'),
(195, '2021-07-17', 14, '2 2 2', '5 5 5', '5 5 5', '4 4 4', '1 1 1', 28, '0 0 0', '0 0 0', '0 0 0', '0 0 0', '0 0 0'),
(196, '2021-07-18', 14, '2 2 2', '5 5 5', '5 5 5', '4 4 4', '1 1 1', 28, '0 0 0', '0 0 0', '0 0 0', '0 0 0', '0 0 0'),
(197, '2021-07-19', 15, '2 2 2', '5 5 5', '5 5 5', '4 4 4', '1 1 1', 29, '0 0 0', '0 0 0', '0 0 0', '0 0 0', '0 0 0'),
(198, '2021-07-20', 15, '2 2 2', '5 5 5', '5 5 5', '4 4 4', '1 1 1', 29, '0 0 0', '0 0 0', '0 0 0', '0 0 0', '0 0 0'),
(199, '2021-07-21', 15, '2 2 2', '5 5 5', '5 5 5', '4 4 4', '1 1 1', 29, '0 0 0', '0 0 0', '0 0 0', '0 0 0', '0 0 0'),
(200, '2021-07-22', 15, '2 2 2', '5 5 5', '5 5 5', '4 4 4', '1 1 1', 29, '0 0 0', '0 0 0', '0 0 0', '0 0 0', '0 0 0'),
(201, '2021-07-23', 15, '2 2 2', '5 5 5', '5 5 5', '4 4 4', '1 1 1', 29, '0 0 0', '0 0 0', '0 0 0', '0 0 0', '0 0 0'),
(202, '2021-07-24', 15, '2 2 2', '5 5 5', '5 5 5', '4 4 4', '1 1 1', 29, '0 0 0', '0 0 0', '0 0 0', '0 0 0', '0 0 0'),
(203, '2021-07-25', 15, '2 2 2', '5 5 5', '5 5 5', '4 4 4', '1 1 1', 29, '0 0 0', '0 0 0', '0 0 0', '0 0 0', '0 0 0'),
(204, '2021-07-26', 15, '2 2 2', '5 5 5', '5 5 5', '4 4 4', '1 1 1', 30, '0 0 0', '0 0 0', '0 0 0', '0 0 0', '0 0 0'),
(205, '2021-07-27', 15, '2 2 2', '5 5 5', '5 5 5', '4 4 4', '1 1 1', 30, '0 0 0', '0 0 0', '0 0 0', '0 0 0', '0 0 0'),
(206, '2021-07-28', 15, '2 2 2', '5 5 5', '5 5 5', '4 4 4', '1 1 1', 30, '0 0 0', '0 0 0', '0 0 0', '0 0 0', '0 0 0'),
(207, '2021-07-29', 15, '2 2 2', '5 5 5', '5 5 5', '4 4 4', '1 1 1', 30, '0 0 0', '0 0 0', '0 0 0', '0 0 0', '0 0 0'),
(208, '2021-07-30', 15, '2 2 2', '5 5 5', '5 5 5', '4 4 4', '1 1 1', 30, '0 0 0', '0 0 0', '0 0 0', '0 0 0', '0 0 0'),
(209, '2021-07-31', 15, '2 2 2', '5 5 5', '5 5 5', '4 4 4', '1 1 1', 30, '0 0 0', '0 0 0', '0 0 0', '0 0 0', '0 0 0'),
(210, '2021-08-01', 15, '2 2 2', '5 5 5', '5 5 5', '4 4 4', '1 1 1', 30, '0 0 0', '0 0 0', '0 0 0', '0 0 0', '0 0 0'),
(211, '2021-08-02', 16, '2 2 2', '5 5 5', '5 5 5', '4 4 4', '1 1 1', 31, '0 0 0', '0 0 0', '0 0 0', '0 0 0', '0 0 0'),
(212, '2021-08-03', 16, '2 2 2', '5 5 5', '5 5 5', '4 4 4', '1 1 1', 31, '0 0 0', '0 0 0', '0 0 0', '0 0 0', '0 0 0'),
(213, '2021-08-04', 16, '2 2 2', '5 5 5', '5 5 5', '4 4 4', '1 1 1', 31, '0 0 0', '0 0 0', '0 0 0', '0 0 0', '0 0 0'),
(214, '2021-08-05', 16, '2 2 2', '5 5 5', '5 5 5', '4 4 4', '1 1 1', 31, '0 0 0', '0 0 0', '0 0 0', '0 0 0', '0 0 0'),
(215, '2021-08-06', 16, '2 2 2', '5 5 5', '5 5 5', '4 4 4', '1 1 1', 31, '0 0 0', '0 0 0', '0 0 0', '0 0 0', '0 0 0'),
(216, '2021-08-07', 16, '2 2 2', '5 5 5', '5 5 5', '4 4 4', '1 1 1', 31, '0 0 0', '0 0 0', '0 0 0', '0 0 0', '0 0 0'),
(217, '2021-08-08', 16, '2 2 2', '5 5 5', '5 5 5', '4 4 4', '1 1 1', 31, '0 0 0', '0 0 0', '0 0 0', '0 0 0', '0 0 0'),
(218, '2021-08-09', 16, '2 2 2', '5 5 5', '5 5 5', '4 4 4', '1 1 1', 32, '0 0 0', '0 0 0', '0 0 0', '0 0 0', '0 0 0'),
(219, '2021-08-10', 16, '2 2 2', '5 5 5', '5 5 5', '4 4 4', '1 1 1', 32, '0 0 0', '0 0 0', '0 0 0', '0 0 0', '0 0 0'),
(220, '2021-08-11', 16, '2 2 2', '5 5 5', '5 5 5', '4 4 4', '1 1 1', 32, '0 0 0', '0 0 0', '0 0 0', '0 0 0', '0 0 0'),
(221, '2021-08-12', 16, '2 2 2', '5 5 5', '5 5 5', '4 4 4', '1 1 1', 32, '0 0 0', '0 0 0', '0 0 0', '0 0 0', '0 0 0'),
(222, '2021-08-13', 16, '2 2 2', '5 5 5', '5 5 5', '4 4 4', '1 1 1', 32, '0 0 0', '0 0 0', '0 0 0', '0 0 0', '0 0 0'),
(223, '2021-08-14', 16, '2 2 2', '5 5 5', '5 5 5', '4 4 4', '1 1 1', 32, '0 0 0', '0 0 0', '0 0 0', '0 0 0', '0 0 0'),
(224, '2021-08-15', 16, '2 2 2', '5 5 5', '5 5 5', '4 4 4', '1 1 1', 32, '0 0 0', '0 0 0', '0 0 0', '0 0 0', '0 0 0'),
(225, '2021-08-16', 17, '2 2 2', '5 5 5', '5 5 5', '4 4 4', '1 1 1', 33, '0 0 0', '0 0 0', '0 0 0', '0 0 0', '0 0 0'),
(226, '2021-08-17', 17, '2 2 2', '5 5 5', '5 5 5', '4 4 4', '1 1 1', 33, '0 0 0', '0 0 0', '0 0 0', '0 0 0', '0 0 0'),
(227, '2021-08-18', 17, '2 2 2', '5 5 5', '5 5 5', '4 4 4', '1 1 1', 33, '0 0 0', '0 0 0', '0 0 0', '0 0 0', '0 0 0'),
(228, '2021-08-19', 17, '2 2 2', '5 5 5', '5 5 5', '4 4 4', '1 1 1', 33, '0 0 0', '0 0 0', '0 0 0', '0 0 0', '0 0 0'),
(229, '2021-08-20', 17, '2 2 2', '5 5 5', '5 5 5', '4 4 4', '1 1 1', 33, '0 0 0', '0 0 0', '0 0 0', '0 0 0', '0 0 0'),
(230, '2021-08-21', 17, '2 2 2', '5 5 5', '5 5 5', '4 4 4', '1 1 1', 33, '0 0 0', '0 0 0', '0 0 0', '0 0 0', '0 0 0'),
(231, '2021-08-22', 17, '2 2 2', '5 5 5', '5 5 5', '4 4 4', '1 1 1', 33, '0 0 0', '0 0 0', '0 0 0', '0 0 0', '0 0 0'),
(232, '2021-08-23', 17, '2 2 2', '5 5 5', '5 5 5', '4 4 4', '1 1 1', 34, '0 0 0', '0 0 0', '0 0 0', '0 0 0', '0 0 0'),
(233, '2021-08-24', 17, '2 2 2', '5 5 5', '5 5 5', '4 4 4', '1 1 1', 34, '0 0 0', '0 0 0', '0 0 0', '0 0 0', '0 0 0'),
(234, '2021-08-25', 17, '2 2 2', '5 5 5', '5 5 5', '4 4 4', '1 1 1', 34, '0 0 0', '0 0 0', '0 0 0', '0 0 0', '0 0 0'),
(235, '2021-08-26', 17, '2 2 2', '5 5 5', '5 5 5', '4 4 4', '1 1 1', 34, '0 0 0', '0 0 0', '0 0 0', '0 0 0', '0 0 0'),
(236, '2021-08-27', 17, '2 2 2', '5 5 5', '5 5 5', '4 4 4', '1 1 1', 34, '0 0 0', '0 0 0', '0 0 0', '0 0 0', '0 0 0'),
(237, '2021-08-28', 17, '2 2 2', '5 5 5', '5 5 5', '4 4 4', '1 1 1', 34, '0 0 0', '0 0 0', '0 0 0', '0 0 0', '0 0 0'),
(238, '2021-08-29', 17, '2 2 2', '5 5 5', '5 5 5', '4 4 4', '1 1 1', 34, '0 0 0', '0 0 0', '0 0 0', '0 0 0', '0 0 0'),
(239, '2021-08-30', 18, '2 2 2', '5 5 5', '5 5 5', '4 4 4', '1 1 1', 35, '0 0 0', '0 0 0', '0 0 0', '0 0 0', '0 0 0'),
(240, '2021-08-31', 18, '2 2 2', '5 5 5', '5 5 5', '4 4 4', '1 1 1', 35, '0 0 0', '0 0 0', '0 0 0', '0 0 0', '0 0 0'),
(241, '2021-09-01', 18, '2 2 2', '5 5 5', '5 5 5', '4 4 4', '1 1 1', 35, '0 0 0', '0 0 0', '0 0 0', '0 0 0', '0 0 0'),
(242, '2021-09-02', 18, '2 2 2', '5 5 5', '5 5 5', '4 4 4', '1 1 1', 35, '0 0 0', '0 0 0', '0 0 0', '0 0 0', '0 0 0'),
(243, '2021-09-03', 18, '2 2 2', '5 5 5', '5 5 5', '4 4 4', '1 1 1', 35, '0 0 0', '0 0 0', '0 0 0', '0 0 0', '0 0 0'),
(244, '2021-09-04', 18, '2 2 2', '5 5 5', '5 5 5', '4 4 4', '1 1 1', 35, '0 0 0', '0 0 0', '0 0 0', '0 0 0', '0 0 0'),
(245, '2021-09-05', 18, '2 2 2', '5 5 5', '5 5 5', '4 4 4', '1 1 1', 35, '0 0 0', '0 0 0', '0 0 0', '0 0 0', '0 0 0'),
(246, '2021-09-06', 18, '2 2 2', '5 5 5', '5 5 5', '4 4 4', '1 1 1', 36, '0 0 0', '0 0 0', '0 0 0', '0 0 0', '0 0 0'),
(247, '2021-09-07', 18, '2 2 2', '5 5 5', '5 5 5', '4 4 4', '1 1 1', 36, '0 0 0', '0 0 0', '0 0 0', '0 0 0', '0 0 0'),
(248, '2021-09-08', 18, '2 2 2', '5 5 5', '5 5 5', '4 4 4', '1 1 1', 36, '0 0 0', '0 0 0', '0 0 0', '0 0 0', '0 0 0'),
(249, '2021-09-09', 18, '2 2 2', '5 5 5', '5 5 5', '4 4 4', '1 1 1', 36, '0 0 0', '0 0 0', '0 0 0', '0 0 0', '0 0 0'),
(250, '2021-09-10', 18, '2 2 2', '5 5 5', '5 5 5', '4 4 4', '1 1 1', 36, '0 0 0', '0 0 0', '0 0 0', '0 0 0', '0 0 0'),
(251, '2021-09-11', 18, '2 2 2', '5 5 5', '5 5 5', '4 4 4', '1 1 1', 36, '0 0 0', '0 0 0', '0 0 0', '0 0 0', '0 0 0'),
(252, '2021-09-12', 18, '2 2 2', '5 5 5', '5 5 5', '4 4 4', '1 1 1', 36, '0 0 0', '0 0 0', '0 0 0', '0 0 0', '0 0 0'),
(253, '2021-09-13', 19, '2 2 2', '5 5 5', '5 5 5', '4 4 4', '1 1 1', 37, '0 0 0', '0 0 0', '0 0 0', '0 0 0', '0 0 0'),
(254, '2021-09-14', 19, '2 2 2', '5 5 5', '5 5 5', '4 4 4', '1 1 1', 37, '0 0 0', '0 0 0', '0 0 0', '0 0 0', '0 0 0'),
(255, '2021-09-15', 19, '2 2 2', '5 5 5', '5 5 5', '4 4 4', '1 1 1', 37, '0 0 0', '0 0 0', '0 0 0', '0 0 0', '0 0 0'),
(256, '2021-09-16', 19, '2 2 2', '5 5 5', '5 5 5', '4 4 4', '1 1 1', 37, '0 0 0', '0 0 0', '0 0 0', '0 0 0', '0 0 0'),
(257, '2021-09-17', 19, '2 2 2', '5 5 5', '5 5 5', '4 4 4', '1 1 1', 37, '0 0 0', '0 0 0', '0 0 0', '0 0 0', '0 0 0'),
(258, '2021-09-18', 19, '2 2 2', '5 5 5', '5 5 5', '4 4 4', '1 1 1', 37, '0 0 0', '0 0 0', '0 0 0', '0 0 0', '0 0 0'),
(259, '2021-09-19', 19, '2 2 2', '5 5 5', '5 5 5', '4 4 4', '1 1 1', 37, '0 0 0', '0 0 0', '0 0 0', '0 0 0', '0 0 0'),
(260, '2021-09-20', 19, '2 2 2', '5 5 5', '5 5 5', '4 4 4', '1 1 1', 38, '0 0 0', '0 0 0', '0 0 0', '0 0 0', '0 0 0'),
(261, '2021-09-21', 19, '2 2 2', '5 5 5', '5 5 5', '4 4 4', '1 1 1', 38, '0 0 0', '0 0 0', '0 0 0', '0 0 0', '0 0 0'),
(262, '2021-09-22', 19, '2 2 2', '5 5 5', '5 5 5', '4 4 4', '1 1 1', 38, '0 0 0', '0 0 0', '0 0 0', '0 0 0', '0 0 0'),
(263, '2021-09-23', 19, '2 2 2', '5 5 5', '5 5 5', '4 4 4', '1 1 1', 38, '0 0 0', '0 0 0', '0 0 0', '0 0 0', '0 0 0'),
(264, '2021-09-24', 19, '2 2 2', '5 5 5', '5 5 5', '4 4 4', '1 1 1', 38, '0 0 0', '0 0 0', '0 0 0', '0 0 0', '0 0 0'),
(265, '2021-09-25', 19, '2 2 2', '5 5 5', '5 5 5', '4 4 4', '1 1 1', 38, '0 0 0', '0 0 0', '0 0 0', '0 0 0', '0 0 0'),
(266, '2021-09-26', 19, '2 2 2', '5 5 5', '5 5 5', '4 4 4', '1 1 1', 38, '0 0 0', '0 0 0', '0 0 0', '0 0 0', '0 0 0'),
(267, '2021-09-27', 20, '2 2 2', '5 5 5', '5 5 5', '4 4 4', '1 1 1', 39, '0 0 0', '0 0 0', '0 0 0', '0 0 0', '0 0 0'),
(268, '2021-09-28', 20, '2 2 2', '5 5 5', '5 5 5', '4 4 4', '1 1 1', 39, '0 0 0', '0 0 0', '0 0 0', '0 0 0', '0 0 0'),
(269, '2021-09-29', 20, '2 2 2', '5 5 5', '5 5 5', '4 4 4', '1 1 1', 39, '0 0 0', '0 0 0', '0 0 0', '0 0 0', '0 0 0'),
(270, '2021-09-30', 20, '2 2 2', '5 5 5', '5 5 5', '4 4 4', '1 1 1', 39, '0 0 0', '0 0 0', '0 0 0', '0 0 0', '0 0 0'),
(271, '2021-10-01', 20, '2 2 2', '5 5 5', '5 5 5', '4 4 4', '1 1 1', 39, '0 0 0', '0 0 0', '0 0 0', '0 0 0', '0 0 0'),
(272, '2021-10-02', 20, '2 2 2', '5 5 5', '5 5 5', '4 4 4', '1 1 1', 39, '0 0 0', '0 0 0', '0 0 0', '0 0 0', '0 0 0'),
(273, '2021-10-03', 20, '2 2 2', '5 5 5', '5 5 5', '4 4 4', '1 1 1', 39, '0 0 0', '0 0 0', '0 0 0', '0 0 0', '0 0 0'),
(274, '2021-10-04', 20, '2 2 2', '5 5 5', '5 5 5', '4 4 4', '1 1 1', 40, '0 0 0', '0 0 0', '0 0 0', '0 0 0', '0 0 0'),
(275, '2021-10-05', 20, '2 2 2', '5 5 5', '5 5 5', '4 4 4', '1 1 1', 40, '0 0 0', '0 0 0', '0 0 0', '0 0 0', '0 0 0'),
(276, '2021-10-06', 20, '2 2 2', '5 5 5', '5 5 5', '4 4 4', '1 1 1', 40, '0 0 0', '0 0 0', '0 0 0', '0 0 0', '0 0 0'),
(277, '2021-10-07', 20, '2 2 2', '5 5 5', '5 5 5', '4 4 4', '1 1 1', 40, '0 0 0', '0 0 0', '0 0 0', '0 0 0', '0 0 0'),
(278, '2021-10-08', 20, '2 2 2', '5 5 5', '5 5 5', '4 4 4', '1 1 1', 40, '0 0 0', '0 0 0', '0 0 0', '0 0 0', '0 0 0'),
(279, '2021-10-09', 20, '2 2 2', '5 5 5', '5 5 5', '4 4 4', '1 1 1', 40, '0 0 0', '0 0 0', '0 0 0', '0 0 0', '0 0 0'),
(280, '2021-10-10', 20, '2 2 2', '5 5 5', '5 5 5', '4 4 4', '1 1 1', 40, '0 0 0', '0 0 0', '0 0 0', '0 0 0', '0 0 0'),
(281, '2021-10-11', 21, '2 2 2', '5 5 5', '5 5 5', '4 4 4', '1 1 1', 41, '0 0 0', '0 0 0', '0 0 0', '0 0 0', '0 0 0'),
(282, '2021-10-12', 21, '2 2 2', '5 5 5', '5 5 5', '4 4 4', '1 1 1', 41, '0 0 0', '0 0 0', '0 0 0', '0 0 0', '0 0 0'),
(283, '2021-10-13', 21, '2 2 2', '5 5 5', '5 5 5', '4 4 4', '1 1 1', 41, '0 0 0', '0 0 0', '0 0 0', '0 0 0', '0 0 0'),
(284, '2021-10-14', 21, '2 2 2', '5 5 5', '5 5 5', '4 4 4', '1 1 1', 41, '0 0 0', '0 0 0', '0 0 0', '0 0 0', '0 0 0'),
(285, '2021-10-15', 21, '2 2 2', '5 5 5', '5 5 5', '4 4 4', '1 1 1', 41, '0 0 0', '0 0 0', '0 0 0', '0 0 0', '0 0 0'),
(286, '2021-10-16', 21, '2 2 2', '5 5 5', '5 5 5', '4 4 4', '1 1 1', 41, '0 0 0', '0 0 0', '0 0 0', '0 0 0', '0 0 0'),
(287, '2021-10-17', 21, '2 2 2', '5 5 5', '5 5 5', '4 4 4', '1 1 1', 41, '0 0 0', '0 0 0', '0 0 0', '0 0 0', '0 0 0'),
(288, '2021-10-18', 21, '2 2 2', '5 5 5', '5 5 5', '4 4 4', '1 1 1', 42, '0 0 0', '0 0 0', '0 0 0', '0 0 0', '0 0 0'),
(289, '2021-10-19', 21, '2 2 2', '5 5 5', '5 5 5', '4 4 4', '1 1 1', 42, '0 0 0', '0 0 0', '0 0 0', '0 0 0', '0 0 0'),
(290, '2021-10-20', 21, '2 2 2', '5 5 5', '5 5 5', '4 4 4', '1 1 1', 42, '0 0 0', '0 0 0', '0 0 0', '0 0 0', '0 0 0'),
(291, '2021-10-21', 21, '2 2 2', '5 5 5', '5 5 5', '4 4 4', '1 1 1', 42, '0 0 0', '0 0 0', '0 0 0', '0 0 0', '0 0 0'),
(292, '2021-10-22', 21, '2 2 2', '5 5 5', '5 5 5', '4 4 4', '1 1 1', 42, '0 0 0', '0 0 0', '0 0 0', '0 0 0', '0 0 0'),
(293, '2021-10-23', 21, '2 2 2', '5 5 5', '5 5 5', '4 4 4', '1 1 1', 42, '0 0 0', '0 0 0', '0 0 0', '0 0 0', '0 0 0'),
(294, '2021-10-24', 21, '2 2 2', '5 5 5', '5 5 5', '4 4 4', '1 1 1', 42, '0 0 0', '0 0 0', '0 0 0', '0 0 0', '0 0 0'),
(295, '2021-10-25', 22, '2 2 2', '5 5 5', '5 5 5', '4 4 4', '1 1 1', 43, '0 0 0', '0 0 0', '0 0 0', '0 0 0', '0 0 0'),
(296, '2021-10-26', 22, '2 2 2', '5 5 5', '5 5 5', '4 4 4', '1 1 1', 43, '0 0 0', '0 0 0', '0 0 0', '0 0 0', '0 0 0'),
(297, '2021-10-27', 22, '2 2 2', '5 5 5', '5 5 5', '4 4 4', '1 1 1', 43, '0 0 0', '0 0 0', '0 0 0', '0 0 0', '0 0 0'),
(298, '2021-10-28', 22, '2 2 2', '5 5 5', '5 5 5', '4 4 4', '1 1 1', 43, '0 0 0', '0 0 0', '0 0 0', '0 0 0', '0 0 0'),
(299, '2021-10-29', 22, '2 2 2', '5 5 5', '5 5 5', '4 4 4', '1 1 1', 43, '0 0 0', '0 0 0', '0 0 0', '0 0 0', '0 0 0'),
(300, '2021-10-30', 22, '2 2 2', '5 5 5', '5 5 5', '4 4 4', '1 1 1', 43, '0 0 0', '0 0 0', '0 0 0', '0 0 0', '0 0 0'),
(301, '2021-10-31', 22, '2 2 2', '5 5 5', '5 5 5', '4 4 4', '1 1 1', 43, '0 0 0', '0 0 0', '0 0 0', '0 0 0', '0 0 0'),
(302, '2021-11-01', 22, '2 2 2', '5 5 5', '5 5 5', '4 4 4', '1 1 1', 44, '0 0 0', '0 0 0', '0 0 0', '0 0 0', '0 0 0'),
(303, '2021-11-02', 22, '2 2 2', '5 5 5', '5 5 5', '4 4 4', '1 1 1', 44, '0 0 0', '0 0 0', '0 0 0', '0 0 0', '0 0 0'),
(304, '2021-11-03', 22, '2 2 2', '5 5 5', '5 5 5', '4 4 4', '1 1 1', 44, '0 0 0', '0 0 0', '0 0 0', '0 0 0', '0 0 0'),
(305, '2021-11-04', 22, '2 2 2', '5 5 5', '5 5 5', '4 4 4', '1 1 1', 44, '0 0 0', '0 0 0', '0 0 0', '0 0 0', '0 0 0'),
(306, '2021-11-05', 22, '2 2 2', '5 5 5', '5 5 5', '4 4 4', '1 1 1', 44, '0 0 0', '0 0 0', '0 0 0', '0 0 0', '0 0 0'),
(307, '2021-11-06', 22, '2 2 2', '5 5 5', '5 5 5', '4 4 4', '1 1 1', 44, '0 0 0', '0 0 0', '0 0 0', '0 0 0', '0 0 0'),
(308, '2021-11-07', 22, '2 2 2', '5 5 5', '5 5 5', '4 4 4', '1 1 1', 44, '0 0 0', '0 0 0', '0 0 0', '0 0 0', '0 0 0'),
(309, '2021-11-08', 23, '2 2 2', '5 5 5', '5 5 5', '4 4 4', '1 1 1', 45, '0 0 0', '0 0 0', '0 0 0', '0 0 0', '0 0 0'),
(310, '2021-11-09', 23, '2 2 2', '5 5 5', '5 5 5', '4 4 4', '1 1 1', 45, '0 0 0', '0 0 0', '0 0 0', '0 0 0', '0 0 0'),
(311, '2021-11-10', 23, '2 2 2', '5 5 5', '5 5 5', '4 4 4', '1 1 1', 45, '0 0 0', '0 0 0', '0 0 0', '0 0 0', '0 0 0'),
(312, '2021-11-11', 23, '2 2 2', '5 5 5', '5 5 5', '4 4 4', '1 1 1', 45, '0 0 0', '0 0 0', '0 0 0', '0 0 0', '0 0 0'),
(313, '2021-11-12', 23, '2 2 2', '5 5 5', '5 5 5', '4 4 4', '1 1 1', 45, '0 0 0', '0 0 0', '0 0 0', '0 0 0', '0 0 0'),
(314, '2021-11-13', 23, '2 2 2', '5 5 5', '5 5 5', '4 4 4', '1 1 1', 45, '0 0 0', '0 0 0', '0 0 0', '0 0 0', '0 0 0'),
(315, '2021-11-14', 23, '2 2 2', '5 5 5', '5 5 5', '4 4 4', '1 1 1', 45, '0 0 0', '0 0 0', '0 0 0', '0 0 0', '0 0 0'),
(316, '2021-11-15', 23, '2 2 2', '5 5 5', '5 5 5', '4 4 4', '1 1 1', 46, '0 0 0', '0 0 0', '0 0 0', '0 0 0', '0 0 0'),
(317, '2021-11-16', 23, '2 2 2', '5 5 5', '5 5 5', '4 4 4', '1 1 1', 46, '0 0 0', '0 0 0', '0 0 0', '0 0 0', '0 0 0'),
(318, '2021-11-17', 23, '2 2 2', '5 5 5', '5 5 5', '4 4 4', '1 1 1', 46, '0 0 0', '0 0 0', '0 0 0', '0 0 0', '0 0 0'),
(319, '2021-11-18', 23, '2 2 2', '5 5 5', '5 5 5', '4 4 4', '1 1 1', 46, '0 0 0', '0 0 0', '0 0 0', '0 0 0', '0 0 0'),
(320, '2021-11-19', 23, '2 2 2', '5 5 5', '5 5 5', '4 4 4', '1 1 1', 46, '0 0 0', '0 0 0', '0 0 0', '0 0 0', '0 0 0'),
(321, '2021-11-20', 23, '2 2 2', '5 5 5', '5 5 5', '4 4 4', '1 1 1', 46, '0 0 0', '0 0 0', '0 0 0', '0 0 0', '0 0 0'),
(322, '2021-11-21', 23, '2 2 2', '5 5 5', '5 5 5', '4 4 4', '1 1 1', 46, '0 0 0', '0 0 0', '0 0 0', '0 0 0', '0 0 0'),
(323, '2021-11-22', 24, '2 2 2', '5 5 5', '5 5 5', '4 4 4', '1 1 1', 47, '0 0 0', '0 0 0', '0 0 0', '0 0 0', '0 0 0'),
(324, '2021-11-23', 24, '2 2 2', '5 5 5', '5 5 5', '4 4 4', '1 1 1', 47, '0 0 0', '0 0 0', '0 0 0', '0 0 0', '0 0 0'),
(325, '2021-11-24', 24, '2 2 2', '5 5 5', '5 5 5', '4 4 4', '1 1 1', 47, '0 0 0', '0 0 0', '0 0 0', '0 0 0', '0 0 0'),
(326, '2021-11-25', 24, '2 2 2', '5 5 5', '5 5 5', '4 4 4', '1 1 1', 47, '0 0 0', '0 0 0', '0 0 0', '0 0 0', '0 0 0'),
(327, '2021-11-26', 24, '2 2 2', '5 5 5', '5 5 5', '4 4 4', '1 1 1', 47, '0 0 0', '0 0 0', '0 0 0', '0 0 0', '0 0 0'),
(328, '2021-11-27', 24, '2 2 2', '5 5 5', '5 5 5', '4 4 4', '1 1 1', 47, '0 0 0', '0 0 0', '0 0 0', '0 0 0', '0 0 0'),
(329, '2021-11-28', 24, '2 2 2', '5 5 5', '5 5 5', '4 4 4', '1 1 1', 47, '0 0 0', '0 0 0', '0 0 0', '0 0 0', '0 0 0'),
(330, '2021-11-29', 24, '2 2 2', '5 5 5', '5 5 5', '4 4 4', '1 1 1', 48, '0 0 0', '0 0 0', '0 0 0', '0 0 0', '0 0 0'),
(331, '2021-11-30', 24, '2 2 2', '5 5 5', '5 5 5', '4 4 4', '1 1 1', 48, '0 0 0', '0 0 0', '0 0 0', '0 0 0', '0 0 0'),
(332, '2021-12-01', 24, '2 2 2', '5 5 5', '5 5 5', '4 4 4', '1 1 1', 48, '0 0 0', '0 0 0', '0 0 0', '0 0 0', '0 0 0'),
(333, '2021-12-02', 24, '2 2 2', '5 5 5', '5 5 5', '4 4 4', '1 1 1', 48, '0 0 0', '0 0 0', '0 0 0', '0 0 0', '0 0 0'),
(334, '2021-12-03', 24, '2 2 2', '5 5 5', '5 5 5', '4 4 4', '1 1 1', 48, '0 0 0', '0 0 0', '0 0 0', '0 0 0', '0 0 0'),
(335, '2021-12-04', 24, '2 2 2', '5 5 5', '5 5 5', '4 4 4', '1 1 1', 48, '0 0 0', '0 0 0', '0 0 0', '0 0 0', '0 0 0'),
(336, '2021-12-05', 24, '2 2 2', '5 5 5', '5 5 5', '4 4 4', '1 1 1', 48, '0 0 0', '0 0 0', '0 0 0', '0 0 0', '0 0 0'),
(337, '2021-12-06', 25, '2 2 2', '5 5 5', '5 5 5', '4 4 4', '1 1 1', 49, '0 0 0', '0 0 0', '0 0 0', '0 0 0', '0 0 0'),
(338, '2021-12-07', 25, '2 2 2', '5 5 5', '5 5 5', '4 4 4', '1 1 1', 49, '0 0 0', '0 0 0', '0 0 0', '0 0 0', '0 0 0'),
(339, '2021-12-08', 25, '2 2 2', '5 5 5', '5 5 5', '4 4 4', '1 1 1', 49, '0 0 0', '0 0 0', '0 0 0', '0 0 0', '0 0 0'),
(340, '2021-12-09', 25, '2 2 2', '5 5 5', '5 5 5', '4 4 4', '1 1 1', 49, '0 0 0', '0 0 0', '0 0 0', '0 0 0', '0 0 0'),
(341, '2021-12-10', 25, '2 2 2', '5 5 5', '5 5 5', '4 4 4', '1 1 1', 49, '0 0 0', '0 0 0', '0 0 0', '0 0 0', '0 0 0'),
(342, '2021-12-11', 25, '2 2 2', '5 5 5', '5 5 5', '4 4 4', '1 1 1', 49, '0 0 0', '0 0 0', '0 0 0', '0 0 0', '0 0 0'),
(343, '2021-12-12', 25, '2 2 2', '5 5 5', '5 5 5', '4 4 4', '1 1 1', 49, '0 0 0', '0 0 0', '0 0 0', '0 0 0', '0 0 0'),
(344, '2021-12-13', 25, '2 2 2', '5 5 5', '5 5 5', '4 4 4', '1 1 1', 50, '0 0 0', '0 0 0', '0 0 0', '0 0 0', '0 0 0'),
(345, '2021-12-14', 25, '2 2 2', '5 5 5', '5 5 5', '4 4 4', '1 1 1', 50, '0 0 0', '0 0 0', '0 0 0', '0 0 0', '0 0 0'),
(346, '2021-12-15', 25, '2 2 2', '5 5 5', '5 5 5', '4 4 4', '1 1 1', 50, '0 0 0', '0 0 0', '0 0 0', '0 0 0', '0 0 0'),
(347, '2021-12-16', 25, '2 2 2', '5 5 5', '5 5 5', '4 4 4', '1 1 1', 50, '0 0 0', '0 0 0', '0 0 0', '0 0 0', '0 0 0'),
(348, '2021-12-17', 25, '2 2 2', '5 5 5', '5 5 5', '4 4 4', '1 1 1', 50, '0 0 0', '0 0 0', '0 0 0', '0 0 0', '0 0 0'),
(349, '2021-12-18', 25, '2 2 2', '5 5 5', '5 5 5', '4 4 4', '1 1 1', 50, '0 0 0', '0 0 0', '0 0 0', '0 0 0', '0 0 0'),
(350, '2021-12-19', 25, '2 2 2', '5 5 5', '5 5 5', '4 4 4', '1 1 1', 50, '0 0 0', '0 0 0', '0 0 0', '0 0 0', '0 0 0'),
(351, '2021-12-20', 26, '2 2 2', '5 5 5', '5 5 5', '4 4 4', '1 1 1', 51, '0 0 0', '0 0 0', '0 0 0', '0 0 0', '0 0 0'),
(352, '2021-12-21', 26, '2 2 2', '5 5 5', '5 5 5', '4 4 4', '1 1 1', 51, '0 0 0', '0 0 0', '0 0 0', '0 0 0', '0 0 0'),
(353, '2021-12-22', 26, '2 2 2', '5 5 5', '5 5 5', '4 4 4', '1 1 1', 51, '0 0 0', '0 0 0', '0 0 0', '0 0 0', '0 0 0'),
(354, '2021-12-23', 26, '2 2 2', '5 5 5', '5 5 5', '4 4 4', '1 1 1', 51, '0 0 0', '0 0 0', '0 0 0', '0 0 0', '0 0 0'),
(355, '2021-12-24', 26, '2 2 2', '5 5 5', '5 5 5', '4 4 4', '1 1 1', 51, '0 0 0', '0 0 0', '0 0 0', '0 0 0', '0 0 0'),
(356, '2021-12-25', 26, '2 2 2', '5 5 5', '5 5 5', '4 4 4', '1 1 1', 51, '0 0 0', '0 0 0', '0 0 0', '0 0 0', '0 0 0'),
(357, '2021-12-26', 26, '2 2 2', '5 5 5', '5 5 5', '4 4 4', '1 1 1', 51, '0 0 0', '0 0 0', '0 0 0', '0 0 0', '0 0 0'),
(358, '2021-12-27', 26, '2 2 2', '5 5 5', '5 5 5', '4 4 4', '1 1 1', 52, '0 0 0', '0 0 0', '0 0 0', '0 0 0', '0 0 0'),
(359, '2021-12-28', 26, '2 2 2', '5 5 5', '5 5 5', '4 4 4', '1 1 1', 52, '0 0 0', '0 0 0', '0 0 0', '0 0 0', '0 0 0'),
(360, '2021-12-29', 26, '2 2 2', '5 5 5', '5 5 5', '4 4 4', '1 1 1', 52, '0 0 0', '0 0 0', '0 0 0', '0 0 0', '0 0 0'),
(361, '2021-12-30', 26, '2 2 2', '5 5 5', '5 5 5', '4 4 4', '1 1 1', 52, '0 0 0', '0 0 0', '0 0 0', '0 0 0', '0 0 0'),
(362, '2021-12-31', 26, '2 2 2', '5 5 5', '5 5 5', '4 4 4', '1 1 1', 52, '0 0 0', '0 0 0', '0 0 0', '0 0 0', '0 0 0'),
(363, '2022-01-01', 26, '2 2 2', '5 5 5', '5 5 5', '4 4 4', '1 1 1', 52, '0 0 0', '0 0 0', '0 0 0', '0 0 0', '0 0 0'),
(364, '2022-01-02', 26, '2 2 2', '5 5 5', '5 5 5', '4 4 4', '1 1 1', 52, '0 0 0', '0 0 0', '0 0 0', '0 0 0', '0 0 0');

-- --------------------------------------------------------

--
-- Table structure for table `employees`
--

CREATE TABLE `employees` (
  `id` int(255) NOT NULL,
  `first_name` varchar(40) NOT NULL,
  `last_name` varchar(40) NOT NULL,
  `birthDate` date NOT NULL,
  `email` varchar(320) NOT NULL,
  `password` varchar(40) NOT NULL,
  `job_position` varchar(100) NOT NULL,
  `phoneNumber` int(10) DEFAULT NULL,
  `address` varchar(50) NOT NULL,
  `salary` int(11) DEFAULT NULL,
  `gender` varchar(10) NOT NULL,
  `education` varchar(20) DEFAULT NULL,
  `Contract` varchar(255) NOT NULL,
  `DaysOff` int(255) NOT NULL,
  `ContractHours` int(255) NOT NULL,
  `Notes` varchar(255) NOT NULL DEFAULT '"Nothing"',
  `DaysOffLeft` int(255) NOT NULL DEFAULT '30'
) ENGINE=InnoDB DEFAULT CHARSET=utf8;

--
-- Dumping data for table `employees`
--

INSERT INTO `employees` (`id`, `first_name`, `last_name`, `birthDate`, `email`, `password`, `job_position`, `phoneNumber`, `address`, `salary`, `gender`, `education`, `Contract`, `DaysOff`, `ContractHours`, `Notes`, `DaysOffLeft`) VALUES
(1, 'John', 'Mcduffin', '1999-01-12', 'john.mcduffin@mail.com', 'john1', 'Security', 731234568, 'Flower Street 23A', 1400, 'MALE', 'High School', 'Fulltime', 30, 40, 'Not a hardworking employee anymore\r\n 5/12/2021 3:09:08 PM\r\n', 23),
(2, 'Maria', 'Vincenzio', '1995-04-15', 'maria.vincenzio@mail.com', 'maria1', 'Security', 198767889, 'Stationsweg 16', 1400, 'FEMALE', 'High School', 'Fulltime', 30, 40, '', 30),
(3, 'Lawrence', 'Moschino', '1997-12-03', 'lawrence.moschino@mail.com', 'lawrence1', 'Security', 965234521, 'Buekeslaan 12A', 1400, 'OTHER', 'University', 'Parttime', 60, 26, '', 30),
(4, 'Ponton', 'Portofino', '1999-11-01', 'ponton.portofino@mail.com', 'ponton1', 'Security', 134156123, 'Cebeslaan 213A', 1400, 'MALE', 'University', 'Parttime', 60, 32, '', 30),
(5, 'Caitlyn', 'Rose', '1997-10-09', 'caitlyn.rose@mail.com', 'caitlyn1', 'Cashier', 623144155, 'Transformatorstraat 1', 1200, 'FEMALE', 'High School', 'Fulltime', 30, 40, '', 30),
(6, 'Daniel', 'Burton', '2000-06-06', 'daniel.burton@mail.com', 'daniel1', 'Cashier', 534412415, 'Borneolaan 5', 1200, 'MALE', 'University', 'Fulltime', 30, 40, 'note 12/05/2021 12:44:48\r\n', 29),
(7, 'Prince', 'John', '2001-07-08', 'prince.john@mail.com', 'prince1', 'Cashier', 333125619, 'Winston Churchilaan 12', 1200, 'MALE', 'High School', 'Parttime', 30, 28, '', 30),
(8, 'Laquesha', 'Johnson', '2002-05-14', 'laquesha.johnson@mail.com', 'laquesha1', 'Cashier', 564123667, 'Horneolaan 32', 1200, 'FEMALE', 'University', 'Fulltime', 30, 40, '', 30),
(9, 'Anastasia', 'Krilov', '2000-12-12', 'anastasio.krilov@mail.com', 'anastasia1', 'Stocker', 567889001, 'John F. Kennedylaan 168', 2500, 'FEMALE', 'University', 'Fulltime', 30, 40, '', 30),
(10, 'Claire', 'Temple', '1995-10-12', 'claire.temple@mail.com', 'claire1', 'Stocker', 193343600, 'Luciferstraat 32', 2500, 'FEMALE', 'University', 'Fulltime', 30, 40, '', 30),
(11, 'Daniel', 'Meachum', '1966-12-01', 'daniel.meachum@mail.com', 'daniel1', 'Stocker', 358890065, 'Cederlaan 12D', 2500, 'MALE', 'University', 'Fulltime', 30, 40, '', 30),
(12, 'Cornell', 'Stokes', '1998-05-15', 'cornell.stokes@mail.com', 'cornell1', 'Stocker', 466781032, 'Franklin D. Rooseveltlaan 12', 2500, 'MALE', 'University', 'Fulltime', 30, 40, '', 30),
(13, 'Maria', 'Antoinette', '1996-06-23', 'maria.antoinette@mail.com', 'maria1', 'SalesAssistant', 913576787, 'Hemelrijken 215A', 2000, 'FEMALE', 'University', 'Fulltime', 30, 40, '', 30),
(14, 'Lucas', 'Cage', '1997-03-21', 'lucas.cage@mail.com', 'lucas1', 'SalesAssistant', 919071783, 'Lombokpad 3.42', 2000, 'MALE', 'University', 'Fulltime', 30, 40, '', 24),
(15, 'Janette', 'Stones', '2000-10-12', 'janette.stones@mail.com', 'janette1', 'SalesAssistant', 675553687, ' Bulevardul Iuliu Maniu 205', 2000, 'FEMALE', 'University', 'Fulltime', 30, 40, '', 30),
(16, 'Alex', 'Spades', '1990-04-19', 'alex.spades@mail.com', 'alex1', 'SalesAssistant', 727567672, ' Fuutlaan 3', 2000, 'MALE', 'University', 'Fulltime', 30, 40, '', 30),
(17, 'Matthew', 'Murdock', '1993-08-15', 'matthew.murdock@mail.com', 'matthew1', 'WarehouseManager', 657773686, ' Pagelaan 21', 3500, 'MALE', 'University', 'Fulltime', 30, 40, '', 30),
(18, 'Johnatan', 'Joestar', '1960-12-01', 'johnatan.joestar@mail.com', 'johnatan1', 'WarehouseManager', 757699888, ' Mathildelaan 32', 3500, 'MALE', 'University', 'Fulltime', 30, 40, '', 30),
(19, 'Colleen', 'Wing', '2002-01-05', 'colleen.wing@mail.com', 'colleen1', 'WarehouseManager', 723679009, ' Havenstraat 2B', 3500, 'FEMALE', 'University', 'Fulltime', 30, 40, 'sadasd 19/05/2021 14:10:12 by Paul Paul\r\n', 30),
(20, 'Joy', 'Meachum', '1989-08-08', 'joy.meachum@mail.com', 'joy1', 'WarehouseManager', 165663686, ' Lakerstraat', 3500, 'OTHER', 'University', 'Fulltime', 30, 40, '', 30),
(21, 'Matthew', 'Lolly', '1996-09-25', 'matthew.buston@mail.com', 'Lolly1', 'Security', 231234555, 'Lombokpad 12', 2500, 'MALE', 'High School', 'Fulltime', 30, 40, '', 30),
(22, 'Daniel', 'Daniels', '1996-02-25', 'daniel.daniels@mail.com', 'daniels1', 'Security', 239240555, 'Fuutlaan 2', 2500, 'MALE', 'High School', 'Fulltime', 30, 40, 'test 19/05/2021 14:07:59 by Paul Paul\r\n', 30),
(23, 'Rachel', 'Summers', '2000-05-05', 'rachel.summers@mail.com', 'summers1', 'Cashier', 123456789, 'Boschdijk 42L', 1400, 'OTHER', 'None', 'Fulltime', 30, 40, '', 30),
(24, 'Manuel', 'Aquino', '1982-02-14', 'ManuelAAquino@rhyta.com', 'aquino1', 'Security', 622379835, 'Kwikstaarthoek 27', 1400, 'MALE', 'None', 'Fulltime', 30, 40, '', 30),
(25, 'Gregory', 'Hess', '1978-03-15', '\r\nGregoryJHess@jourrapide.com', 'GregoryJHess@jourrapide.com', 'Security', 695396673, 'Wittenburgergracht 91', 1400, 'MALE', 'High School', 'Fulltime', 30, 40, '', 30),
(26, 'Eric', 'Smith', '1950-12-25', 'EricASmith@dayrep.com', 'smith1', 'Security', 663865634, 'Boerestreek 156', 1400, 'MALE', 'High School', 'Fulltime', 30, 40, '', 30),
(27, 'Martin', 'Weaver', '1952-05-07', 'MartinKWeaver@jourrapide.com', 'weaver1', 'Security', 689616906, 'Swemmerlaan 86', 1400, 'MALE', 'High School', 'Fulltime', 30, 40, '', 30),
(28, 'Jesus', 'Goldstein', '1996-03-24', '\r\nJesusNGoldstein@rhyta.com', 'goldstein1', 'WarehouseManager', 634771911, 'Van Foreeststraat 146', 2500, 'MALE', 'University', 'Fulltime', 30, 40, '', 30),
(29, 'Amber', 'Eastin', '1977-03-17', 'AmberAEastin@armyspy.com', 'eastin1', 'Cashier', 687531086, 'Ocarinalaan 193', 1200, 'FEMALE', 'High School', 'Fulltime', 30, 40, '', 30),
(30, 'Edward', 'Lott', '1990-03-10', 'EdwardVLott@armyspy.com', 'lott1', 'Cashier', 633109844, 'Ringweg 47', 1200, 'MALE', 'High School', 'Fulltime', 30, 40, '', 30),
(31, 'Robyn', 'Pointer', '1983-03-17', 'robyn.pointer@armyspy.com', 'pointer1', 'Cashier', 687531086, 'Nederheidseweg 90', 1200, 'FEMALE', 'High School', 'Fulltime', 30, 40, '', 30),
(34, 'Elsie', 'Boyette', '1977-03-11', 'ElsieNBoyette@armyspy.com', 'boyette1', 'Cashier', 685644403, 'Borgersstede 129', 1200, 'FEMALE', 'High School', 'Fulltime', 30, 40, '', 30),
(35, 'Anthony', 'Wilson', '1999-03-17', 'anthony.wilson@armyspy.com', 'wilson1', 'Cashier', 636694615, 'Djambistraat 177', 1200, 'MALE', 'High School', 'Fulltime', 30, 40, '', 30),
(42, 'Charles', 'Horner', '1996-03-19', 'charles.horner@armyspy.com', 'horner1', 'Cashier', 631668932, 'Vossegatselaan 174', 1200, 'MALE', 'High School', 'Fulltime', 30, 40, '', 30),
(43, 'James ', 'Kinch', '1981-07-01', 'james.kinch@armyspy.com', 'kinch1', 'Cashier', 687531086, 'Zwanenkamp 196', 1200, 'MALE', 'High School', 'Fulltime', 30, 40, '', 30),
(44, 'Derek', 'Garcia', '1987-06-25', 'derek.garcia@armyspy.com', 'garcia1', 'Cashier', 690713583, 'Musketruwe 73', 1200, 'OTHER', 'High School', 'Fulltime', 30, 40, '', 30),
(45, 'Dolores', 'McCarty', '1990-07-30', 'dolores.mccarty@armyspy.com', 'mccarty1', 'Cashier', 664045265, 'Veluwsedijk 19', 1200, 'FEMALE', 'High School', 'Fulltime', 30, 40, '', 30),
(46, 'Diana', 'Crabtree', '1987-03-27', 'diana.crabtree@armyspy.com', 'crabtree1', 'Cashier', 619984012, 'Sterrenlaan 103', 1200, 'FEMALE', 'High School', 'Fulltime', 30, 40, '', 30),
(47, 'Michael', 'Kemp', '2000-01-14', 'MichaelAKemp@armyspy.com', 'kemp1', 'Stocker', 646967570, 'Jurriaan Kokstraat 77', 2000, 'MALE', 'University', 'Fulltime', 30, 40, '', 30),
(49, 'Page', 'Bedell', '2001-09-24', 'page.bedell@armyspy.com', 'bedell1', 'Stocker', 665499417, 'Korhoenlaan 21', 2000, 'FEMALE', 'University', 'Fulltime', 30, 40, '', 30),
(50, 'Tara ', 'Smith', '1988-02-09', 'tara.smith@armyspy.com', 'smith1', 'Stocker', 626564858, 'Vrouwenakker 94', 2000, 'FEMALE', 'University', 'Fulltime', 30, 40, '', 30),
(51, 'Patricia ', 'Petty', '1981-04-03', 'patricia.petty@armyspy.com', 'petty', 'Stocker', 689826337, 'Justus van Effenstraat 154', 2000, 'FEMALE', 'University', 'Fulltime', 30, 40, '', 30),
(52, 'Katy ', 'Newman', '1987-01-19', 'katy.newman@armyspy.com', 'newman1', 'Stocker', 646456206, 'Grootblok 94', 2000, 'FEMALE', 'University', 'Fulltime', 30, 40, '', 30),
(53, 'Stuart ', 'Daniel', '1978-04-14', 'stuart.daniel@armyspy.com', 'daniel1', 'Stocker', 620481490, 'Binderserf 160', 2000, 'MALE', 'University', 'Fulltime', 30, 40, '', 30),
(54, 'Cynthia', 'Robbins', '1995-05-10', 'cynthia.robbins@armyspy.com', 'robbins', 'Stocker', 665292422, 'Tuinstraat 47', 2000, 'FEMALE', 'University', 'Fulltime', 30, 40, '', 30),
(61, 'Michael', 'Faris', '1987-07-19', 'michael.faris@armyspy.com', 'faris1', 'Stocker', 624967691, 'Amsteldijk 75', 2000, 'MALE', 'University', 'Fulltime', 30, 40, '', 30),
(62, 'Barry ', 'Tregre', '1983-08-14', 'barry.tregre@armyspy.com', 'tregre', 'Stocker', 666819849, 'Willem Alexanderplein 197', 2000, 'MALE', 'University', 'Fulltime', 30, 40, '', 30),
(63, 'Ronald', 'Carmean', '1992-03-03', 'ronald.carmean@armyspy.com', 'carmean1', 'Stocker', 694023509, 'Bernissestraat 114', 2000, 'MALE', 'University', 'Fulltime', 30, 40, '', 30),
(64, 'Gregory ', 'Atwell', '1990-08-15', 'gregoy.atwell@armyspy.com', 'atwell1', 'Stocker', 669719447, 'Schimmelstraat 135', 2000, 'MALE', 'University', 'Parttime', 60, 28, '', 30),
(65, 'Patrick', 'Armstrong', '1988-03-23', 'patrickarmstrong@mail.com', 'armstrong1', 'SalesAssistant', 638404573, 'Hendrikstraat', 2500, 'MALE', 'University', 'Parttime', 60, 28, '', 30),
(66, 'David ', 'Ruffin', '2000-05-31', 'david.ruffin@mail.com', 'ruffin1', 'SalesAssistant', 623498076, 'Aldenhof 80', 2500, 'MALE', 'University', 'Fulltime', 30, 40, '', 30),
(67, 'Carol ', 'Jenkins', '1994-03-08', 'carol.jenkins@mail.com', 'jenkins1', 'SalesAssistant', 658101141, 'Havenstraat 8', 2500, 'FEMALE', 'University', 'Fulltime', 30, 40, '', 30),
(68, 'Billy ', 'Decarlo', '1998-05-18', 'billy.decarlo@mail.com', 'decarlo1', 'SalesAssistant', 691513042, 'Nijboerstrjitte 192', 2500, 'MALE', 'University', 'Fulltime', 30, 40, '', 30),
(69, 'Jerome ', 'Hearn', '1981-01-18', 'jerome.hearn@mail.com', 'hearn1', 'SalesAssistant', 688110113, 'Reigerdreef 70', 2500, 'MALE', 'University', 'Fulltime', 30, 40, '', 30),
(70, 'Ada ', 'Tillmon', '1993-08-18', 'ada.tillmon@mail.com', 'tillmon1', 'SalesAssistant', 697949031, 'Groteweg 23', 2500, 'FEMALE', 'University', 'Fulltime', 30, 40, '', 30),
(71, 'Sandy ', 'Blaisdell', '1981-01-13', 'sandy.blaisdell@mail.com', 'blaisdell', 'SalesAssistant', 624445180, 'Staalstraat 147', 2500, 'FEMALE', 'University', 'Fulltime', 30, 40, '', 30),
(72, 'Dorothy ', 'Sims', '1983-05-13', 'dorothy.sims@mail.com', 'sims1', 'SalesAssistant', 659167920, 'Kwietheuvel 53', 2500, 'MALE', 'University', 'Fulltime', 30, 40, '', 30),
(73, 'Danilo ', 'Huerta', '1978-07-23', 'danilo.huerta@mail.com', 'huerta1', 'SalesAssistant', 629410719, 'Kerklaan 118', 2500, 'MALE', 'University', 'Fulltime', 30, 40, '', 30),
(74, 'Lawrence ', 'Jones', '1992-02-23', 'lawrence.jones@mail.com', 'jones1', 'SalesAssistant', 676080931, 'Pompstraat 21', 2500, 'MALE', 'University', 'Fulltime', 30, 40, '', 30),
(84, 'William ', 'Jackson', '1980-12-24', 'william.jackson@mail.com', 'jackson1', 'SalesAssistant', 67087774, 'Vossendaal 180', 2500, 'MALE', 'University', 'Fulltime', 30, 40, '', 30),
(114, 'Dimitrie', 'David', '2021-03-31', 'david.dimitrie@mail.com', 'dimitrie1', 'Stocker', 986568790, 'Hemelrijken 205B', 2500, 'Male', 'University', 'Fulltime', 30, 40, 'testNote 18/05/2021 23:14:23 by John John\r\n', 30),
(115, 'sdsd', 'Dimitrie', '2021-03-31', 'sadasa@sdsds.com', '1234', 'SalesAssistant', 1234567890, 'asdasdasdas', 1233, 'Male', 'University', 'Fulltime', 30, 40, '\"Nothing\"', 30),
(116, 'Test', 'Test', '2021-03-31', 'test@test.test', 'test', 'Security', 1234567890, 'TestAddress', 1200, 'Male', 'Test', 'Parttime', 65, 26, '\"Nothing\"', 30),
(117, 'xxx', 'xxx', '2021-03-31', 'xx@xxx.com', 'xxxxx', 'WarehouseManager', 1234567890, 'xxxx', 1233, 'Male', 'xxxx', 'Parttime', 65, 20, '\"Nothing\"', 15),
(118, 'Alexander', 'Danny', '1999-03-31', 'osbDanny@mail.com', 'osbD123', 'Cashier', 883451229, 'Marconilaan 60', 1700, 'Male', 'University', 'Parttime', 70, 20, '\"Nothing\"', 70),
(119, 'John', 'John', '1991-12-12', 'john.john@mail.com', 'hrmanager', 'HRManager', 123456789, 'Managerstraat 12', 2500, 'Male', 'University', 'Fulltime', 30, 40, '\"Nothing\"', 30),
(120, 'Paul', 'Paul', '1992-05-14', 'paul.paul@mail.com', 'hrmanager', 'HRManager', 123456789, 'Managerstraat 12', 2500, 'Male', 'University', 'Fulltime', 30, 40, '\"Nothing\"', 30),
(121, 'Hugh', 'Niles', '2021-03-31', 'hugh.niles@mail.com', 'lol', 'Cashier', 123456789, 'Jerekstraat 12', 1200, 'Other', 'High School', 'Fulltime', 30, 40, '\"Nothing\"', 30),
(122, 'Abraham', 'Lincoln', '2021-03-31', 'abraham.lincoln@mail.com', 'lincoln1', 'Security', 123456789, 'Adresstraat', 1500, 'Male', 'None', 'Fulltime', 30, 40, 'test note 5/31/2021 5:59:24 PM by John John\r\n', 30),
(123, 'Jordan', 'James', '2021-03-31', 'jordan.james@mail.com', 'james1', 'Cashier', 123456789, 'Stratum 12', 1500, 'Male', 'University', 'Fulltime', 30, 40, '\"Nothing\"', 30),
(124, 'Jason', 'Statham', '2021-03-31', 'sadsa@ssd.com', 'test1', 'WarehouseManager', 123456789, 'sdasda 12', 1200, 'Male', 'University', 'Fulltime', 30, 40, '\"Nothing\"', 30);

-- --------------------------------------------------------

--
-- Table structure for table `employees_preferences`
--

CREATE TABLE `employees_preferences` (
  `employee_id` int(11) NOT NULL,
  `monday` enum('None','Morning','Midday','Evening') NOT NULL,
  `tuesday` enum('None','Morning','Midday','Evening') NOT NULL,
  `wednesday` enum('None','Morning','Midday','Evening') NOT NULL,
  `thursday` enum('None','Morning','Midday','Evening') NOT NULL,
  `friday` enum('None','Morning','Midday','Evening') NOT NULL,
  `saturday` enum('None','Morning','Midday','Evening') NOT NULL,
  `sunday` enum('None','Morning','Midday','Evening') NOT NULL
) ENGINE=InnoDB DEFAULT CHARSET=utf8;

--
-- Dumping data for table `employees_preferences`
--

INSERT INTO `employees_preferences` (`employee_id`, `monday`, `tuesday`, `wednesday`, `thursday`, `friday`, `saturday`, `sunday`) VALUES
(118, 'Evening', 'Evening', 'Evening', 'Midday', 'Evening', 'Evening', 'Evening');

-- --------------------------------------------------------

--
-- Table structure for table `employees_workdays`
--

CREATE TABLE `employees_workdays` (
  `day_id` int(20) NOT NULL,
  `employee_id` int(20) NOT NULL,
  `first_shift` varchar(10) NOT NULL,
  `second_shift` varchar(10) NOT NULL DEFAULT 'None',
  `absence` int(1) NOT NULL DEFAULT '0',
  `absence_reason` varchar(10) NOT NULL DEFAULT 'None'
) ENGINE=InnoDB DEFAULT CHARSET=utf8;

--
-- Dumping data for table `employees_workdays`
--

INSERT INTO `employees_workdays` (`day_id`, `employee_id`, `first_shift`, `second_shift`, `absence`, `absence_reason`) VALUES
(127, 1, 'Morning', 'None', 0, 'None'),
(127, 2, 'Midday', 'None', 0, 'None'),
(127, 3, 'Evening', 'None', 0, 'None'),
(127, 4, 'Morning', 'None', 0, 'None'),
(127, 5, 'Midday', 'None', 0, 'None'),
(127, 6, 'Evening', 'None', 0, 'None'),
(127, 7, 'Morning', 'None', 0, 'None'),
(127, 8, 'Midday', 'None', 0, 'None'),
(127, 9, 'Evening', 'None', 0, 'None'),
(127, 10, 'Morning', 'None', 0, 'None'),
(127, 11, 'Midday', 'None', 0, 'None'),
(127, 12, 'Evening', 'None', 0, 'None'),
(127, 13, 'Evening', 'None', 0, 'None'),
(127, 14, 'Morning', 'None', 0, 'None'),
(127, 15, 'Midday', 'None', 0, 'None'),
(127, 16, 'Evening', 'None', 0, 'None'),
(127, 17, 'Morning', 'None', 0, 'None'),
(127, 18, 'Midday', 'None', 0, 'None'),
(127, 19, 'Evening', 'None', 0, 'None'),
(127, 21, 'Midday', 'None', 0, 'None'),
(127, 22, 'Evening', 'None', 0, 'None'),
(127, 23, 'Evening', 'None', 0, 'None'),
(127, 29, 'Morning', 'None', 0, 'None'),
(127, 30, 'Midday', 'None', 0, 'None'),
(127, 31, 'Evening', 'None', 0, 'None'),
(127, 34, 'Morning', 'None', 0, 'None'),
(127, 35, 'Midday', 'None', 0, 'None'),
(127, 42, 'Evening', 'None', 0, 'None'),
(127, 43, 'Morning', 'None', 0, 'None'),
(127, 44, 'Midday', 'None', 0, 'None'),
(127, 45, 'Evening', 'None', 0, 'None'),
(127, 46, 'Morning', 'None', 0, 'None'),
(127, 47, 'Morning', 'None', 0, 'None'),
(127, 49, 'Midday', 'None', 0, 'None'),
(127, 50, 'Evening', 'None', 0, 'None'),
(127, 52, 'Morning', 'None', 0, 'None'),
(127, 53, 'Midday', 'None', 0, 'None'),
(127, 54, 'Evening', 'None', 0, 'None'),
(127, 61, 'Morning', 'None', 0, 'None'),
(127, 62, 'Midday', 'None', 0, 'None'),
(127, 63, 'Evening', 'None', 0, 'None'),
(127, 64, 'Morning', 'None', 0, 'None'),
(127, 69, 'Morning', 'None', 0, 'None'),
(127, 70, 'Midday', 'None', 0, 'None'),
(127, 71, 'Evening', 'None', 0, 'None'),
(127, 72, 'Morning', 'None', 0, 'None'),
(127, 73, 'Midday', 'None', 0, 'None'),
(127, 74, 'Evening', 'None', 0, 'None'),
(127, 84, 'Morning', 'None', 0, 'None'),
(127, 114, 'Midday', 'None', 0, 'None'),
(127, 115, 'Midday', 'None', 0, 'None'),
(128, 1, 'Evening', 'None', 0, 'None'),
(128, 5, 'Evening', 'None', 0, 'None'),
(128, 6, 'Morning', 'None', 0, 'None'),
(128, 7, 'Midday', 'None', 0, 'None'),
(128, 8, 'Evening', 'None', 0, 'None'),
(128, 9, 'Morning', 'None', 0, 'None'),
(128, 10, 'Midday', 'None', 0, 'None'),
(128, 11, 'Evening', 'None', 0, 'None'),
(128, 12, 'Morning', 'None', 0, 'None'),
(128, 13, 'Morning', 'None', 0, 'None'),
(128, 14, 'Midday', 'None', 0, 'None'),
(128, 15, 'Evening', 'None', 0, 'None'),
(128, 16, 'Morning', 'None', 0, 'None'),
(128, 20, 'Morning', 'None', 0, 'None'),
(128, 23, 'Morning', 'None', 0, 'None'),
(128, 24, 'Midday', 'None', 0, 'None'),
(128, 25, 'Evening', 'None', 0, 'None'),
(128, 26, 'Morning', 'None', 0, 'None'),
(128, 27, 'Morning', 'None', 0, 'None'),
(128, 28, 'Midday', 'None', 0, 'None'),
(128, 29, 'Midday', 'None', 0, 'None'),
(128, 30, 'Evening', 'None', 0, 'None'),
(128, 31, 'Morning', 'None', 0, 'None'),
(128, 34, 'Midday', 'None', 0, 'None'),
(128, 35, 'Evening', 'None', 0, 'None'),
(128, 42, 'Morning', 'None', 0, 'None'),
(128, 43, 'Midday', 'None', 0, 'None'),
(128, 44, 'Evening', 'None', 0, 'None'),
(128, 45, 'Morning', 'None', 0, 'None'),
(128, 46, 'Midday', 'None', 0, 'None'),
(128, 47, 'Midday', 'None', 0, 'None'),
(128, 49, 'Evening', 'None', 0, 'None'),
(128, 50, 'Morning', 'None', 0, 'None'),
(128, 51, 'Morning', 'None', 0, 'None'),
(128, 52, 'Midday', 'None', 0, 'None'),
(128, 53, 'Evening', 'None', 0, 'None'),
(128, 61, 'Midday', 'None', 0, 'None'),
(128, 62, 'Evening', 'None', 0, 'None'),
(128, 63, 'Morning', 'None', 0, 'None'),
(128, 64, 'Midday', 'None', 0, 'None'),
(128, 65, 'Morning', 'None', 0, 'None'),
(128, 66, 'Midday', 'None', 0, 'None'),
(128, 67, 'Evening', 'None', 0, 'None'),
(128, 68, 'Morning', 'None', 0, 'None'),
(128, 69, 'Midday', 'None', 0, 'None'),
(128, 70, 'Evening', 'None', 0, 'None'),
(128, 84, 'Midday', 'None', 0, 'None'),
(128, 114, 'Evening', 'None', 0, 'None'),
(128, 115, 'Evening', 'None', 0, 'None'),
(128, 116, 'Midday', 'None', 0, 'None'),
(128, 117, 'Evening', 'None', 0, 'None'),
(129, 1, 'None', 'None', 1, 'Sick'),
(129, 2, 'Midday', 'Morning', 0, 'None'),
(129, 3, 'Evening', 'None', 0, 'None'),
(129, 4, 'Morning', 'None', 0, 'None'),
(129, 5, 'Evening', 'None', 0, 'None'),
(129, 6, 'Morning', 'None', 0, 'None'),
(129, 7, 'Midday', 'None', 0, 'None'),
(129, 8, 'Evening', 'None', 0, 'None'),
(129, 9, 'Morning', 'None', 0, 'None'),
(129, 10, 'Midday', 'None', 0, 'None'),
(129, 11, 'Evening', 'None', 0, 'None'),
(129, 12, 'Morning', 'None', 0, 'None'),
(129, 13, 'None', 'None', 1, 'Sick'),
(129, 14, 'Morning', 'None', 0, 'None'),
(129, 15, 'Midday', 'None', 0, 'None'),
(129, 16, 'None', 'None', 1, 'Sick'),
(129, 17, 'Morning', 'None', 0, 'None'),
(129, 18, 'Midday', 'None', 0, 'None'),
(129, 19, 'Evening', 'None', 0, 'None'),
(129, 21, 'Midday', 'None', 0, 'None'),
(129, 22, 'Evening', 'None', 0, 'None'),
(129, 23, 'Morning', 'None', 0, 'None'),
(129, 29, 'Midday', 'None', 0, 'None'),
(129, 30, 'Evening', 'None', 0, 'None'),
(129, 31, 'Morning', 'None', 0, 'None'),
(129, 34, 'Midday', 'None', 0, 'None'),
(129, 35, 'Evening', 'None', 0, 'None'),
(129, 42, 'Morning', 'None', 0, 'None'),
(129, 43, 'Midday', 'None', 0, 'None'),
(129, 44, 'Evening', 'None', 0, 'None'),
(129, 45, 'Morning', 'None', 0, 'None'),
(129, 46, 'Midday', 'None', 0, 'None'),
(129, 47, 'Midday', 'None', 0, 'None'),
(129, 49, 'Evening', 'None', 0, 'None'),
(129, 50, 'Morning', 'None', 0, 'None'),
(129, 51, 'Midday', 'None', 0, 'None'),
(129, 52, 'Midday', 'None', 0, 'None'),
(129, 53, 'Evening', 'None', 0, 'None'),
(129, 54, 'Morning', 'None', 0, 'None'),
(129, 62, 'Evening', 'None', 0, 'None'),
(129, 63, 'Morning', 'None', 0, 'None'),
(129, 64, 'Midday', 'None', 0, 'None'),
(129, 65, 'Midday', 'Evening', 0, 'None'),
(129, 66, 'Evening', 'None', 0, 'None'),
(129, 67, 'Morning', 'None', 0, 'None'),
(129, 68, 'Midday', 'None', 0, 'None'),
(129, 69, 'Evening', 'None', 0, 'None'),
(129, 71, 'Morning', 'None', 0, 'None'),
(129, 72, 'Midday', 'None', 0, 'None'),
(129, 73, 'Evening', 'None', 0, 'None'),
(129, 74, 'Morning', 'None', 0, 'None'),
(129, 114, 'Evening', 'None', 0, 'None'),
(130, 1, 'None', 'None', 1, 'Sick'),
(130, 2, 'Evening', 'None', 0, 'None'),
(130, 5, 'Evening', 'None', 0, 'None'),
(130, 6, 'Morning', 'None', 0, 'None'),
(130, 7, 'Midday', 'None', 0, 'None'),
(130, 8, 'Evening', 'None', 0, 'None'),
(130, 9, 'Morning', 'None', 0, 'None'),
(130, 10, 'Midday', 'None', 0, 'None'),
(130, 11, 'Evening', 'None', 0, 'None'),
(130, 12, 'Morning', 'None', 0, 'None'),
(130, 13, 'None', 'None', 1, 'Sick'),
(130, 16, 'None', 'None', 1, 'Sick'),
(130, 20, 'Morning', 'None', 0, 'None'),
(130, 23, 'Morning', 'None', 0, 'None'),
(130, 24, 'Midday', 'None', 0, 'None'),
(130, 25, 'Evening', 'None', 0, 'None'),
(130, 27, 'Morning', 'Midday', 0, 'None'),
(130, 28, 'Midday', 'None', 0, 'None'),
(130, 29, 'Midday', 'None', 0, 'None'),
(130, 30, 'Evening', 'None', 0, 'None'),
(130, 31, 'Morning', 'None', 0, 'None'),
(130, 34, 'Midday', 'None', 0, 'None'),
(130, 35, 'Evening', 'None', 0, 'None'),
(130, 42, 'Morning', 'None', 0, 'None'),
(130, 43, 'Midday', 'None', 0, 'None'),
(130, 44, 'Evening', 'None', 0, 'None'),
(130, 45, 'Morning', 'None', 0, 'None'),
(130, 46, 'Midday', 'None', 0, 'None'),
(130, 47, 'Midday', 'None', 0, 'None'),
(130, 49, 'Evening', 'None', 0, 'None'),
(130, 50, 'Morning', 'None', 0, 'None'),
(130, 51, 'Evening', 'None', 0, 'None'),
(130, 52, 'Midday', 'None', 0, 'None'),
(130, 53, 'Evening', 'None', 0, 'None'),
(130, 54, 'Morning', 'None', 0, 'None'),
(130, 61, 'Midday', 'None', 0, 'None'),
(130, 63, 'Morning', 'None', 0, 'None'),
(130, 64, 'Midday', 'None', 0, 'None'),
(130, 65, 'Morning', 'None', 0, 'None'),
(130, 66, 'Midday', 'None', 0, 'None'),
(130, 67, 'Evening', 'None', 0, 'None'),
(130, 68, 'Morning', 'None', 0, 'None'),
(130, 69, 'Midday', 'None', 0, 'None'),
(130, 70, 'Evening', 'None', 0, 'None'),
(130, 71, 'Morning', 'None', 0, 'None'),
(130, 72, 'Midday', 'None', 0, 'None'),
(130, 73, 'Evening', 'None', 0, 'None'),
(130, 74, 'Morning', 'None', 0, 'None'),
(130, 84, 'Midday', 'None', 0, 'None'),
(130, 114, 'Evening', 'None', 0, 'None'),
(130, 115, 'Evening', 'None', 0, 'None'),
(130, 116, 'Morning', 'None', 0, 'None'),
(130, 117, 'Evening', 'None', 0, 'None'),
(131, 1, 'None', 'None', 1, 'Sick'),
(131, 3, 'Midday', 'None', 0, 'None'),
(131, 4, 'Evening', 'None', 0, 'None'),
(131, 5, 'Evening', 'None', 0, 'None'),
(131, 6, 'Morning', 'None', 0, 'None'),
(131, 7, 'Midday', 'None', 0, 'None'),
(131, 8, 'Evening', 'None', 0, 'None'),
(131, 9, 'Morning', 'None', 0, 'None'),
(131, 10, 'Midday', 'None', 0, 'None'),
(131, 11, 'Evening', 'None', 0, 'None'),
(131, 12, 'Morning', 'None', 0, 'None'),
(131, 13, 'None', 'None', 1, 'Sick'),
(131, 14, 'Midday', 'None', 0, 'None'),
(131, 15, 'Evening', 'None', 0, 'None'),
(131, 16, 'None', 'None', 1, 'Sick'),
(131, 17, 'Morning', 'None', 0, 'None'),
(131, 18, 'Midday', 'None', 0, 'None'),
(131, 19, 'Evening', 'None', 0, 'None'),
(131, 21, 'Morning', 'None', 0, 'None'),
(131, 22, 'Midday', 'None', 0, 'None'),
(131, 23, 'Morning', 'None', 0, 'None'),
(131, 24, 'Evening', 'None', 0, 'None'),
(131, 27, 'Morning', 'None', 0, 'None'),
(131, 29, 'Midday', 'None', 0, 'None'),
(131, 30, 'Evening', 'None', 0, 'None'),
(131, 31, 'Morning', 'None', 0, 'None'),
(131, 34, 'Midday', 'None', 0, 'None'),
(131, 35, 'Evening', 'None', 0, 'None'),
(131, 42, 'Morning', 'None', 0, 'None'),
(131, 43, 'Midday', 'None', 0, 'None'),
(131, 44, 'Evening', 'None', 0, 'None'),
(131, 45, 'Morning', 'None', 0, 'None'),
(131, 46, 'Midday', 'None', 0, 'None'),
(131, 47, 'Midday', 'None', 0, 'None'),
(131, 49, 'Evening', 'None', 0, 'None'),
(131, 50, 'Morning', 'None', 0, 'None'),
(131, 51, 'Morning', 'None', 0, 'None'),
(131, 52, 'Midday', 'None', 0, 'None'),
(131, 53, 'Evening', 'None', 0, 'None'),
(131, 54, 'Morning', 'None', 0, 'None'),
(131, 61, 'Midday', 'None', 0, 'None'),
(131, 62, 'Evening', 'None', 0, 'None'),
(131, 64, 'Midday', 'None', 0, 'None'),
(131, 65, 'Midday', 'None', 0, 'None'),
(131, 66, 'Evening', 'None', 0, 'None'),
(131, 71, 'Morning', 'None', 0, 'None'),
(131, 72, 'Midday', 'Morning', 0, 'None'),
(131, 73, 'Evening', 'None', 0, 'None'),
(131, 74, 'Morning', 'None', 0, 'None'),
(131, 84, 'Midday', 'Morning', 0, 'None'),
(131, 114, 'Evening', 'None', 0, 'None'),
(131, 115, 'Evening', 'None', 0, 'None'),
(132, 1, 'None', 'None', 1, 'Sick'),
(132, 2, 'Midday', 'None', 0, 'None'),
(132, 3, 'Evening', 'None', 0, 'None'),
(132, 5, 'Evening', 'None', 0, 'None'),
(132, 6, 'Morning', 'None', 0, 'None'),
(132, 7, 'Midday', 'None', 0, 'None'),
(132, 8, 'Evening', 'None', 0, 'None'),
(132, 9, 'Morning', 'None', 0, 'None'),
(132, 10, 'Midday', 'None', 0, 'None'),
(132, 11, 'Evening', 'None', 0, 'None'),
(132, 12, 'Morning', 'None', 0, 'None'),
(132, 13, 'None', 'None', 1, 'Sick'),
(132, 14, 'Midday', 'None', 0, 'None'),
(132, 15, 'Evening', 'None', 0, 'None'),
(132, 16, 'None', 'None', 1, 'Sick'),
(132, 20, 'Morning', 'None', 0, 'None'),
(132, 23, 'Morning', 'None', 0, 'None'),
(132, 25, 'Midday', 'Morning', 0, 'None'),
(132, 27, 'Morning', 'None', 0, 'None'),
(132, 28, 'Midday', 'None', 0, 'None'),
(132, 29, 'Midday', 'None', 0, 'None'),
(132, 30, 'Evening', 'None', 0, 'None'),
(132, 31, 'Morning', 'None', 0, 'None'),
(132, 34, 'Midday', 'None', 0, 'None'),
(132, 35, 'Evening', 'None', 0, 'None'),
(132, 42, 'Morning', 'None', 0, 'None'),
(132, 43, 'Midday', 'None', 0, 'None'),
(132, 44, 'Evening', 'None', 0, 'None'),
(132, 45, 'Morning', 'None', 0, 'None'),
(132, 46, 'Midday', 'None', 0, 'None'),
(132, 47, 'Midday', 'None', 0, 'None'),
(132, 49, 'Evening', 'None', 0, 'None'),
(132, 50, 'Morning', 'None', 0, 'None'),
(132, 51, 'Midday', 'None', 0, 'None'),
(132, 52, 'Midday', 'None', 0, 'None'),
(132, 53, 'Evening', 'None', 0, 'None'),
(132, 54, 'Morning', 'None', 0, 'None'),
(132, 61, 'Midday', 'None', 0, 'None'),
(132, 62, 'Evening', 'None', 0, 'None'),
(132, 63, 'Morning', 'None', 0, 'None'),
(132, 65, 'Midday', 'None', 0, 'None'),
(132, 66, 'Evening', 'None', 0, 'None'),
(132, 67, 'Morning', 'None', 0, 'None'),
(132, 68, 'Midday', 'Morning', 0, 'None'),
(132, 69, 'Evening', 'None', 0, 'None'),
(132, 70, 'Morning', 'None', 0, 'None'),
(132, 71, 'Morning', 'None', 0, 'None'),
(132, 84, 'Midday', 'None', 0, 'None'),
(132, 114, 'Evening', 'None', 0, 'None'),
(132, 115, 'Evening', 'None', 0, 'None'),
(132, 116, 'Evening', 'None', 0, 'None'),
(132, 117, 'Evening', 'None', 0, 'None'),
(133, 1, 'None', 'None', 1, 'Sick'),
(133, 4, 'Midday', 'None', 0, 'None'),
(133, 5, 'Evening', 'None', 0, 'None'),
(133, 6, 'Morning', 'None', 0, 'None'),
(133, 7, 'Midday', 'None', 0, 'None'),
(133, 8, 'Evening', 'None', 0, 'None'),
(133, 9, 'Morning', 'None', 0, 'None'),
(133, 10, 'Midday', 'None', 0, 'None'),
(133, 11, 'Evening', 'None', 0, 'None'),
(133, 12, 'Morning', 'None', 0, 'None'),
(133, 13, 'None', 'None', 1, 'Sick'),
(133, 14, 'Morning', 'None', 0, 'None'),
(133, 15, 'Midday', 'None', 0, 'None'),
(133, 16, 'None', 'None', 1, 'Sick'),
(133, 17, 'Morning', 'None', 0, 'None'),
(133, 18, 'Midday', 'None', 0, 'None'),
(133, 19, 'Evening', 'None', 0, 'None'),
(133, 21, 'Evening', 'None', 0, 'None'),
(133, 22, 'Morning', 'None', 0, 'None'),
(133, 23, 'Morning', 'None', 0, 'None'),
(133, 24, 'Midday', 'None', 0, 'None'),
(133, 25, 'Evening', 'None', 0, 'None'),
(133, 29, 'Midday', 'None', 0, 'None'),
(133, 30, 'Evening', 'None', 0, 'None'),
(133, 31, 'Morning', 'None', 0, 'None'),
(133, 34, 'Midday', 'None', 0, 'None'),
(133, 35, 'Evening', 'None', 0, 'None'),
(133, 42, 'Morning', 'None', 0, 'None'),
(133, 43, 'Midday', 'None', 0, 'None'),
(133, 44, 'Evening', 'None', 0, 'None'),
(133, 45, 'Morning', 'None', 0, 'None'),
(133, 46, 'Midday', 'None', 0, 'None'),
(133, 47, 'Midday', 'None', 0, 'None'),
(133, 49, 'Evening', 'None', 0, 'None'),
(133, 50, 'Morning', 'None', 0, 'None'),
(133, 51, 'Evening', 'None', 0, 'None'),
(133, 52, 'Midday', 'None', 0, 'None'),
(133, 53, 'Evening', 'None', 0, 'None'),
(133, 54, 'Morning', 'None', 0, 'None'),
(133, 61, 'Midday', 'None', 0, 'None'),
(133, 62, 'Evening', 'None', 0, 'None'),
(133, 63, 'Morning', 'None', 0, 'None'),
(133, 64, 'Midday', 'None', 0, 'None'),
(133, 67, 'Midday', 'Evening', 0, 'None'),
(133, 68, 'Evening', 'None', 0, 'None'),
(133, 69, 'Morning', 'None', 0, 'None'),
(133, 70, 'Midday', 'Evening', 0, 'None'),
(133, 71, 'Morning', 'None', 0, 'None'),
(133, 72, 'Midday', 'None', 0, 'None'),
(133, 73, 'Evening', 'None', 0, 'None'),
(133, 74, 'Morning', 'None', 0, 'None'),
(133, 116, 'Morning', 'None', 0, 'None'),
(134, 1, 'None', 'None', 1, 'DayOff'),
(134, 2, 'Midday', 'None', 0, 'None'),
(134, 3, 'Evening', 'None', 0, 'None'),
(134, 4, 'Morning', 'None', 0, 'None'),
(134, 5, 'Midday', 'None', 0, 'None'),
(134, 6, 'Evening', 'None', 0, 'None'),
(134, 7, 'Morning', 'None', 0, 'None'),
(134, 8, 'Midday', 'None', 0, 'None'),
(134, 9, 'Evening', 'None', 0, 'None'),
(134, 10, 'Morning', 'None', 0, 'None'),
(134, 11, 'Midday', 'None', 0, 'None'),
(134, 12, 'Evening', 'None', 0, 'None'),
(134, 13, 'None', 'None', 1, 'Sick'),
(134, 14, 'Morning', 'None', 0, 'None'),
(134, 15, 'Midday', 'None', 0, 'None'),
(134, 16, 'Evening', 'None', 0, 'None'),
(134, 17, 'Morning', 'None', 0, 'None'),
(134, 18, 'Midday', 'None', 0, 'None'),
(134, 19, 'Evening', 'None', 0, 'None'),
(134, 21, 'Midday', 'None', 0, 'None'),
(134, 22, 'Evening', 'None', 0, 'None'),
(134, 23, 'Evening', 'None', 0, 'None'),
(134, 27, 'Morning', 'None', 0, 'None'),
(134, 29, 'Morning', 'None', 0, 'None'),
(134, 30, 'Midday', 'None', 0, 'None'),
(134, 31, 'Evening', 'None', 0, 'None'),
(134, 34, 'Morning', 'None', 0, 'None'),
(134, 35, 'Midday', 'None', 0, 'None'),
(134, 42, 'Evening', 'None', 0, 'None'),
(134, 43, 'Morning', 'None', 0, 'None'),
(134, 44, 'Midday', 'None', 0, 'None'),
(134, 45, 'Evening', 'None', 0, 'None'),
(134, 46, 'Morning', 'None', 0, 'None'),
(134, 47, 'Morning', 'None', 0, 'None'),
(134, 49, 'Midday', 'None', 0, 'None'),
(134, 50, 'Evening', 'None', 0, 'None'),
(134, 52, 'Morning', 'None', 0, 'None'),
(134, 53, 'Midday', 'None', 0, 'None'),
(134, 54, 'Evening', 'None', 0, 'None'),
(134, 61, 'Morning', 'None', 0, 'None'),
(134, 62, 'Midday', 'None', 0, 'None'),
(134, 63, 'Evening', 'None', 0, 'None'),
(134, 64, 'Morning', 'None', 0, 'None'),
(134, 69, 'Morning', 'None', 0, 'None'),
(134, 70, 'Midday', 'Evening', 0, 'None'),
(134, 71, 'Evening', 'None', 0, 'None'),
(134, 72, 'Morning', 'None', 0, 'None'),
(134, 73, 'Midday', 'None', 0, 'None'),
(134, 74, 'Evening', 'None', 0, 'None'),
(134, 84, 'Morning', 'None', 0, 'None'),
(134, 114, 'Midday', 'None', 0, 'None'),
(134, 115, 'Midday', 'None', 0, 'None'),
(135, 1, 'None', 'None', 1, 'DayOff'),
(135, 5, 'Evening', 'None', 0, 'None'),
(135, 6, 'Morning', 'None', 0, 'None'),
(135, 7, 'Midday', 'None', 0, 'None'),
(135, 8, 'Evening', 'None', 0, 'None'),
(135, 9, 'Morning', 'None', 0, 'None'),
(135, 10, 'Midday', 'None', 0, 'None'),
(135, 11, 'Evening', 'None', 0, 'None'),
(135, 12, 'Morning', 'None', 0, 'None'),
(135, 13, 'None', 'None', 1, 'Sick'),
(135, 14, 'Midday', 'None', 0, 'None'),
(135, 15, 'Evening', 'None', 0, 'None'),
(135, 16, 'Morning', 'None', 0, 'None'),
(135, 20, 'Morning', 'None', 0, 'None'),
(135, 23, 'Morning', 'None', 0, 'None'),
(135, 24, 'Midday', 'None', 0, 'None'),
(135, 25, 'Evening', 'None', 0, 'None'),
(135, 26, 'Morning', 'None', 0, 'None'),
(135, 27, 'Morning', 'None', 0, 'None'),
(135, 28, 'Midday', 'None', 0, 'None'),
(135, 29, 'Midday', 'None', 0, 'None'),
(135, 30, 'Evening', 'None', 0, 'None'),
(135, 31, 'Morning', 'None', 0, 'None'),
(135, 34, 'Midday', 'None', 0, 'None'),
(135, 35, 'Evening', 'None', 0, 'None'),
(135, 42, 'Morning', 'None', 0, 'None'),
(135, 43, 'Midday', 'None', 0, 'None'),
(135, 44, 'Evening', 'None', 0, 'None'),
(135, 45, 'Morning', 'None', 0, 'None'),
(135, 46, 'Midday', 'None', 0, 'None'),
(135, 47, 'Midday', 'None', 0, 'None'),
(135, 49, 'Evening', 'None', 0, 'None'),
(135, 50, 'Morning', 'None', 0, 'None'),
(135, 51, 'Morning', 'None', 0, 'None'),
(135, 52, 'Midday', 'None', 0, 'None'),
(135, 53, 'Evening', 'None', 0, 'None'),
(135, 61, 'Midday', 'None', 0, 'None'),
(135, 62, 'Evening', 'None', 0, 'None'),
(135, 63, 'Morning', 'None', 0, 'None'),
(135, 64, 'Midday', 'None', 0, 'None'),
(135, 65, 'Morning', 'None', 0, 'None'),
(135, 66, 'Midday', 'Morning', 0, 'None'),
(135, 67, 'Evening', 'None', 0, 'None'),
(135, 68, 'Morning', 'None', 0, 'None'),
(135, 69, 'Midday', 'None', 0, 'None'),
(135, 70, 'Evening', 'None', 0, 'None'),
(135, 84, 'Midday', 'None', 0, 'None'),
(135, 114, 'Evening', 'None', 0, 'None'),
(135, 115, 'Evening', 'None', 0, 'None'),
(135, 116, 'Midday', 'Evening', 0, 'None'),
(135, 117, 'Evening', 'None', 0, 'None'),
(136, 1, 'None', 'None', 1, 'DayOff'),
(136, 2, 'Midday', 'None', 0, 'None'),
(136, 3, 'Evening', 'None', 0, 'None'),
(136, 4, 'Morning', 'None', 0, 'None'),
(136, 5, 'Evening', 'None', 0, 'None'),
(136, 6, 'Morning', 'None', 0, 'None'),
(136, 7, 'Midday', 'None', 0, 'None'),
(136, 8, 'Evening', 'None', 0, 'None'),
(136, 9, 'Morning', 'None', 0, 'None'),
(136, 10, 'Midday', 'None', 0, 'None'),
(136, 11, 'Evening', 'None', 0, 'None'),
(136, 12, 'Morning', 'None', 0, 'None'),
(136, 13, 'None', 'None', 1, 'Sick'),
(136, 14, 'Morning', 'None', 0, 'None'),
(136, 15, 'Midday', 'None', 0, 'None'),
(136, 16, 'Evening', 'None', 0, 'None'),
(136, 17, 'Morning', 'None', 0, 'None'),
(136, 18, 'Midday', 'None', 0, 'None'),
(136, 19, 'Evening', 'None', 0, 'None'),
(136, 21, 'Midday', 'None', 0, 'None'),
(136, 22, 'Evening', 'None', 0, 'None'),
(136, 23, 'Morning', 'None', 0, 'None'),
(136, 26, 'Morning', 'None', 0, 'None'),
(136, 29, 'Midday', 'None', 0, 'None'),
(136, 30, 'Evening', 'None', 0, 'None'),
(136, 31, 'Morning', 'None', 0, 'None'),
(136, 34, 'Midday', 'None', 0, 'None'),
(136, 35, 'Evening', 'None', 0, 'None'),
(136, 42, 'Morning', 'None', 0, 'None'),
(136, 43, 'Midday', 'None', 0, 'None'),
(136, 44, 'Evening', 'None', 0, 'None'),
(136, 45, 'Morning', 'None', 0, 'None'),
(136, 46, 'Midday', 'None', 0, 'None'),
(136, 47, 'Midday', 'None', 0, 'None'),
(136, 49, 'Evening', 'None', 0, 'None'),
(136, 50, 'Morning', 'None', 0, 'None'),
(136, 51, 'Midday', 'None', 0, 'None'),
(136, 52, 'Midday', 'None', 0, 'None'),
(136, 53, 'Evening', 'None', 0, 'None'),
(136, 54, 'Morning', 'None', 0, 'None'),
(136, 62, 'Evening', 'None', 0, 'None'),
(136, 63, 'Morning', 'None', 0, 'None'),
(136, 64, 'Midday', 'None', 0, 'None'),
(136, 65, 'Midday', 'Evening', 0, 'None'),
(136, 66, 'Evening', 'None', 0, 'None'),
(136, 67, 'Morning', 'None', 0, 'None'),
(136, 68, 'Midday', 'None', 0, 'None'),
(136, 71, 'Morning', 'None', 0, 'None'),
(136, 72, 'Midday', 'None', 0, 'None'),
(136, 73, 'Evening', 'None', 0, 'None'),
(136, 74, 'Morning', 'None', 0, 'None'),
(136, 114, 'Evening', 'None', 0, 'None'),
(137, 1, 'None', 'None', 1, 'DayOff'),
(137, 2, 'Evening', 'Midday', 0, 'None'),
(137, 5, 'Evening', 'None', 0, 'None'),
(137, 6, 'Morning', 'None', 0, 'None'),
(137, 7, 'Midday', 'None', 0, 'None'),
(137, 8, 'Evening', 'None', 0, 'None'),
(137, 9, 'Morning', 'None', 0, 'None'),
(137, 10, 'Midday', 'None', 0, 'None'),
(137, 11, 'Evening', 'None', 0, 'None'),
(137, 12, 'Morning', 'None', 0, 'None'),
(137, 13, 'None', 'None', 1, 'Sick'),
(137, 20, 'Morning', 'None', 0, 'None'),
(137, 23, 'Morning', 'None', 0, 'None'),
(137, 24, 'Midday', 'None', 0, 'None'),
(137, 25, 'Evening', 'None', 0, 'None'),
(137, 27, 'Morning', 'None', 0, 'None'),
(137, 28, 'Midday', 'None', 0, 'None'),
(137, 29, 'Midday', 'None', 0, 'None'),
(137, 30, 'Evening', 'None', 0, 'None'),
(137, 31, 'Morning', 'None', 0, 'None'),
(137, 34, 'Midday', 'None', 0, 'None'),
(137, 35, 'Evening', 'None', 0, 'None'),
(137, 42, 'Morning', 'None', 0, 'None'),
(137, 43, 'Midday', 'None', 0, 'None'),
(137, 44, 'Evening', 'None', 0, 'None'),
(137, 45, 'Morning', 'None', 0, 'None'),
(137, 46, 'Midday', 'None', 0, 'None'),
(137, 47, 'Midday', 'None', 0, 'None'),
(137, 49, 'Evening', 'None', 0, 'None'),
(137, 50, 'Morning', 'None', 0, 'None'),
(137, 51, 'Evening', 'None', 0, 'None'),
(137, 52, 'Midday', 'None', 0, 'None'),
(137, 53, 'Evening', 'None', 0, 'None'),
(137, 54, 'Morning', 'None', 0, 'None'),
(137, 61, 'Midday', 'None', 0, 'None'),
(137, 63, 'Morning', 'None', 0, 'None'),
(137, 64, 'Midday', 'None', 0, 'None'),
(137, 65, 'Morning', 'None', 0, 'None'),
(137, 66, 'Midday', 'None', 0, 'None'),
(137, 67, 'Evening', 'None', 0, 'None'),
(137, 68, 'Morning', 'None', 0, 'None'),
(137, 69, 'Midday', 'None', 0, 'None'),
(137, 70, 'Evening', 'None', 0, 'None'),
(137, 71, 'Morning', 'None', 0, 'None'),
(137, 72, 'Midday', 'None', 0, 'None'),
(137, 73, 'Evening', 'None', 0, 'None'),
(137, 74, 'Morning', 'None', 0, 'None'),
(137, 84, 'Midday', 'None', 0, 'None'),
(137, 114, 'Evening', 'None', 0, 'None'),
(137, 115, 'Evening', 'None', 0, 'None'),
(137, 116, 'Morning', 'None', 0, 'None'),
(137, 117, 'Evening', 'None', 0, 'None'),
(138, 1, 'None', 'None', 1, 'DayOff'),
(138, 3, 'Midday', 'None', 0, 'None'),
(138, 4, 'Evening', 'None', 0, 'None'),
(138, 5, 'Evening', 'None', 0, 'None'),
(138, 6, 'Morning', 'None', 0, 'None'),
(138, 7, 'Midday', 'None', 0, 'None'),
(138, 8, 'Evening', 'None', 0, 'None'),
(138, 9, 'Morning', 'None', 0, 'None'),
(138, 10, 'Midday', 'None', 0, 'None'),
(138, 11, 'Evening', 'None', 0, 'None'),
(138, 12, 'Morning', 'None', 0, 'None'),
(138, 13, 'Morning', 'None', 0, 'None'),
(138, 14, 'Midday', 'None', 0, 'None'),
(138, 15, 'Evening', 'None', 0, 'None'),
(138, 16, 'Morning', 'None', 0, 'None'),
(138, 17, 'Morning', 'None', 0, 'None'),
(138, 18, 'Midday', 'None', 0, 'None'),
(138, 19, 'Evening', 'None', 0, 'None'),
(138, 21, 'Morning', 'None', 0, 'None'),
(138, 22, 'Midday', 'None', 0, 'None'),
(138, 23, 'Morning', 'None', 0, 'None'),
(138, 24, 'Evening', 'None', 0, 'None'),
(138, 26, 'Morning', 'None', 0, 'None'),
(138, 29, 'Midday', 'None', 0, 'None'),
(138, 30, 'Evening', 'None', 0, 'None'),
(138, 31, 'Morning', 'None', 0, 'None'),
(138, 34, 'Midday', 'None', 0, 'None'),
(138, 35, 'Evening', 'None', 0, 'None'),
(138, 42, 'Morning', 'None', 0, 'None'),
(138, 43, 'Midday', 'None', 0, 'None'),
(138, 44, 'Evening', 'None', 0, 'None'),
(138, 45, 'Morning', 'None', 0, 'None'),
(138, 46, 'Midday', 'None', 0, 'None'),
(138, 47, 'Midday', 'None', 0, 'None'),
(138, 49, 'Evening', 'None', 0, 'None'),
(138, 50, 'Morning', 'None', 0, 'None'),
(138, 51, 'Morning', 'None', 0, 'None'),
(138, 52, 'Midday', 'None', 0, 'None'),
(138, 53, 'Evening', 'None', 0, 'None'),
(138, 54, 'Morning', 'None', 0, 'None'),
(138, 61, 'Midday', 'None', 0, 'None'),
(138, 62, 'Evening', 'None', 0, 'None'),
(138, 64, 'Midday', 'None', 0, 'None'),
(138, 65, 'Midday', 'None', 0, 'None'),
(138, 66, 'Evening', 'None', 0, 'None'),
(138, 71, 'Morning', 'None', 0, 'None'),
(138, 72, 'Midday', 'None', 0, 'None'),
(138, 73, 'Evening', 'None', 0, 'None'),
(138, 74, 'Morning', 'None', 0, 'None'),
(138, 84, 'Midday', 'None', 0, 'None'),
(138, 114, 'Evening', 'None', 0, 'None'),
(138, 115, 'Evening', 'None', 0, 'None'),
(139, 1, 'None', 'None', 1, 'DayOff'),
(139, 2, 'Midday', 'None', 0, 'None'),
(139, 3, 'Evening', 'None', 0, 'None'),
(139, 5, 'Evening', 'None', 0, 'None'),
(139, 6, 'Morning', 'None', 0, 'None'),
(139, 7, 'Midday', 'None', 0, 'None'),
(139, 8, 'Evening', 'None', 0, 'None'),
(139, 9, 'Morning', 'None', 0, 'None'),
(139, 10, 'Midday', 'None', 0, 'None'),
(139, 11, 'Evening', 'None', 0, 'None'),
(139, 12, 'Morning', 'None', 0, 'None'),
(139, 13, 'Morning', 'None', 0, 'None'),
(139, 14, 'Midday', 'None', 0, 'None'),
(139, 15, 'Evening', 'None', 0, 'None'),
(139, 16, 'Morning', 'None', 0, 'None'),
(139, 20, 'Morning', 'None', 0, 'None'),
(139, 23, 'Morning', 'None', 0, 'None'),
(139, 25, 'Midday', 'Morning', 0, 'None'),
(139, 27, 'Morning', 'None', 0, 'None'),
(139, 28, 'Midday', 'None', 0, 'None'),
(139, 29, 'Midday', 'None', 0, 'None'),
(139, 30, 'Evening', 'None', 0, 'None'),
(139, 31, 'Morning', 'None', 0, 'None'),
(139, 34, 'Midday', 'None', 0, 'None'),
(139, 35, 'Evening', 'None', 0, 'None'),
(139, 42, 'Morning', 'None', 0, 'None'),
(139, 43, 'Midday', 'None', 0, 'None'),
(139, 44, 'Evening', 'None', 0, 'None'),
(139, 45, 'Morning', 'None', 0, 'None'),
(139, 46, 'Midday', 'None', 0, 'None'),
(139, 47, 'Midday', 'None', 0, 'None'),
(139, 49, 'Evening', 'None', 0, 'None'),
(139, 50, 'Morning', 'None', 0, 'None'),
(139, 51, 'Midday', 'None', 0, 'None'),
(139, 52, 'Midday', 'None', 0, 'None'),
(139, 53, 'Evening', 'None', 0, 'None'),
(139, 54, 'Morning', 'None', 0, 'None'),
(139, 61, 'Midday', 'None', 0, 'None'),
(139, 62, 'Evening', 'None', 0, 'None'),
(139, 63, 'Morning', 'None', 0, 'None'),
(139, 65, 'Midday', 'None', 0, 'None'),
(139, 66, 'Evening', 'None', 0, 'None'),
(139, 67, 'Morning', 'None', 0, 'None'),
(139, 68, 'Midday', 'None', 0, 'None'),
(139, 69, 'Evening', 'None', 0, 'None'),
(139, 70, 'Morning', 'None', 0, 'None'),
(139, 84, 'Midday', 'None', 0, 'None'),
(139, 114, 'Evening', 'None', 0, 'None'),
(139, 115, 'Evening', 'None', 0, 'None'),
(139, 116, 'Evening', 'None', 0, 'None'),
(139, 117, 'Evening', 'None', 0, 'None'),
(140, 1, 'None', 'None', 1, 'DayOff'),
(140, 4, 'Midday', 'None', 0, 'None'),
(140, 5, 'Evening', 'None', 0, 'None'),
(140, 6, 'Morning', 'None', 0, 'None'),
(140, 7, 'Midday', 'None', 0, 'None'),
(140, 8, 'Evening', 'None', 0, 'None'),
(140, 9, 'Morning', 'None', 0, 'None'),
(140, 10, 'Midday', 'None', 0, 'None'),
(140, 11, 'Evening', 'None', 0, 'None'),
(140, 12, 'Morning', 'None', 0, 'None'),
(140, 13, 'Evening', 'None', 0, 'None'),
(140, 14, 'None', 'None', 1, 'DayOff'),
(140, 15, 'Midday', 'None', 0, 'None'),
(140, 16, 'Evening', 'None', 0, 'None'),
(140, 17, 'Morning', 'None', 0, 'None'),
(140, 18, 'Midday', 'None', 0, 'None'),
(140, 19, 'Evening', 'None', 0, 'None'),
(140, 21, 'Evening', 'None', 0, 'None'),
(140, 22, 'Morning', 'None', 0, 'None'),
(140, 23, 'Morning', 'None', 0, 'None'),
(140, 24, 'Midday', 'None', 0, 'None'),
(140, 25, 'Evening', 'None', 0, 'None'),
(140, 26, 'Morning', 'None', 0, 'None'),
(140, 29, 'Midday', 'None', 0, 'None'),
(140, 30, 'Evening', 'None', 0, 'None'),
(140, 31, 'Morning', 'None', 0, 'None'),
(140, 34, 'Midday', 'None', 0, 'None'),
(140, 35, 'Evening', 'None', 0, 'None'),
(140, 42, 'Morning', 'None', 0, 'None'),
(140, 43, 'Midday', 'None', 0, 'None'),
(140, 44, 'Evening', 'None', 0, 'None'),
(140, 45, 'Morning', 'None', 0, 'None'),
(140, 46, 'Midday', 'None', 0, 'None'),
(140, 47, 'Midday', 'None', 0, 'None'),
(140, 49, 'Evening', 'None', 0, 'None'),
(140, 50, 'Morning', 'None', 0, 'None'),
(140, 51, 'Evening', 'None', 0, 'None'),
(140, 52, 'Midday', 'None', 0, 'None'),
(140, 53, 'Evening', 'None', 0, 'None'),
(140, 54, 'Morning', 'None', 0, 'None'),
(140, 61, 'Midday', 'None', 0, 'None'),
(140, 62, 'Evening', 'None', 0, 'None'),
(140, 63, 'Morning', 'None', 0, 'None'),
(140, 64, 'Midday', 'None', 0, 'None'),
(140, 67, 'Midday', 'Morning', 0, 'None'),
(140, 68, 'Evening', 'None', 0, 'None'),
(140, 69, 'Morning', 'None', 0, 'None'),
(140, 70, 'Midday', 'None', 0, 'None'),
(140, 71, 'Morning', 'None', 0, 'None'),
(140, 72, 'Midday', 'None', 0, 'None'),
(140, 73, 'Evening', 'None', 0, 'None'),
(140, 74, 'Morning', 'None', 0, 'None'),
(141, 4, 'Morning', 'None', 0, 'None'),
(141, 5, 'Evening', 'None', 0, 'None'),
(141, 6, 'Morning', 'None', 0, 'None'),
(141, 7, 'Morning', 'None', 0, 'None'),
(141, 8, 'Midday', 'None', 0, 'None'),
(141, 9, 'Evening', 'None', 0, 'None'),
(141, 11, 'Morning', 'None', 0, 'None'),
(141, 12, 'Midday', 'None', 0, 'None'),
(141, 14, 'None', 'None', 1, 'DayOff'),
(141, 16, 'Morning', 'None', 0, 'None'),
(141, 19, 'Morning', 'None', 0, 'None'),
(141, 20, 'Midday', 'None', 0, 'None'),
(141, 21, 'Midday', 'None', 0, 'None'),
(141, 22, 'Evening', 'None', 0, 'None'),
(141, 23, 'Evening', 'None', 0, 'None'),
(141, 24, 'Morning', 'None', 0, 'None'),
(141, 25, 'Midday', 'None', 0, 'None'),
(141, 26, 'Evening', 'None', 0, 'None'),
(141, 28, 'Evening', 'None', 0, 'None'),
(141, 29, 'Morning', 'None', 0, 'None'),
(141, 30, 'Midday', 'None', 0, 'None'),
(141, 31, 'Evening', 'None', 0, 'None'),
(141, 34, 'Morning', 'None', 0, 'None'),
(141, 35, 'Midday', 'None', 0, 'None'),
(141, 42, 'Evening', 'None', 0, 'None'),
(141, 43, 'Morning', 'None', 0, 'None'),
(141, 44, 'Midday', 'None', 0, 'None'),
(141, 45, 'Evening', 'None', 0, 'None'),
(141, 46, 'Morning', 'None', 0, 'None'),
(141, 47, 'Evening', 'None', 0, 'None'),
(141, 49, 'Morning', 'None', 0, 'None'),
(141, 50, 'Midday', 'None', 0, 'None'),
(141, 51, 'Evening', 'None', 0, 'None'),
(141, 52, 'Morning', 'None', 0, 'None'),
(141, 53, 'Midday', 'None', 0, 'None'),
(141, 54, 'Evening', 'None', 0, 'None'),
(141, 61, 'Morning', 'None', 0, 'None'),
(141, 62, 'Midday', 'None', 0, 'None'),
(141, 63, 'Evening', 'None', 0, 'None'),
(141, 64, 'Morning', 'None', 0, 'None'),
(141, 65, 'Midday', 'None', 0, 'None'),
(141, 66, 'Evening', 'None', 0, 'None'),
(141, 67, 'Morning', 'None', 0, 'None'),
(141, 68, 'Midday', 'None', 0, 'None'),
(141, 69, 'Evening', 'None', 0, 'None'),
(141, 70, 'Morning', 'None', 0, 'None'),
(141, 71, 'Midday', 'None', 0, 'None'),
(141, 72, 'Evening', 'None', 0, 'None'),
(141, 73, 'Morning', 'None', 0, 'None'),
(141, 74, 'Midday', 'None', 0, 'None'),
(141, 84, 'Evening', 'None', 0, 'None'),
(141, 114, 'Midday', 'None', 0, 'None'),
(141, 118, 'Midday', 'None', 0, 'None'),
(142, 6, 'None', 'None', 1, 'DayOff'),
(142, 14, 'None', 'None', 1, 'DayOff'),
(143, 14, 'None', 'None', 1, 'DayOff'),
(144, 14, 'None', 'None', 1, 'DayOff'),
(145, 14, 'None', 'None', 1, 'DayOff');

-- --------------------------------------------------------

--
-- Table structure for table `items`
--

CREATE TABLE `items` (
  `id` int(20) NOT NULL,
  `category` varchar(255) NOT NULL,
  `subcategory` varchar(255) NOT NULL,
  `brand` varchar(255) NOT NULL,
  `model` varchar(255) NOT NULL,
  `description` varchar(255) NOT NULL,
  `stock_price` varchar(255) NOT NULL,
  `price` varchar(255) NOT NULL,
  `restock_state` varchar(255) NOT NULL DEFAULT 'manager',
  `roomInShop` int(255) NOT NULL,
  `roomInStorage` int(255) NOT NULL,
  `minimumAmountInStock` int(255) NOT NULL,
  `inShopAmount` int(255) NOT NULL,
  `inStorageAmount` int(255) NOT NULL
) ENGINE=InnoDB DEFAULT CHARSET=utf8;

--
-- Dumping data for table `items`
--

INSERT INTO `items` (`id`, `category`, `subcategory`, `brand`, `model`, `description`, `stock_price`, `price`, `restock_state`, `roomInShop`, `roomInStorage`, `minimumAmountInStock`, `inShopAmount`, `inStorageAmount`) VALUES
(1, 'Electronics', 'Monitor', 'LG', 'MonitorXCZ', 'Gaming Monitor', '260', '499', 'stocker', 10, 20, 10, 10, 10),
(2, 'Electronics', 'Mouse', 'Steelseries', 'Rival 310', 'Gaming Mouse', '70', '120', 'stocker', 10, 20, 25, 10, 10),
(10, 'ElectronicsUPDATE', 'Phone', 'AppleUPDATE', '8', 'phoneUPDATE', '100', '200', 'stocker', 8, 16, 10, 8, 8),
(11, 'Electronics', 'Laptop', 'Acer', 'Aspire 5 nitro', 'Notebook', '300', '500', 'stocker', 16, 32, 15, 11, 11),
(17, 'TEST', 'Headset', 'name', 'TEST', 'desc', '160', '250', 'stable', 8, 15, 10, 8, 15),
(18, 'Electronics', 'Mouse', 'Lenovo', 'LEGION GEN45', 'Ultra sensitive gaming mouse', '50', '80', 'stocker', 10, 20, 30, 10, 10),
(22, 'Furniture', 'Chair', 'Ikea', 'ChairTest', 'Test', '160', '230', 'stable', 17, 30, 20, 17, 30),
(28, 'Electronics', 'Laptop', 'Asus', 'GFS23', 'some description', '600', '1300', 'stocker', 15, 30, 15, 15, 15),
(29, 'Furniture', 'Chair', 'Ikea', 'None', 'some description', '20', '60', 'stable', 10, 25, 10, 10, 10);

-- --------------------------------------------------------

--
-- Table structure for table `items_images`
--

CREATE TABLE `items_images` (
  `item_id` int(20) NOT NULL,
  `image` blob NOT NULL
) ENGINE=InnoDB DEFAULT CHARSET=utf8;

--
-- Dumping data for table `items_images`
--

INSERT INTO `items_images` (`item_id`, `image`) VALUES
(28, 0x89504e470d0a1a0a0000000d49484452000000ab000000ad0806000000cfb18f04000000017352474200aece1ce90000000467414d410000b18f0bfc6105000000097048597300000ec300000ec301c76fa86400005d1549444154785eedbde992dd38b2ad29c53c2842438ecaca3af7dcb6db66ddefff7e8a5e9f3b16e004b1870829b3aa8ef58f65043113f8e818c8cdfdeef2faf337e925f5a5ebeae6a7a65f5e2e9b2e6e7f7db9b8fbf5e5f2feb72ece2dfb5d3dfcfe72f5e16be842e7ef6f95defe4d35ed26ddc3afa18bbb9f95eea7385ede933e55cf71afb40aa30eb5aed6f5dd6f3b5dddfd22fd1cbabed5b1b5c5e5b5f29668936bb505ba52be114f655a4edbf390df8dae690e1bfee493a29deda69cf39575a4bebd6e37d4977abb2ff7ca7899c7cdf55edb3252cedf69fbb9dacd6d60c5b5963837b4b1e337d5bc6f54d7a1518fcb9b2f2f0b5887fb4a1102523a89231d0e78ea642b000eff0201203e084009b761e4fcea51404a17eaa0f72dfe084f5881edfee33fbabb4b171e3036cd405a33acefd581016bd4b5897275bcd671072b0002a98e86353b5c7538042b1dd5141d14e953f8dde87a7b9874a91bd1ee2c4f792b5fbb439ccfa2fc852ea96300a873eaa5b85957fc6c7caa111ad794f9aaee57aaebaca91cf2bf56dd962a6d60c5f529ff0a676f3b975d742deeae55afd015e78aa7722f6f03d62f823521bdb8fa14478b8b0354c3daa586ee8dad4a6623fffaf24e17b2b4600dc42a400d58a7b06a59019232367769510532e207d4057ec975e8d6aa29c1d491bc3ba8bf4b5f5f6e6e53d737bfbddcdeab5eb4c1151dadfca3c35ac32ef36ce21cff162fe3eeaf2104d0eda648cb6865fa2a3ab15a9f6bd58b63ed9ff7571a914a3d0fa95e0baa96ccba555ebd2cc975bc118868535fdab3b64113d674b6a8b5dcad6867e5a5b6bf14ac71f3e1a734ef2eae3e7f933aa033ac449a81bde0ae6cc05e2ab3de48ea8c0aabcfabdf0c11eeedf440794915566b638da435ac5996cbb97dfa47945fa142d9903a1e8355f18035add01ed6ae4d9e4d9ce3bf893beabe11d7d5cad874fe2e3db06a28bd56e7375d5fe5798de31b6c59d7a2f3601dee6b8978d4cbb056fd6858afb0aab8691ff561b7ac78ac60bd7d54a72bec3d7ec4912ee48fc2cd05abf038aae11deeb800e7b9e716a8716e6b1a16f521c3224dcb23f34dd5e1d579d4bc2ae0ae03f509204ada3e44211a301a3661cd634e07fa75904787b61c2dc5d90d7fad0ea39c8514d765443d1d577a2baca74005ba804fc3bc41bc517c5bd0aa849532d446c0c3f146e2267fa5b8265f6bb48bda6d16c37df633ed9f7d7075a730a52d9635a702b3aeb150a2fbbd2a9e565460a8513b90e1a7060a65388a429a2ea58b4897e2dcbac20a3a8ef45e9542019f141d47782f63c890d69be142175aeb812ea8bb94434a8a39962123af045656f416a953a40e22d7abb6c806cdb41cbd7871de9ebb45d801014b052981242ccbda80dce2384da4631e27400da981bd127816308615949cae2ae2340d580d2cfe4c2f52379723ae2d6ba8d5b1dea06959b7a2ef7ce4faa32f6887de5648e74db475b6139618a3413e594e8735f569376f9da70001891a75056bbf90aa80803b84ce1f79f434c5ffbdd4a19356b01a246448395ac03ad7a17752f10392a87b5c83f3e6c644c4210dd63395edb1cda79ecffe76af54c30dab2d4b9d06cc69225d0549e7032e8e29c3075c4e5715b002e1ac9247cf4b3c5c5fa7aea4cb906fdcacef980a303a6d453f718d56bdeed92ffdc9537909d49060bd511f93d7bbcb80352bb086d5400e75cbaaca6ec3d4380b192edc06bf5ad98b38dfc2ca0a3ea60172d7bc7d51b8bb45d571c0baad534227bfb9c3c823ea52c234bc5d6a98cb74f8575891f21718199ff49947cf2bdc1c479e35ccd750dd792d59deac9eaee84a0b2a165529835bdd284103ca751e0a37a0178adf7475393460d5e82a0eaeaf3f0ad68f4a6fb5b6517b63f9c69c758851332d285072b49446c79ccb1a56da4065b6b04813d6d569b4c05245be5d354887851dca4ab9e34643aed43be30c19ca542eb6aa3a7c0acfce1ca05a61158fa9d68d4e22cddc714bbfe9ba4a1bf478ac54992b328f737d4a1b8dbc328cc60e3fe2edb42fb3e6515587f095c2a236f75158cf94e7aed76221a14d70d3ba72bdba51ee95a7e6951ce7f929c784952302466b58e5113e54db2e60bd629ff508ac884eb8380b5655f04cbd06562cb0efbcaa1d9cb34addd87af2fcb22af2d9f90d25a003d68c2f9d84d579397f3a20c15cc9e9b6ca7c33ef96dfc68256a943db3cd66ee6b79b3d526b0165e651ad76ea10ace246f54a5863f1fa46584367c04a3bbe53a3c49cf53d60aa600ae0c8eaff1d00cb7dae36a01c50cc41b9105dd00ceb76db2be3bc2bf9bea69c88db405bc940acc20cd75619bf03142be32dacce73956f0dab3a5c1e9db548b3002a95806ea58e5e82b91240eef335ac37aa6782cafcf56373176091da7d8096f5cd73d5a5f90f5075ddb79a07df29df09f22ef1e02924e7efee1ebf7ea353df4b06e1e1f98f3802ec6c658f693dc46dd5e7af67c0eaf0d835207defc476ae3a1ed21ed619846d9ea7656032dd6958b7e9479cade67855abb8878770c09cb58a774802a801585561bd519ba28055fd1d02d2ae71fdd6615805eaedb3acea274d0394ff723ac079b62fc777efaf7efac6130fefa39a6a77b83b7b05e7ac159cb35e03eba52a7ffbf4551791159e3bb1c239eb7f1aacdd6f091a1ad6b08b85525ded57edd29f86f556ed8a6e6e0498fadb5303a604630e3bda00257487607d12ac1f27582bb009a9f54e0df02d1b645b8801ad3b03e8d8dcf6ea32853b0051a56283b734ba153b000dccaa0eb3c263ff35e293c7b67ea97d67e71c3101258edd55f627aeb7e66297e24cb95c8e34e8b64e29ea4d9e71bd0d088e714e3a4332c15317482bc59cb3e551ebb48abb12f9b3ffea3cbaa25c413469c02a50d55ef7f491fad80f1112d89c1ae43c567e0db6e1ae37742afd75433578d99e4ab155b57ee27514d6d4db61cd69c568dcaad8aa2a96b4c25aadf05f056b86c9022bcd6b61b5f251ecba6e869578ff39b0aee20f58b1d6096af1131329f6615f032b4a50cf8115bd1350df5643a8a703319c161d9bc75e5e7c0abdbf6c404f69512dc36e97e5e947f5afe7b3b8e8da6121ac6529abbb27601972ee78338c3c56f94c62bfd979593c8a3e5477971df0b66199957cef2c0371105675a287f3a2abcdcd36ae671537f318793bff25ac6ab70ae14ace3781f5fc556e1d91ebb68735dd55f8f5b697fa83848038d35451c777eadc6fabd5a82f2032a7f15ba3cc8056555823ae2e2037dd9b22bf94b76c66ad1e42f882de62fd7a83a83eb7bc91d5ae03d130cef758deb405c70f1ffff9f2f8fca7dac36d638d0eb0bb5f0be9db90cad179768016b05a1e8aab2ea52c934ecd7ad0b6abb829833b441eae47d48fbca4db9b5f9b289fbaac0166e8bfb9199006b8f82fda01f793da2deb897f2aa11c4a8b6a2b3aae6da84d03782a53e50bc84ecac63170ec57ae40458761cdfca848cff780029ac92fe6b11c3927fc841cd7a25cea44e3f9d8a155f8b9b0220f49237fc2f79de47c237d039163cfa7f91d8775f85b97883c95bfebb1c96f23c07a0bacecd7ba1e8760d522cbc09e8035eab76933ea8e084f791ae0f69de3a37782b3c35a2fa08a887613efbd86013a1d19d4387ffff1e542b0bebbd011ff02ebb9dac03a871da8a3eb1f5a84a36cbc3cc68dc5cd14ca320fa543be7e8e94e1c64b39efad884f9eb909af0e690ad82a5002d57ea86fdc4b153c3f06bd043681910644fe3624d48b7857aa531c35243738632da16b8ec510d71e025a866ea57379dc203ba9de93225f811a521b76ff7efdd4abbab3addc8643230e5027e4357cab93b03aa2cf897710560950edef8ad4fcac5a894d18e756f53f53e457e17319db3b75df90d69c9ff3988f5b39bf21a74dd886551bc3b3c3325ed45779d5bad7383d2e80297f3ad6db3d8f4f7fe83c6fa4cb2b4d7588c762477d90b06a34d1c2d80ba18436ebd3ad65c0365fd7fada0e6bd536a995a5ac3a644dabceb2ac5519770cfd06d5478b735fc02a9f5565d0f7c05af3f82b61adfe9987f31b729c84ac818a856bea7e92e7b2ae8335838a2aac2c10d31a913efb30deb0973b600d3007aca98fd221588fab4f9da455f839b01aca19cc95dfac80d50dbb5656ce6056b7cf5d791a6ff6b776fe6db51c53051670b394df488f7b5b2f2a3f5b225f54059e731ac1e71157f9c70a9ee3a69cbc8eac17471e96a4bbbe67b01765cfcab273ee39c05c896175aec3a132a21e6df7a1ee4044b8ca0acbaaf68ab7e7b0a6e4df604dcbcaa352bbc722299f44d5f2b63a5cafbdb8811cff78ba0162d51ada9fce8135951695c2718f8635842b40534e33d257cd95aaa0cd71ab881be0b5a3ddb388572f3ed366831aaa39df6d83568d7a9eab2dac0ccd159c262ce26c455b3d57a2eeb3ce8795e32158575ad761adbc66b7f7c3877f74bfd7e890857d13ac6b280f690bab15d6aee4dfa54a75adc29ba8fccdfdef1dd4d7c04abd6a03cff9ae61189df11acdb07640ab688f06a9df258d9d836635fb4810a3c1be6e593fe96c58b1aea95cd5cb4faa908e95baf3777b1d535e33edcda6fe4fbffc9feef71afd7058b9a0f1448badaaad7bc09aeedcf21aba79c8df390554e4e90ee2dc7e2774af3b97b83b588b9b8bcc8bcf06f7cdc3b9dd7b1598e928c3d0f2432e8fbdd4d15955590f7eaf747b2780d476b12b70291090da20e0edf358c1d294169876936867f20b5055b6eb33cb758b771674aefc73376058f3abab678939eb738395237a4ae1bf03b75ed30995fac46b7fbc45855b6d1473e268ab11a7d7f90cdd28dd19b06607c7131cdcd16987614d38d54025ce0077287e25d03681a31cc33a954f457d7c7cfa338616cee3c6216ca5161f917f0a3f376c86d532aab8de1eb7cc0d1d6e50d9ff3d046b6e6ab7f249a3fabebf001ce517523cc17429502f9be5b3b080bb974302568128085ca78d0843d42bacb920e1e6086029e7d3cb9de25d5eceb03650af1fe3d82d2d2f9ab8ec73451bcd521e5ec4016bf403f588b06ca3ad142ef9c180c57b091d565ba7591dae004c6e1592bf40e4fcb316205afd4bb851588216ee3815d2915f76b8e1b2e237ef48ee1ea71dc3424a4eb7c9a3a8fabb1357b06ecaa83a086b36246df1e1e39f8a4b5bd47c8b02a0d4b8666e7cce116ef961410ba86f8635fc55f7a88f0418012be022e5117bb59e0aa0195860cda9c180f590da7516c58b29bc9f5a7475ab79b1ea32c31a6aedb995f302d8a10dac06c2ea1dd91a9a8ef1eadd60a2195654614dd1a95b018bcb3530151e7fa8a1fafbdc0006849a4ad4f339bcab76acee54e2598e435ecf9fffbbbda0923787f3cf11a5750c0dd85f163e5d9eaf395f59d479487ead6de3059015b0158ca837f952e6c8db9a7f821e6902565dc3e6dd562c6d9b2b2f80bdb9793e1356d56352cc71ef94af7415af0092872c7581957a0d068eabc27aa73e2b6f5d6d351a34ef705bcc00528d39abc793e60b73e5aa9857318ff3701e6f61c96f5b7e9edb5dcf3932675dc13a86fea1dab1f16336fc4a387972f4db3ee41f611dd6a98d887344ced78a3494d1a10124c04978be17d6fad65a88f2366548ca33d461b506b0fb69c021b576286207c360aeb487759f472d632cf27e1ab05610529c2bc3d0803540957b2335ec0c6b2e0a46a115528b791c9dd7615503f3ca201d8b650bff5627d7af9e7304a46a19d16b6025bde1749e9c671b1c82b5d5a168948f3b35cfb950c07aa9f4b1e21f20c562aa80ca22e89a6358dd2680258f13b0d28ebd3eeabf00d30a2805623fb72aacf33480e32c6e24951bed31943f0bcf6bda829ae715d6b89e297d8a32535b58350d5027a5658d55a424770e4f860ff750eca92a236b1b9e69fafc96bc005f85cd32003be982ab7c11f37900d8045055bdb31661bbf026e71b65712c71529449f9349e3a457ebd3e2d7cc0a3eb2b2065c70c6ddb2cf59e97801aacd79702470ba1e878e698de318876533dda356cae293ebd54ae8d7ae98630300320e529606d41034cc19a903205c869408ab80d5eb913a2d67fadadfa0b2f9a6adcb4f2b082cf4f1af55a99dc10decfdd48ed976201f55bc840d72900e2170a82f527c12a1042d951f982c75afcb03017164df21bfa01b036cd73d439bc778a543b2d3a6e19863b15607565bc9ab7773db6a2cee3489afd1cba00fa0a58dd21777c4249ed1756558a47ab0dd6d83588b653dc760df59af28374e5fa54e7b4ac5f5e1e04313a0fd684d36f54655cd541ee5eff38725d86ada98d162c8650967708565b74caffacf8f94b04f2a72d6abba006eb17c1baed1c3f6aac16d4aadfbc0a95463f0ceb5e3320b37e1cac4d6d41948b22958f5a3d50cd3b1eafd66b6c224d1c5bbaac1fe9c727877ade55d109680d6bec7ea8937d4ee7c56e4081f5c2b02a3f5f43bda6f8ce577367992a4b79756094d77158b77e86caa06d615519cdedfc430dd451566a0d2ba07a17e2a36014b0ba3ec319edd0dc1dd6b11b301acb269e06aefe5d4a6878b76186955d028e74a6f27147165538aa46d9c775781a203f435255e257cdd3803ad5d89e73cc0ec23dd2914f7e232bea8fdfa411b7e631c4daa0df9cad2dd983e5a6cf8d7df9291e5f9be12b27f30d89fcd5c41e465d0a304380023c09a5f75c711b9880a9c53778f9a24bb645ed274f0358347a1ab0530734e14fa9dc1bf6763f484f2a37cbe79d58035adb88340d56dfedc0d6608d392c9d6510cb9d7512d6b4c0acd6e746b52aa0556e84aabc9952f68bce5f4ae1af84752e6b7dced18d5761058e3f2460dd43e432326ecd63a8c2baf16f473a3c608d2f9f0c58c70d9aa07e3facf90bd69b5626faeb60ad9675cc9373617500d6f7979fe22317f9224a01421548582b28a968385d34aab0663eb8b303b2a3b8a851288af076d13b95f2567223a1f8365548616a64efe9f6399bcbe4c22d97ef3a3aaf455956c6e168e5cd1200c66719bf4a695dfda9c60a92d521eaf98df6e03cdba5d5197fbb09e78663983f6059090b11afa40336cbf0e4ee02530da600824420dcc471824c02c2787c4b5bd04e4d7e843ae26dd36dd46f0e20a52e3ab290c4ba86c63484e98615fbcf48f1b9c96459f94c3b8071916ec853a28107a4083f7e43337ef159d51aaf29e3aff27d2dacf20b65c766e7d638599eef54dfaddb7a8ffcac43e55519d604916fba5660f3bd078b176ef680655da853fc70b1b561ad733d07c2989f1e80d573d70dac05d22dac2d1c480505ba0d600b605dcd7262bcdab503eb3aee4aaa43bb29b08e711ef5b2759de7cb599f9d547ec04ac5b3b3ddf9a7342c6bb7b05cbcd48138a28c9f173dcbc3615582a3b452bd01fa13b2c837d357a0a243a4a85393cb1ff51e1dd0d5caaae5e5758f381d9200f238ac5685abc2cadbfe71f3a853dc460eefeab026b0b99331b48295f99f57e6c761d55cf520acacea955eaa6db18ebb96411db062595f0b6b5d60a9f239949e96e7ab5573b8dd345ef55fc9e1114775d9c3aa303ab3a977a0d27aef6fbc1ea78e04a690e36dcbb7bb96bbd1a2ac7a4354585306b4423bc2d7c01618710359692be47080dec058e4b82b583f7ffeafd8b202d4d85568c056580320417208d6dbe2ce796baac639471d56b5bbdd6b58334e5fe83537752fbb015ca43bf9b86a676e3b35e1f1426b0393b44a871c9e71b22ec794f5e0b85542ed7034f2cdbc477973b955fbb2d6ca4513e07d1fac016353ad470def8086251d79f79bc7e192f3e1b5bad8bb6ca01e86f5f03480cfb4c7a7da91a7042a6f15f798a2fc565605f55c5839fea5b01ad855fc2a770aaaa0ac34ea20777c6b4a0a58c98b32c96f5fcfcc7bebaee556adca9bb509eb8baabf0ed6617115a7e46d583d52848525beae2f7e1a2d50bf07d67c32b58535b5887b50aa93cb8f45d600f524acba8e786070fb79bc1b20688b7277a08a8bf7f147c843b2c556573c7028a058bcff395e00191a0dc77936460e5503a8147ec049d97913853857a3cc75c97777db14a4c110d66b2995dd414b6b9b0b2f836b5815d6ac5ec64d60a23d1a885845bbe37c5756c95faafed14e3a6e5ec401145d4f5ab2a206ed394aa89b5a9dd168fba1edcb39b58cac43d6650baa65586f15d7803232647b71dded15c12da86840dabf01d014a04de71dc0e27f483dee241ee3c6a3dc0ed8d05f0aab1a65aecbdf052b47da8267fe3f0ad61af6c3605da8425afba1a6f5e2ce75381b56c5dbc2ca35b51759b8d043b022ffb41a19b61fad63f9e7ab6eaaf459b08ee17d93c7997e29fc12f4014402b694200bd088072834ee0256c733949f7ffeef2d9ccddfaad6bec72973d6ed8d34ead36f06a5fb5e58df2a20e58516f4265875ad03d6d449cb7a4cfb4e4e39bc7e43600ee7b9f74a3c54b01c7f86b5decde94778c21a3f155163ed35f2abdabc8677441137801d8a071e8061081b4401e88d165c486e86e6f8f6a8e335f1bfad016001cd0a8b5fd4dfab50b91b485d66a997af8d396b85157748612bc0661d879a7e98b58a27b9dc90e7a64315dadbb6271b71d536ff16b07ae23f6b5f17755e01f534ac8049879da192ee94f2261869c790cb311b735861f9ddc89a36583d8c55d10e1dccd23615d89a9f55ebe07acca2cdf8adda6db16a3f1ed6d1079687fd3efc3baecb0d1d87f5867779391216b0a6688f026bb56a5b28f7ca78a3918171bc803dc7df59d04b75ca0254943fa06b8ab4684a2f31e11f00e31e1a3fca3b25e2332ce6d098c26f406a016b8afc25ca5707b18d93c022832905ac63b133acf190a1cc17d9d5a6b4a53ab4ab01396b730d3e575a147376d53386d0384f5037e27a230c79c31e30ad848cb6e8c0edb48735cad4f570b43bce3779eba6b1e27544e0f463d767f95758155fa0c6bb0aca6f036bbdc3ad0d74dd2f2dde185e0913ac2ad8c0a60654feb0d8d01ad6f1b6fc10c0d67ab82e03d6b7aa7426ee50f3dfa9c59be3aa930c2850765897225c69265801b3ce4fbb04e22c7e05bcbd86a656b76ac57a7d67d56b6970f4a157edba05d2ee5913a8d2b58062115bdff0475b582deaea97bd537e5dd0b0fac51abfebfa465853235e8333601d1696b0b8db95ff5558d3aa05a868096bfe74a68afc6d49dfaed26915c0eeae3a105700f99127f349bbd7223c35ef428cb6acb24118cad160a156b719d2d3f0be15d6bd6205aff409d750adc3502d3be19ccf3bac0dd825ac5b3057b0eefd124e20dac21a43f60aca1dbc2d9e403c575b985e2fdee6897ce8b4eebf8735eb5bcad6b9e306a06dc1e4157b2c9aca42aafa23aca68f6941dd86a7c5103fd72f14e0a57afbc85d01a971860620f61b009e86d5e5e3be55193c5c4077725bb9d16f8d73973bbe63b07513b7c32a1558078015c2959f614c0b673f75c406d4165f17b29f021cd2eb60ad6913b2d7c9e54527b9d323cceed4315863bed81636a7946dc4634375c41de7d97639faacb4aff341710d0bfd65b04e79e2e62953cc35c32aa63b5fe8de2b2de9a8071fe0f8fcf99f2f9f3efd51d20d5809efb07ae53eafded7b0a6051db0d209df0b6b83c24014c58fe7568a2170d17167eaef86b58e5ecc59ed3e0e6b1be64f5d2bd7b090a1aa606da5763c08eb91ed28d57986f55a80f97b01fe7e009a21e578c747305a5ac4976210e1435906a0dedd6d7ed6920f06f850b0e7a4a9fd5cd1eef7cadc7ed1e88a1f5b4702af6a0d2732080d860a4495cab9ba7c9e849fd3ea8275330dd1d1cedb9d9c7e5511be4853e3d82fa56b4517d429e38d5d8233d4ca3b18d6f2ec6a655e5db576969f459a4ddcd2f15dbeb638e7a63494d5aae1b6b6e10059cb5801eb7c62582fb05660d342a6ea7480f97eee4228af06be014558548e1b5859a9fa1b52ef0510d0a6d6b05a73981bfc3c5558e99063cab9cc5e238e1b0d851f79b6b2d22a8d463fa6513fa7ddfae3dec0dafc7dfe56d57c368aeb7b6e6dafb29bce8275a30ae3393250238f0a5207b6fb295c30f209a1fcae80ce0518e71eca0d5f8af4659ad1fdf7f17d7cf7fefacb3756a6f16c5e8d332c2ada0309a4bcad136ae7d6c986dfe8c7c25a158d8b056b656d3af5840ec5c79fed13de0fadf9daedf3b7aae6b3515cd3bf07ac55b96b30004b09ce58fd730432f65b077886ce714fc15acf39c6ff60c58a34c0dccb205658e33732add21b50d4b8fec796aaea3f3ae238ac9ec3ccfe1717cf2fefdf3fc5710f6f55c6af306c3af7076b5cd78f2d27afe35f036b6a1fc67c32da56e11bc0743377f824cee3fd000de315c04c479c3dac8e378bfddbb21bb0d27a1a406186619621abaafe3dee1b61a5e25c5486ad20adaae5a9de7307ff40fd67c13a9e186d55a174baea974a58896f5813b83ccf396a96c72289f30123ca7ce56eb002750573251e2e94b7aeeaf03f341e79aab1a2c11a5ce84230d8dd64c8aa68f0ea4e78e8e03361dd8090c70c3ba5bcfb51a62d9dfb16a98197fed2b68eeb38af97f28bf6f042b681fa66580dec0c29ca9f440fed21b58035ddb9628f8d7fa05339b7371f4337cae35e8bab3b2db462ff95e940d378b4dbd2c92f1751865661218523c21ef83bcc03fbacd6953b211a6d0bd24e8277a912a7e7533a77a352ce8fd4a663dfa861158ad446abb8af95af7ff8713eeaefe998dfee3fa4adf53aa43d8003d859fbb8755bc979e639476f3b8d3d56fe41fb0e208115f8749ce7bbb6a06c69912677127e0edd3cfcf2f2e5e7fffec1b09ea19e8ff39d55caf9a15a952555604ea9764e97da6815f7b55ad5ed3f09563443da2530e33d55b515690ca6e5bc9061bd11acf18f830dd6fbc7df80f5b36065589d1b6aab01dc5371cf7a3ea07ddc5519a10ad8dfa015387f957c8d3b7f8cc2a26eff29b052bfcc770f6b9c2bec8638ba1ee2c430cfd0de443e03de9216588159c7dbfbf86ec017c1ca82251bf29006686bf852803ceb40fc69b7a0ab75cedfa5199cbf52bec6ea4eadebf6ef06ab2d67029916b1e65b41c542da4af242b5d5f388783957adb0de692a71cfdeac8e318725bca94f03ce87f598fe9d61f5a2abeab5b0f2246c96160ccbb87bf91aab3b75a07eff01b06e35ac22225e00bb8035e38c6980dd800ab0219d7bd1d560f5348006643b6916cfd0398ec6659f338eef0462870e080fc0da1759806bfff48bce2879bb73be4b25bf04032de2490152efc0bfd7d25a87a6017bc85c4fabf9297d8d6378d6bb17c4390426fdf2f87271f1d0cf0d17da94adbcc66a9efdd45f059557f303640308a88630a0d5cd58c1b62536ac1c1fee326df84913ac2b195adc0980ade1c5fbad854c18175ac29ac046c7b47c435387bd49e40b9cca8f46cdba4f7122deff0fab7575c58396071d3fa85ff26f86d06158e547592c9e58e9dffe22e8d6b0764b39c14a9e15587426ac05988d0cabcf134c40e5e2b7b01aca439a61a5910c1652fe5387bd5edc001fa47c30105f915e812ac5ff4f451869e840aea975fe52abceff1152de0db45abf0ae0500166195e619d003b22ae1f589e9f7f0f88ec7f10d600d96ff96f8775c31aa06af836a02b5867d5784760cd8eeb7ba3520748aa300e70b7aa69bb881f60e0aeb0720723dcf867bc5934fecaffb080b4c2aa0e9408e311eda69c00754a233fc343588720f299211baaedb00a3fae564653af5f2dbfab023387a50cebbcef396b9b17edd26ed8a6e3f1f323c009ad87f4047496e133a8169fd9ace7b39c660f6b6b9c84aa40d62da7fde9d0d13155236e5103c26907ac8f9261453f0a56f2b174de6e38f27f78f8550dcbb03bc7c7c2036b5a7a77fa369eeab2042d55db61157e5c5bd8366516ff5405660e4b0d588f6b95b62ae31d821550811bcb7a185414b035f0aa5680a2b0ba126ee2bd1ed6eecfe24a714be75815d24d58cf7786d54a683b604534daec7752bd6c56eab9625fc60b5126a05ac3ba6c2c8de21eb3aef57a57e7c7350099afb7faa70c0b9ac3521d4836e2db2268ab736005d0ad65de966d1196f3d625a8f73f6f86f32ac3b902d7b0122fe0d6f19d20fa36403c4fb523aa5671677101171700afc9fc4a0b60777e2a8b4edef849d1c80d28c7b176f1a4e147fea9d159357ca88657ade2ce3a06bb9571730a134f7c220dedab0e9ccaabe5afb58635e7b22b91af21b4d51cb05668b7bf48ad530120c5ca0ab058e1631981f5e78df2f1ebc2c2922ff949b8efef005640eb5afe56583d678cd7fb2e64c56455772a9d3bf463613da6dad9a7c2ab5671679d8475930f206cf30f0ba68eeff995f0b50ec1ba8a9bdac2badd0dd80a60ab045a400aac406b58816d40fa78ff6b87d55673032b3742dca85af0c97da77c8973af7aef603550af158db7f2af226ff668d1a5ac6bd595d53a622b5bbe767e00d6ae76f3449c292ef5181d33a56b3a16f63d72b93b01f1197e1ede711fcdaf892db18053d77f16ac8a3ff235b49c5be9e7e9c1380754e0640b8b47a81ae6d1bd204305562bdf1500cc54059673feb8cefec0fa70f3f3db2ceb4a5ce4cacf9ac372fe3ab40372a329ec0c582ba8217580c36b076dd295f095ff5b55cb9b9571e8f4e21f165861842fb4893bc94027d4cc2599b34fb0b6fc51ce6b53d956cecb30fa3ce5bc034c016990b1aaf9d3ebb498cc531f14fe20581fee7e09407d9c61f57420adaccaa05e6a17e49f75ff4b619dc3eaf95e53f899b0b2d0a373e20d765d30e5cc8dbf4a7fc8ffad9acb44ee740414394f6d71e3da78775553ab49af8575003adca7140f1322bf6dddc993619ebdd3a7a7af714e9d39c67e6a9b9b3ec8dd17559a06545807b0ea17206f4a50397e79f9f0f05bbcf4e2570b236d8575de83ec2f5bcb6fafad554ccbc891f8a9dcc3cc4eef79c5f6570b2bdaec1e28de5e33cc6abc33608d3853bed4bf76c0265dd321ffb76994652b94e29aa80b71f218529ab0aa887a2c34f29b053840d5f41db0768b1b37baa5f0d0cf510fdcf9594d81274003e406623cd7c7da6a7a70afb000b4c00ad080c90b2bf1d20ac04b843f3dfe1e905a03d68b4fdf72bb690b246fa6f353ebea774a1d8c229e8cf151873b4dacb7fe53da4d071f56ed9c557848f91bd6ae63f19b6adeabf8e7e4316bd4218199cbd8e79937febcc07aadd2bab651a5821875206c28e2cb8f30c78b9f9a48f5db5ca7e4c7ad61651bbc3ebfbfcfdf62a5554d39bcca75f2b9f322fe3b75ecb704683418f07c2facee24608d9f6360294af82e6defacf3357750a895e3f2bb1476761e4dabb8b35fd52aeda8c3165643b24f8b95b5467eaf5576ba3afc2f8355796da47274ac8ad7fb9adbf0fe18581796357ef753fc4eaa3d10a8c33ab0f2d021fe2877e3bf4deb4e7b8de60e0a15585d962159e551e53c5661e7689536ca0e199456cfa9ace1475bd8b2e27faeb6f92684099feb306025ce227d8b53553f525c6548fdd540bf733ae01dc21fcbca34e0adb032bd380a6b4ce83916ff2a3774f72bb01a4cc33abf28b3cae77b543bca9d4339fdd8aee5af92cbdef9b7ba1c9b06a0840b7785b55ad9bdc69ea7d4e0a28c0adb5ec04079256d08ebba8fbffa0c5285b50219b036f13f090877070e95b96885d43a942f61ffa36145f7fc1b9fcac37f95ee47c965effc7b5dd4f81c5d47c956c4eef4ffcf813541529912c79b7bf9375de91c7d0fac01a92c7248e71d56609a3fce86f8520b1fbc7df8f0550da8780dc2540599e7fd163b030d44e24d1df85ab9738f85ade4063a146fce6b568dfb9a9b2ad27440d579077e55000ce97639a407d47c4f6105e8d0a85f00384176482e0b40c9c7b05e4bfeb8f12ce6a309281f441e9f9fe7bf7af91ae215fbad0fcae751f5f8f0f3cbe3c7dfe5a732108f4a156ef9e9163787e7c59e57c77182b5aac3ca9c7209ab2e8c732a1ddb5267c18a1aac8bce7caddc29c7c25672f9b8e774e76895d7398a341dd6aa01ea5ea449f0d8cae286df033a2beb96d672affc9dfe0022a1200c58a8e70cabca96fa9e6e9c030ea0a2fcb2b72d2cb086ffbde2dc2bfec39797c7cf5f5fee9f7e7db9fba0387c33209e6c0dcbea5d0134d72deab700d5d6f524acfd7bf772ff9db0ba23aace8d679d8a53f359a9c67d1bacc7e5769c818e9d19690f27ca1747c639e019402bcfe3e31282c96291c270da01dde4ab73a541fcb5bb6570f6c00255f313ac370f3a7f945b9615581f9e6581b1accaafc25a87fc19d4f8b581e21852ca36a8f1910b3556c05a01f5973f505856fb7748e58e79a9413d0fd611f774c75750ac53e1c754d39eabef49674bb9d70a5c75f6b53aa7c21af954982cc35a814df80ca0dd016c85a3a9c63d25aff6534c078037ff1bc140f1bb7e74fd287df8f5e5f651d3030116d071c384854fd9eaa7ff16d40a2b80f2ad80e74f7fee61c5b21a54438bfe55b05645e74fe0acce8fa9c63d577f45ba3da8298667039d4fecd6f06c611d538519c09c1b6259675001e535b0aa4eca072801d5b01aa800f261c07a2585bb4117e5953973057416b0469aa60fcf7fac2d6b7ccfaa5854ebf5b0fa11ec1eca11f7c7c0fabdaaf9ad744e9c95e672ba1a8c5b090485d1a9b968a26d586055cb994ac00074fca4a4865500717b31336b8edbd3e806b1fcccfe8a780dd60456f009244314603d00a8e6afb284571ce59fb02ace02c86e45a730e472c8d747cac1fd4e8dfb8d06ee0f01d470c8e7d5ca0e95f80dbc78f14077cef3d33f0acc4d0552cb1dfb570b10aabb9e8f67f2f22b37e2083f47d3b528bdada5f34a18122ecf2bb35c2bebb595d3a5bc95056cb8310c35dc001ac27a7e4aab3c6655c8e36dab0612ff3c93703247e55fbf018b0558b3a28a6710c3728a910eacd2efe6b1311ab073a0780ae39706b839be0a565bdb11b685955fbc5aff6eb0fab85542d08163aef82658cbf57458473e153ccfd7b660ae34d2a079df753eaf60cde7a734e7e1f3ea37c31a8f5105532eb0046800cb5fd7e7b616bb051552eb34ac29fbd763bc75458376f8d450a72d6b933a0618a383e8e4a2d3b0e6c6f75eadd3cf903b7615866af83a5ead4701ee55721eed9cb66843bbfd36c37eabd379a2de29df14b3459da142a7ce67cd79f81c79ea50614da97edc7402298595c5b2e67fd65e5d6ba175f3aba0fc2d1eccccc076abbb5085d8ee25ac15d884f6880a9cd7c5bdd5bf0e56543b7f1f4e3df87582cb7e0bb00911ee28a74d017a996a83eed756fb880e1b3ad7daa235a0680f546a15f75c1d8615c9afcf67815516b55956742beb0aa815d68db56d406ea00cff7c8f205e376c6ed2745879c36afbef2b9687fe0a6afb3276ff00862a7bc1d18056fd75b09ea3dad1fb70ca1bbf6a7d5bf903f028c760ba4cb54142aae1b2c0bad1df00eb21ade29f23165ffcee1ff7b0b03c080054e6ad0d4a0158613d340de86e833cc50d58af2e9ebfb17a7f1f5ac1ca0a301fb7e14e50f3abd8390da04354d90ee6ac3da868c081b06e56eb7ca5cd8e06b215685b8dce1ceef0573dfd02f49c26cb36acb6b074e2368f954618f13d7facf56832906ab7dc4b6de72d3cffc3140dbfae9eb628caa8f355a76f106dac2030ba7e55ec2658fc4a95e17e0dee6d3c856a3782143b032aaf969361bae104dbb51642de638d1d034014c0f12dac9816a0dfc27d8bc50cab2920ad06a7010752a0e57f61fb2f050e5bd6fc8facaa849569803a2b20e577361a0248db603ca52dac0606cdb0266c86e4b486a543919e7c742dd53fb582156df35869e447dc5402d620c31de7066d0b2b6913d0cceb7596b5ce5b339f01d70c2b70e64ec4d0a33abf49e7c41969b6e2e7d01dd63b95afc515db571ebe29bbbb05deb514fbb0b2ac9ee6048c0dd80a6ebe5be0f3843635ac2b6e84b53e09ab877e4f0736538202eb3547d236184f69805181e1a7d8f623ef069bca4a300e6b7426ee0427fc497f105600a5cc2dacd542eed3a46ad8584031cc37b5f486f310ac0041bc73614d88d21a7e17aca1dcaf4dcbba86f54e1617ab1b8a5d8063b02654e8560072cdc097c00e00ad7cb8b085327e1e23bfd8c315f0fd6fe015f6eeeafaf3377e1f05a47bab5a21f55f5e16681ba8e7c03a870d2851851568c6906c20ce575a399f5738f6a21c973d60dda4571ba06dbaa2b8610dec16d6005065a7850154c2da79009690d59b6308bf04720b10a026ac790e9cc0b21d9a2de73134c33bf2a9e97a7e8a9f12ac6df80f4001480c70cc770e644901360026ac85c7b5523f60cd783dbec044714e1c297ed3d5fcc74e43a67f27e8e2f3418761dd4f03fe3a58ab1c36c171520334741cd65af61ad6d3222e105096da21942086b55167651d38a6fbc7c0ea73007a0dacc8a0022ef993660deb9d41557dfce3be843587798e9e5f02aa37f5a35eba8ef869756b8b586cc9627a51d561e5d8da2360e59d58f985148f97b8897f06ac58d37f25acaf01076de31f87f5906575b9746cc2b44e8f88cb706a1026e8283bda88a3c135a8d9a97f3fac409aa022d7a5e6d1a5781dd626ea97963361ed8a346dcaa03af6b4aa9f57fb1dd8b60833ac790d6a1f9e8edd4f921f5657b06a1aa0c2670d78c7b0df210db899b32a6e7b2870f97e4052010d69984cbf0a43558574a50a92f3cc9be394dcf9dbf8ceabc27a8e9c6e2f77fcd62fcb76c7def8c651c3bb2dbb7f8beb7c660d000dabfd00640b2b4a50a9c37eb8777d7dc4bfa6ab9fa28ced29146987e223152840c7020abca8475ad6783d51e1a106a2618d7340e5d542de85158c770f809b7123ce034fc50acc82fb24ac06f310acdc5186d590ee60957e38acdf25e7f56f022bc766dd9ccfac01ca6c590dc331589d4796c1b3f65f7ffdef97475ee96b796fd20b687f216594b3d5751f751447e50f589b748df3cf57808ecf8e7a2ae005d6d3c73f5f9e3ffd33da0388b1bac0ca161890467cdeba12904761f57bae9b17b23bacac167fc947aa3f02d66bbe2258e1b0fe5d6025fe4a035634f2e77c0fab4145312568b026dc239faa0e49711bbe5cc070042e80b37bc095e7f25759b4017d917951a6f2e5d8e2f8a31339dfac790c25ac48e7021158732154e054bdf8156bb7a6f80163539d42c011735f165269757514b08615c80fc26a19cc43b0c6f0bab0ac332067c1dab791662510a96dbe6f93f322dfdcbed997f91a0d58a3239b3b400d401aac4d1556007e1bac033ef204843807b2ee4ed8ba056c71b39cd4281758333db25574b9b3aed57658ee38e7e600b0066407b3c11a6e85dba27677ddb2b288ab3060b56505d41f02abdfb2ba3af0c20a0290741b92592b00aade0eab3b62ebefbc7e2cac74dc188281cc400d501190fa4566b676183207347b40abd27f952fe758c5961fe7015e03b1818ac6ae4586396dd529583d1de181014fb680b5821ad029bd2deb2c60e5b342f1fa1fe7b81537a6095280dadc8f8fbfbd3cdc3758f377566b582f19b6a4584c35774ae7829529c0c5c58f8415eb5a2d2c201d8395fcf1cf72666547012be196f3cabc13d6aa5a9f43aaf1f7b05ee99cdf3085d5096880111004a98e574013606151b086af811537902180da8a3c2bc00356dc58d6ac8bfd1c37c370e7f95158b1aad22dee80d5902a1da07658756c80fa7fad0256a4f3fcda60bae3bc011ac3ffe380f551e7efde6b81b5f935802a59ada75f54d94b0dee29c004a7b587a78252552060deba9bbb3a5ec993b27b7e355e2dafca799ca35af64a09e8ac0ad8a556eb881fcdf12bcff8e3dc005970ecd4de116d692bb096c3b066db45137354a0cabcb8d67eaebe8c55bbc38ac666fb889bd63ee30278de4479f3cdba55dbc7af0a7443469c7b20cdcfafef058c47d4000e8805268b2920f5f0cf570581baffa7006f505d5cfe2c8ba90553172b7d5dc44e7f11acd7b2a84b588705db00bb84f54019657edd75aa3e1b51375bfc2dac0667e36eba0658756e28c2d2d21b12dc74feeb61f5cd917939bfea7659cc450d687c7c4247c3dac15cc24ade0356dc963f51491de29ced271ddf02ab877f04a8a132570556f229b0fe2cfd3229b7a5665dbc17a017280158818a0cd538cf0eddab01615097b0fae834af85757f1d99c7226ecf2fe7b37d4edbeb55eb91e11967b80d99e3d1d976bb8373ee396048f8d6b00e39ff012b70551956cbd6343ee923580daa618d34526c3fddfdf2f2e1c3ef91c7bde2ba6ec8507efcf8f5e5f7dfff2f85a7e58ddd03c1e4396a2a87f5d416ce5958f55870a105acf95d57de0dd8fcba9529c056fbe1dfe2abc6bfe5b6d504e7acb36135103b58ab2a28cecf61f64b702c3a36fd67399f59a33c2cd9870f6a501d877fad03ee11df324cc431684e93900d08acea3fc7711e804a5d469c84b55b512c6281b0838ab0aa48ee19568001d48f9ffe19e08485967fc0d844991c29f7aa3d94600b0b2b8be5abb06ec13d2eca890517e53655588903b0055656fb7bad40bdbcd0022bde63c5ca2688f1a716c45fe8fb619d175d4ee7fcaaff1e9e618956da82b4cd2fff1ab21e535b5887b52b52ddd015fb998a176a6521435855fde73823edf9b07af8bf6cc2b25e1eb0ac2ccc78167fab55f78316362c6ac87b8615e1663ece3487396b8755f9ddb35faa055ea8c198963165bf2aa60186d596b5ce598993b0f283c13e9fd305ed5486cd131a50ee619dfd8646a70f18ce95d356d1a174e45617f247fc0ebe4b1dbbae13f545ce7355f62965da2d80c8500df8ea4de3b87ebd2fd2699a16964f751ee9b6f12bac16108685044ae0d4b9654859d474b8b548ba7dd08afd5100dd936e80caf06f37e5395fe43c9c0ff3df3b8dca0fd73fbd7cb81668155e41170ba906a7d3f573cb711ae003563a2880db5bd10ae329bd1ed60ac48f837555561f29d4985dead055dc21e7b92afb9432ed1628435581dbc23a04a848f1d5f1b94535ac5be657e11e00067833ac53b84518f000335304bf5cc2798510b7cfc9dbfe0eabe7f1a855f505d22759da47e9018b8b15657a200849f3fcfc47079663585159f4d8b6aadac38af600be466f87f52da022c35445476f2d0c7299b5a3aaff5ae4f77d75ab40ed61f5b461c03aaee3edb0d2f93e5a357c16e000682cbe9a7bf7344a7e35af551816bbfb4db05a40c77f61f1bf014c35885bc1640a40f9e4b9835520e5bfb5c4cade437fd516c86332acb3d620a0f360ddfe75e66aee5a751c566be5b797f3dcd60775d054f7fa2513cb692b500924f531ac841fb2aca43b0e6b159d6ef0ec9e45d9763b0e7ea461fe5a770af2e1421ec7c386a100ab41455e21b9012ddcca1b6bca54e0f94e704a1f24fc8035b6a30c63110b2b2fb0ec477c546005b83afc5b03c653aa8056ad4140d592fcb5d38059c7eb6539cf55d94d97029745d424a74de812282c6bc26270d12158f1633125c000f504ac86b0c263bfaa0e560befb0ca7dc551562cb6b064157912c6f37bab3fbf97022cc5af02d6f83e958e6cf43377b575451f24aceb877b9e489505540173052b604fb0227562585854206cdb534bff88ff57c3faa48bfaf2f2f4f4cbe43fa0185a9547fd746ce2ff95f8d2377fe3b38f5b55f3ade522ea9bbad635b2f2c7a2863bae39d3019e814a58ab654586752fcae920c6020b0d60eb0228dfb4024641120248ce9dce69f7e71147ea0f0b9a25dd5bd404352d2b80ca4f0a581b647ffcf9ffbc3c0958e067e8668efaa81b0d6165135641aab08013b01b94712e780dab61065634603da0ab8012371d93e7d60a563a79937e07c0295540be47a56c20dd9491ca2159755f8421878f38eb7208a7d33ff179467576bdee3d1cd5aa5ac009b4b306e8351f5bc6786ad456e979344c8675acde4f29e366beb36c392b543c10e04140c0aa7300639ff6e1c3ef2f4f1ffff1f2a823f1485fe7ac1ed20d2bfaf9e7ffee607aeb0a3df04e80c4fcf6f9c3d7ffc9b0a2e3e56f413c1c9e5a4196f9d321358ddda8427618d6c31a409d0f6b0cdb0cc367c24a39e7c05afd1e042a7babf14f820d3a430b604e1396f508acc48db48a6b58d911c01f7d68a07efef8e77158a3c1034acedbe72c0b9c3b29fec17cced60abad7c8d3098e9c8ff22b7cd5cfeeeab712b025b4b31c9e306dd30cc832fd1a4a6478a877f54be0463e03a2843541c5d235501bac236c40cbb19639ca3900ab6003b8cd13292ca8ca7b14a821032819dc8803908acfbcb5c2ea39e843c44ba0494bfc3ef463a105aaadeae7e7ffd1b05660d1800ab9bceaae7ec754e35477056a2de2ed414901aacb204f946109f13ebf1f056be6bf86d5a0565803aa665543016942863aacaac70654a47896f3db00dcf278d47987f5f1ebcb47e97f20ac871ecd6e217479d55dfd66e5873624cd7f798fd78bb570b7342ba0b64a60d01698919ef61af11d2fa71a3b90de08abebe0fcd3fd3a58e3754081ca93ae58140129a0011c16559002eabd16556c59851a94013b71a8aff235ac1106a83ebf17b0d2f38380950ec2da3b2f4054a708d8ec20ceeb3eec50823c039ba0cc4a00f6fe86204599d4e5900c628a86e759fce5459b5f4b97ea68e4dff323aec16fc90f60aab27eb58e5c0b6f9b9196ebac79c59bff4880a52893b29597e0e07dd678a735a031b4295bd10ad0633c9bff55ee8c3b56e240222802965cbce4477753e12f487d1cd025fc5c0f6ed7816b4d60c757592cff0970bee297c2af1e63be2a3d3c08be7b59481d1f394ab19f8a54675b57000d8b2acbcb14c0d022e0c48a6251c36d50efacba753569c0333ac8eef57e2c2fb8649c6d5eaf84f555dac3ca8b150e8ff2550edaa64b651db679a4caf537f9571103f606abe4df536d6055e7c7cb1e7ef1babd7c0d3cc3728ef96df59bd557f8ed7ba70ff75a69abf3e2e312054abb577e88723892679669ebcacd0db0f95e6dbeee07b033ac7ebb6af87b2a60480354fc544e00aa7a871a941eea03d8765e2dabdd01aaf41109562cf31b615d6b0f2b9f13a7f35b5e4509cadeff75da429696420da986209c320c2beebd88335bd5ad36f9db1a572bdd61d5f508827841a659528bb7e8433124bf0dd61cdef3eb7bf7eabced709f40465c1d398f79a354c329a796fffcfcf5e5e989b7ab6837c9961568751d61391b9415528eb32ab8119fe17d052b406a955f87fb7a0c3762da20f1e40b91d75973568368d9cffef53cfc7a1e1e8e15e76c6d014c48d4e10264d62a7dfc5f7f0300d9dacd00724cab3280ac6196c352b9608bbc55be61f58ffff2c648ab9a6f76b5b20105c96d500ea9c2d4dd9af7d9b2c6d7f7ae3505d0f9cab2aee4f09e9feaea870ce9a7b9ac2c7f7c784d6e64405732a0f1110cf52fda808a2658e35d81066b5f443538abfafc56ea80cb9fe3db602d70f47835ee268f127e962a1ca97c2a24b026add30f1d8315d5c5c636cc8bb359f99e6d58e402aba701b6e2cc552bac1d581d01847a25344d80a3ce3494dd6dc09aff8015b700100c0690e329487d4c5851961f8b33817acf6229a601c35276f88a56b0daba5a0facf255bf0e2cee06a4adbecf37721a2440997f477ce55760cd217b2bfc011248e56eaa402490ed1c80227e829a61dbf8a795f3a7aa7c911940b6da2ec62c97d9ca55838680be00c9b1425ac3f6902276180c2bf549ebcac2327e16240d58d506406c35985984c50d44fd3bb08c0084c93a0390408a5f99ea9870a17c567f03a85ab0106ea8c3ca4bc435a00358dc990fc72c6fdc187113102610622127ebea392b4fa80c6b5d58c5c24bf5bd53dbf11dab1b89238067fcb4b0fc0cc5d071f49c14c58e41585680b5f56cc22d05ac401ac0e62e4481d5ff63356b80676de1fa913a04ca6bca04f091d68f2ec9db70da9abe0ed6543e1a75dc56a66e12c33b24308b2a20a1060e563adee45727cfc21aa755e663789cff1e8f34c34f0248ac23f06c21adb0122f15ab7c1d5d07cf7bc36aab8c78e9fa81f96e4b1756526edd3029851337d20a52de0a632741e23c1758c34a06980162bad108e3381664c3dd2caaea53dd94ff1f022bb051eeac551ea7613da67361cd78a35c5bcc7e3ec1caf4a8420b5c09abf222ad3a63567c655a80016dbc63aa8efbf5f7ff3b1e69f26653875271b7905af827a80630175069990dabebc3af046e15afc38a62b86f37445854a5a33cb5655856da55e21c6b6ac090e19c41252c8f639e7b0ad6e971eb0a54f4ef022b61b35679fc0858893fabe6b782b54a80152594c02a7783d5fec013afe73540b7b00ae2b2f5054c1f3fff335e16c1ba7628d599872cabf755879b2983e20b3a6f7f05b8c40fcb3a608d9755dadc34bfb5ca3970295ef3f79c15770cfd0548431afba7cd6f2bc39ad3860afb0c2bf9bc09562b3b69744aedbcb70900066843c06240ab567924588674680de74aebb256f9f8daab5fcac3bc41cd635ad990fc12300144bc067117b02abc5bd5f6fba8f84ac9e36f9b37f9e3c915b09d5007ba5954c42f94d3adf06259f9c220757bb867e1940baa9461fde9e5d3f33fba9b23aa50e236b086ee980ec5717eff21b01ed22a8f7f1dacb6dcc4b795cd1d87549dcba6550536aced0a565e88e66f7a72f88f37f035fce774600b60bc6c52fc36527a2b172b03d415acf7b2aeecbdfef2cbffd22248f03d6061d9cacabdd75c6c29aeea0c40392548e1cfd17019344337cbf12ae087e271ecb0be7f0f98ec003cc9cd4f49d25de15c690dcc5b05142b280fa995ef9d80383f042b00a5328e55813c26e7d340959f7f6eddfd9a323e6e167180eac59c8105f0b4b6199e9636d5dceaf4eb9bdf042bbf4942096955bc92a7630ceb1cf117bc6175ed1f8f68b7ba9d14fe02e256d6fb5e8002ebf3f3ef2f5fbefc29508053c37f533caa25ff564fbf359537c4801655f7107e290ffb8fba611248d583e9494bebf43b582d9e2e5009be0350fd91a15af91dfb6e0022cfea5e9d6747afa03ca45666ecef920f8000648574af755e5503e22d80cd4ff25c2dd460b4654509e256e33a87c29f796b9b970e29cd9d86fbd0b0a8a97cd1d93f414931cf65ee9b8ae9833a9e7d599e7ce5d32f00064ac12f710cc9ffe9e98f970f1f346c4b4c01387efaf4478283546edc0c4db6dc9e8ac45ea8ce895fe7b6b8390e8d2d31cf59bd7d15c2ca3ee45e6c94dbf261fbabc30a6c55f63394c870553fe2d8cfe15b6547d70e5f0130b482e790804a657458c97be4bfd50ad647adc4db4735aa222cebe3f471aebcc34f3a066bbad7b02edd4c1104a81fcba65bb0854545e7c0ca39fe8eaf23e706b4bb13d40eabe26259f93773166131f40b568e282c675385d59052ff15ac96ad626a0be9504e0550bcc1c58b3ccf5ff3f75ca4215c757c7775f1f11bbf47cad700f732742bbfea5ffdb65a43d901d8c9209d56c2074ceaec9823727e1cd66d1ec761ade9f9fa487c15b09d7750a3dce6d760cdb4b807901dcc959f60f53b0486362deb1e4a20f47fa3e614c1d637757bff7b57a6191637cf954e79c65faf477e583336ea2581520580f17b28415865502dae81a3c3ebb5e13f604509abb7aa72bb2a877a74adf3bb8f5f5f9e3efff9f2e9cb7f45fa08d374e66f821548b6dacf1dad0ad309c557fdc8c7102590096f95419ef327fd4ac43b047dea14acb50ddc712b50c3bfc0da15b0da92a5d5ac901a548399600ba4b09809d9b5a0b8be571d34cdc81f032a2fe22a4eff27404038016be42b058cca83a1d9a01a50c439d753c3387f0daccf5ffef9f220abcaf65c4c09341af0abd880f5faf2d3b778ce1e0b94d40acc955ff5af7e5badade51e9cd7ebfa867c2a44af8515e1378b3a7f3fac94cd7103a6fcea79f81558ebbe2aff936a0001f310ac770f5f3ba0318c1a32a07f543ee4ab7caec34f16f710acc051c4f06b58a31e80da6035a0006db8ed677f8e40fb1a58fdc717f16616905e7d79f92060d3b25e7df8961db4062e40de595eef1cb434ed059601bc3bac8a320c8887da6302ae8420cedb107dadb416fe15c0012bef6602db384773bc0a66866155c997e3363f64180f29e7aab95dc5b01bef03705407f1f8343e8c263f9443327fe08c9fda4c906ead2bd301e529cb98f357a069f3cc26c386867f026658afb0d00220ac6c94298804087ba92981c0dc547148ef7a39dfbe83c07cb7aa594e43c931a0d691e1fb8be4dd8100587906ac4a1bef0ae85a380f48db390a780360012df1f3990f3affa0766cb0aaa304607f33bfe855b036c04fc39a30ace5a118b76192fb95b0eee53acc72fd6af959f658b0a55e0b6b971a3d04b00127fe094f3ead52fc66512bacd7778635e1de42791eac3107fcf0dbcbbd4438f918ae2afc6650891faf21ae809d60f5d0cfcfa73f7ed27cf3e39f2f3f7dfeaf785530acb164eb0aacc8d634be23d020c6f2a20fba799e24807dd2353c29ef77d782551294ea1c01b857c21a6a30d63dd8d3b03add0cc50135287127644a5fad24fe4d8ee3b48e53dd43a34e86eb70dd1262c7b35e03ab9f3ec502a7c18a75c3fa6cc280b96c5d1956dc57b7ca37fc8195f84aabf458cab096ea44eb46c3702ac36e1e2853f9e9f8c77ffdbfca3301e4e6604f15c0fc12748046bef2afa0de3d08722c60037605ab41fdfcf99f2f4fcc339596c7ab1f3ffcf1f2f9f91f01a01f5a30ad203c40551e7d5baaf9f1e541c36a8bfa19f855f74faae7bbeb8bc76fd2cbf5853af8429d5a74d3608d179dfb10efce75474b0295a73223dc71a6781de201d856b26a863580cdbf18df48f1106ffaecc28e0888a843ce5f5d976ddd180e07a8236e3c7d0a774299e15b50eddfc30a7cf56f1d81ce73c00e2d43750394634e09945e1d962a604b409f9653f9580db0f007a0005865b105f5fcfbcbe3f31f5ab47c553e0006ac8adfdc313f9566581173d9d9b2c639f0a9acb0a602e9e9e96b82a7302ce563409ee1c8db5a8ec3d08fdbd300fcf87161fc1ca658d367a57b56bc67815d60ddeb26aced5f012b5ac10aa4f74daf83353f62b6d708cffa5db74557d4a75c137e093469328e158ba0807600bb92af2dce0fc09a200103abfb84ceb07ace3a606d304be1a7f2e3c78f2d9da14f1930c38ae5d5cafc51e70f0241568f7060ed4fad242faeee25035a354f033886b555fe9e02d81df0299c2752017293c3ea067fcc53db4b2e0137f90a5640c5a23e295fe6a901acd27d54ba7797170fdfae04e6aceb4b2430d4a1213f268c4785745afae5cf93d51182958e75e70f28d5891bd0e954b482150169823a602d960c18429c2b2ce0004c86e12ac34a1e883a67fd6a3dfde833fdb26e8e3b2ba1e557a059466f87026a87957074a772d83e92ae593461ed025ce5c9b1c8f3d6f18719b57ccad37a41d79ad303c06fd38a807505aec06498473acf3d5ac11bc04ac493ee1416c22d45b8f289ed2a8670ce75b425e6183704e10231165212d693953d4fa458b8b130bc95658fe902711aac012c6571ae1b00501f758c0fb7c9ef49e1cf0a67f8ffa87a7d923eabee092b9f919c640be69f94605d3bb86e40fc8034fe9a5c9563951b61c4a91d881b381c1f2b77682ab0d50ed6a278f117b8023094f5cab9a381220f3477fe612594e368b761cd1b81a3d3e4b5ba5ea9b4e82c92ae6e35c7973aacd20c6a8535eb2fa9ceb398bf0f58b1a2bf096c401cd30bac19f3cd5b86f0d8d6f25eec787c9b71989716011579e83aed0ea0888b5b47d245390f23bd2da79ff707acaa0fc0e66ec3c89b785e583155080b8b04ebd34d3bea9c9f5ec72f5ba52fcc7f2bac3a1e80558d2ce53b8d297720b08e3785f222b3436758515a32a60ca1bf04d6ac9beb5187ed5efea47e2d45790de3b80d133461b101d6e957b03609befeb3ec362de896b56a8215cb9ad38159e4a970cd656d4573cf750b6b5ad63dace91e8066dc26ac1fe9db312015acf60be89c8647a29aa7c647d8e4c7906e10e3b1a9d2109f3c56b08675c59236f1b3ebf88eabdc00fae9418bb406ebe7c7af2f9f94e69dc014ac0f012b705660437c3082055783361450d0690d0a03dbcedd81b33616569d9dc00ea55f42ea8f061f8335fed31e2b673fb680b0ee61bd0d1bf5a4ccac6f056fa51a07774d976ef2a27ed42bf305d43c4f68035c5d2bf58af805b60ae80caec3d94de067d1355d55a46df3df2ef26ac002535856413276098a149e5639a10eb720e98ba726e6a661059526c08d7c13d80f9ffe11cfeed9536521552d268aa983008fa9026938a23615204e8595ef04b0cfcacfae0d6b40aa6348f56cb0a665b575bd78af054ef333ac97ef055183d61d4347d091a1095677dab0a03e57834bb563ad00ae0d9f86f61ccbca5758328fbc19066c59cef7c2ea3c330fcea91bf5c29ff3513fbbfd7371b749e4a59b29408c76cb2d2e84c535ac28ea4d3905d0aa8075b2ce33bc9ea38ea1dfaf1be634c07baae810ac68032bb0c98d35fdf8d37fbddc3dca9a02620cffc4553ca58957fd24ef1e70eddd6acb988455555c86fc9802e06ec2ba7a0ad041959e554e87d570c62a1bcbd1c0adf2d4808e32b0ee58772eca734345e7cdc065b821b5f06388e5c3c11794ff0a58a9cf809570760048f7a8237526efd7c3cad10d9d6efcc9176559948d3f6f2b0568d4adc14ae7b85d98e356582d03e86340acb8eb39abaeb1c4675a105303a5a9bb0709e11ed679feea47b711565e27b46658d36a2bdf075e86918192e2cd2c594c86ff0aab45fb91def17858f0407c19387f0ddb6f5d3da93ccf590d2d16f659d38e77b296dfae2ed4f074b680e4578a40129656e7fd3bfeb1432070243fc9b265a99deb0ea661f327d3c473e792b72de05ee445c7277868a4eb6561dd9cbfa725915e1dd7771d6abeed66509ad8a7e4d8c4cfa6f3a7263a22c092f0aff19e3ffd1916245e3c06a226c7b7e51d527d0907cc8068b80d6b5e133790dc45370230608d34f2b35af8a574d5f65ff3db04a9f843e3064f7c9f80630396b9ab5f13bc17945ef5077c3ac6ce006a9630c21417016bec91b62369002fa712ca5fe5c4cdacf4391d480b6b2b4b1eb6a42ca678c6fff3a7ff254089c35695a6044acf63567ef11a8f5c15e749e17ce3eae35dce5d9f8055abfb6fb9e25787026501740fabe68701881a6ed33974001dd94427d2f9b18b40dc024d97c11a229ff97c96ad552a177c01aec26adaaab8b9146e79731db76faec8bbd5df713862a5e8141e23e643832cabfe14c53b1cfdfa01ab0dcf1b09ba0aaa61adda00dcd2a5056d8a9bc0d67328e6874dd48123d7c010cfb694877803147bab02c3507a8e190097bc12e8a198b74a51a68edccc8e972fa46c95006aa8c772aa8c8031e0c59ab273401c9e7a299e8e193e76033e6914f824689f95fe28ac17571cd3c26e607587a93138da4dc57dde8192b98f1fbfd97af5adab0193e5b4b36abe6b5833ec5279a039dffe58b809cb13bf2825bfe91a5085d560b378096be7b833ac9c477af2519db0a04dfd4f871732a03bb1ed564037ac58d40a4f57018c7a708ceb1418b190521ff8f93ce0e6f7b2aa72b836ac6e0bae1d30731eac384501aefc114338b03d3e68feaaf934c21dd27c1a3da82dee75bde8c37d5a53c36a77bc122850fd5136c3fa457e016b3efbcf694085f5fd095867010a473a7200959d7ad5b6ac0ceb9cf6980c206ebf5c13f93275507de267c26a50e0abb05648e73c53f83738245bb71c5ab393dc5131c4467883b25d5785b5e699f353d54965f73458c552de514db05a0cf706c4f9524ecc091b3c1d3ae234711ee18235853b151bfe31fca748ef3cb87e1654cea7e6e7b96c802ab00238ad37f8456cd5a3ea8d801548431aa50c2a56952981dfb442cfca97f701d805e0e9d517d5f328ac1b09d6d80d88785b4b65750864fdbcc088cffcd4b9e3916900ea3017e5877c337f5bd604562028ef587ca8d37af952cf6f3aaf7ee7c29ad655659f80d51dcc4f985d1f777c9e67fea896bbd4015899fbce5059d52fdc52852bfc0193f9adae273e6221515ece93f7f931577f0656d59f735bd3b83964b1630126986291c4102eb8629e2bbf98ab2a5ebc5125bf8f8fbfe7a72cb5bac76d6b0aacfd6d2b00c64f65ac6105be23b0e6824beed8bec2cdea1be0b6d0e670dcdc4db9f861b184bcba9708ebd0088ea6195434c36a19d6f03744a196672d43f187a857ca43740cd3405461650aa386c21dcfe4c937fc2560257c012b0b91fc6695e2283ca642114fe9a71be4a0805500753558c3b2524e4865aa2e1e593cef8cc7a2cd9d5b5a0965dc282a9f4f5ab2a371a769c5bdf2e478a763a61da0a2d8d06ff921afe8634e0a88016cc238c3ca31be1b20ffafbffc1f41fa35dc086813d6b4acfec5eb07e58580d58f5a3f2a9f7828a086f9168d037c005b841f7f5fceb370b692b610b31da42941342e1d0040b24e93fa4a5df2b01cf004ece98ee15b1d1b2f2513360958e9ece7e77187a77518f1edcfdb3ffc3233adf7281b4b38f2a4ce09a89f2ec51326cf0bc92fe2a71256ea98105b61b5d4c069658195cecca1b65a65bb813c6f266049605269d55daf113ee41d82f86fff26ce7bb8ac173fbbf6d7b1d30d74d40b204b3a80956ccde2953c0dbdf5dc96317f58d8e6a8ba86f8609b8676ac1fb0c58bd2002d714c788765e5cf2b9e34efb475b5e5ccf4cc7305ade08d9d02c97ff036efb37e56dca3b0624581d4aa9636ada461457f1dac582e60e59d49861ffcb2a3f6f101f442f5ce1b69f86fe3669d03d6aa066d6c8d35b0622156d4c12b0a0ba630943712166d0bac95f10c99cafa01b0321ae4b61860a26621017501eb0ad80a6b7e2d50e9d51f0cfb86d5bf788db965c0366065bac063d70a2bc778ab0a8b2b00e349d58395d6352cacfcfdf2b5f75703d0c7afa1783760c0aa0edcc06af780f5fdfbfb0e6b1fcabf1bd64c772eac310cd1706ad0ecc4119f7c39cf3c479d9041f2f9085f2bb7db5a3dc9b3a8429a1a805086bf29958f3e0fc18a0cec5651fec2ff28ac1a0dbc879b6af1b5227f1bac9f5f3e3efd11e22730f93318604d60f9d38b0e6b009c56b5c28a72ba90901e82159001b5c32a3f5bd5fab8355f119c3e7261a0d2cddc740cfdb6a8c3b21217e8d24a72f101a8d20d0d58ab12d60462867574683b8ff91ee76931320e9d5801743a87a1f4230d0d67f57a6ec02e8aba61f1543fa94f0f34afb3bbfb492ecff0a01edee69a919672752d713dbdce232d5f4261d8ce5161409b00665ce69b06cde173fdf1f3e2c969711bc62a20b5b6fe6d28c75f70467a01cb70cfb7b6f003d4f82e96ac5e1fd29bbbfa19cadc6fd5d44073d447f589f7523df4d7275701680337e27558f9a2b556d72b586740ab6898bf03d6983bb6450cc32c7ed979a7610d50956686155558c77564bd39060852056f37c7d5e8e2f20c54a46b806e5e54a17d16b0ce75b09ff3327021aea9d5dfe14e6fe1770eac15d419d61cc6b19ef257d80c2bd775ff9020773005560535fc042bab7fac66008b45567e016d8395a361adaf08fa1896566537cb2a38f94120ead002951a301ec3e694c06efeb63ca7016e201a4c0d5f40bd511cc4cbd103d2024500d1ce953614d6930e4c08378b9c5849a7951c60ae94005839448f0ecebd5fce5b7dbb54ef2eeaa5fa2aaf9806280f7e255a614d50b9f6dcf631342e979753228d3a9363e4d1ae29afcbb0728ebfd202a0eb49dd15d625c063c114371bf5f7b56ea1cff213d01b6e9276643ae0ef55b103e06f5825b42c866668b9c135ff269dc26f05575f680958e6e4e1260d6006883a029ccfa57cf50fcb8a856dbf0a606aa0231697f03857ba5c60fd14ab7f8b5d804fcae793eaf24e9db29906d8daf93cc1cb630731ac495a80a18420b7acd468a1f6bea9fc77b002851a378fd9e0d9e8b51351c2e97a8d7874560a808738cfceaaaa16238155dac83381db2acbf23c932f53077000682bbbb9f621d2875b90f2063fbf97e2eb27a156df7314d7022c4db4436cdcd7fa6fd28c6bc1cd35338fb5754fe8b20dd8ddb9c732aa8e693195afea1a7fc0d644f9b1d3d1a0ac02d67cb95b5656e7b11ba0786c4301a887fd3eac3ff00f815a243dfd23165c4fb2ccf97855b0b25bc0224cee3807525d63429aee8fcae727e5b384b5cae019da5087b5754c488d714d43ea4203043552c46f1d1ff99d86b52f6c24c35af759abdc512b58e9046458b7d300f9919eeb6a1dbc55abb3f28e2d2b8ecae3b281ca6fa1881740f4eb4fbf7eaeb2595c91deafe2fd4858b90ec7cd2db1517eaf1b0254c10798f1076bd21d9fb0bc1f6d14b0223e262cf15314a08cadb923b0c6af5f751ed303e59b7ba61af2055658d8b09458cd041658134a85499e26202fca9e892bf1df5776a3cfca276035985674543b76409b6288d29d39e40e53a35ce9c2aed4881ace0dac9f76e5cd90908ed70bad0ae1802586cb98abd670ca1b9d3a9fd3c9b922df0a8b4abdfc30814f8c7b2a536fa054d6a95a5660b555e57ae326503e7ec1ba8ab0b0be1c49abeb40e7c2daeb5d401d1a6deb78dc14f38dc3b9ad64820ae00cff0cdb00aad1a65957c3caf759813bb480b42a40159886957c728edb76048055d0a6729115735795830cabe36361bf7cfaa7e6a7b2c277bf6b8efa5590022c6f5e496a87ef8435ad5636108da846a341c3aaca4f1d9f8b98cc0f5881235f011c70103e94e5a273605d890eac6ee43f6ea0a31356ca7d3dac1d06e685c04abb343ff2eae161e1b31e5e20c648a1f359b93dc61657ca967858e4f1610c1e3c64fb0e5811db4a3c0ca10eee97041150a5360d8a39e983ea1652da00140b2ab720e533edfc090640c66b911dcee14ea575f5b65548fe1cfd1896f9a9218d6981ea98a0fadd808415cbca7f06fcfce57fbd7c11b4bcb8f259e962aedaf4195865f1fa34e0fb60cdce8b0e5483f9456da60ae49379666726a0f85b15c6f3619dcf536af4628d6c9d6eafd4c0d7b2208453cf1b403d06abeaa96b4297a184d0f25ee50c6b1510651d8fc04a5803f110ac0830388e45d6b81191eb0e9cf48987f858501954bb0565c0aab80cfbccabd9fc8f29428bc3d32a40c2c2e6b0bf8535eaa270e0e46319f1c10cf987956db0068840ca1c56fe6155815465b3cbe0298061459f3497fdac781f5587aa9806a8b1bfc5c249173a3736025a1ad55064e313969d5d1f191a5c375c76e0806fb895677492fd6b99f6abe56d853f1d4443c6d04ac7d1814df14230c398946f4be95cb0de5cca2d6872ce6acbca4de46bc7e2d7adb9717d3c00f1cdd821b516a022431c50b67afa386ea8766cd714d7d5945f0efc39bfa8f7f4bb00535ce2713d715d69f9e3e104f93611160b26ac68b3ae0f08187593f99d80d89292bfe3d39ef9a02315603e0edd3d14d1be8a33a6018251fe1ee63dd4d7e11e016ebecf3ae6ab4c01f87f8290acb01757e859ed148b2ca5edb08edf31cd1ab0b931b203e80c5b582b61dd765a85750bdc381ff16ddd6bb9b3dc211dd676dead0e475d602c46da79c0dae6d37d8a12d39284151d839545e521586bfdab76b0161d83d502542cade78f0f4facba4738690c6bcfb7855558c3d24a61311bac0fb17d65981557f9538e81edc707f93755cb9af9fbc956b3b08ab382d55636a41b90a755f1f7ecb1333004b4b1a7aa69404e05782720b581b55bd7d67133ac3e6683e4f07f48b9fd94c36bc0aaf915623fd1fb86e4437ea9d1c106d5d3921127553b85c64c58877ffc41832c171f04e3773ee1c6920104538a4be51952fe17b6ac9449795967cb750ae05690b6369be3efe5fa733dca47f5e6064a58d11634ab82c3308c3b6e3c872b4d85b5a68d704d036247a0dd345e60c51f5ac49f5ae47401580d6a80d8ca0abf8735ac406a608fc1ca91c52da06245b1acc0ca3c1677082b2b7de4f12abfb7c22d7f1f43823760ed0ddf543bc4f0189c8482632a1712d66844e25a7d4110d0a4329fccab766c2daf96e97c2dfc63c52d0b9137c800ea5e795a74501e55378131606d12c0f15697f24cab654b4b7d142ec5b5b6bc6bdbd0561e91ea35ec35604d70a8b3aec7b04ed7d7db51f531441da6022b02aa83b0469f24907e3720e7af5b58e3ba051f2f5933e5c0ddcb7c68a06a2ec9efaeb0f6f81bd6d9b21ad00aab877ac3ea792c433e2fa9843595bbbf0b80256507000bdbdc3c5878a7061f9675a1199c6884d6a8ab06723871435855416160bb7a1ec41b1d5bcb73992e67a4c9fcfd240900223d10e9680b6f88c35d6f94a883f228bf5ee0c786de5ecb2db62cdbe5c7a8f0465847bdb33e5927fbe5b5d4636fc7d842d2515000498072c8b236bfadc8cbb00229238fce813504a8695959f9c7635495b585955fb26a71158f58b1aa58ddf3601dc0feda61cdad2c9d0bd02f0f5fbb18eae378a7a9c00d5b55a94fb78295e3fd575956debac292b447a9577cdf8ac66f8acee852e3ab1363db86460de1f6390da83b5d40a018de1a205b50a408e3082ce4dbca933b2558c3f2659cece82120c8e7f2c0b095df424aa91c14e5ab7e5107d52f8415a5fc9c0a004bbd492cd270e43aeb8bdbf15836a62b03cc7c13cde2ba5497b85629ea9eb06eaf4502bc76f402d16f6d19d450e4a3f0a6706b4ee8742183166eadba9f049adac256753c6acdf96a801720e614c0e9035a81762bc8507e2d1b58152f8015a45d8232b6a3d845405fe4f7e5e5e98300d6e28ccf6106ac8a8bf80e407cc34a7e9fb1aa6d6efa893d56018a9eaf8155d6f656d657e7efd470df72d8cb45c5f6154089850661fe598ba08dbb9346961b6b8338f7ddde3b3900e66ece854fdf72a1c181b04b9daabcd292a7c2ba7558ddc15bf135167e3aee4590177a11863555878485a1533de43679f89fc1cc7a937fb98e16bffa5923bd612d6d47bda33c753ec780737b0d28be24a3bcad31fce7b0bb11d712c25a6ace28b155d4e798453ceebd7ffafde5e7dffeb7cedb3440c37ffcd4446910a0ceb07a9b8a3cf23b03f98d017f7320a479e7a3200b505b5e40da7f77c5f65413df81f820cbfc41f1e3fd8007adf20576fc6c45624fd5d6351657b6a601ea9f8296e359b0ea7c82d58056d110736726acba7bd5a06b48ad0a2baf22fa9544ea600852b5937bb93a869fad698fd360a5231ba4d66958cb798b9f615b68477a8ed4118bca472fdaee489407aca4ab751bca9fd2a4f2672c1c512e203dd4cfc3bd1738c096602570566cf63f084659b7a78fbf475b0548f267a13576039497441ac3eab96b0cfb02316e1c9591c2b26249dbe356f52f3780877d4f05c8dfe739f4f332f51fb2a80ceb3a575eacf23f0bd44fb7c0a9a1bf81fa1cd300a6057c940dcbca9c55d3801956bb039c4b7f9905601356b67e0085c76b7ece8eaea5da99018b8445ad70eee7b0865565b40f09bb1e1554cb9d3cc34aa7c7148073e2512fea40271bb8a2e3b016ff88bf8d53453ecc7707b0b6f6940fa82abbc575dec7e43caab51db032cf04d4a1d87a525fd84a5ac076ad3060bdd7508c55f55fad1b56bf939affdb9a6998bbb2d88af204ae75c750fee9cf38f2218cfcd0701a23e7574165aa819b2757f9d814cbd9c054fa4f821dc5628a7000d5b1c705ee07c12d983fdefff6f2ff0141d6f87b615a2bbf0000000049454e44ae426082);
INSERT INTO `items_images` (`item_id`, `image`) VALUES
(29, 0x89504e470d0a1a0a0000000d49484452000000ab000000ad0806000000cfb18f04000000017352474200aece1ce90000000467414d410000b18f0bfc6105000000097048597300000ec300000ec301c76fa86400005d1549444154785eedbde992dd38b2ad29c53c2842438ecaca3af7dcb6db66ddefff7e8a5e9f3b16e004b1870829b3aa8ef58f65043113f8e818c8cdfdeef2faf337e925f5a5ebeae6a7a65f5e2e9b2e6e7f7db9b8fbf5e5f2feb72ece2dfb5d3dfcfe72f5e16be842e7ef6f95defe4d35ed26ddc3afa18bbb9f95eea7385ede933e55cf71afb40aa30eb5aed6f5dd6f3b5dddfd22fd1cbabed5b1b5c5e5b5f29668936bb505ba52be114f655a4edbf390df8dae690e1bfee493a29deda69cf39575a4bebd6e37d4977abb2ff7ca7899c7cdf55edb3252cedf69fbb9dacd6d60c5b5963837b4b1e337d5bc6f54d7a1518fcb9b2f2f0b5887fb4a1102523a89231d0e78ea642b000eff0201203e084009b761e4fcea51404a17eaa0f72dfe084f5881edfee33fbabb4b171e3036cd405a33acefd581016bd4b5897275bcd671072b0002a98e86353b5c7538042b1dd5141d14e953f8dde87a7b9874a91bd1ee2c4f792b5fbb439ccfa2fc852ea96300a873eaa5b85957fc6c7caa111ad794f9aaee57aaebaca91cf2bf56dd962a6d60c5f529ff0a676f3b975d742deeae55afd015e78aa7722f6f03d62f823521bdb8fa14478b8b0354c3daa586ee8dad4a6623fffaf24e17b2b4600dc42a400d58a7b06a59019232367769510532e207d4057ec975e8d6aa29c1d491bc3ba8bf4b5f5f6e6e53d737bfbddcdeab5eb4c1151dadfca3c35ac32ef36ce21cff162fe3eeaf2104d0eda648cb6865fa2a3ab15a9f6bd58b63ed9ff7571a914a3d0fa95e0baa96ccba555ebd2cc975bc118868535fdab3b64113d674b6a8b5dcad6867e5a5b6bf14ac71f3e1a734ef2eae3e7f933aa033ac449a81bde0ae6cc05e2ab3de48ea8c0aabcfabdf0c11eeedf440794915566b638da435ac5996cbb97dfa47945fa142d9903a1e8355f18035add01ed6ae4d9e4d9ce3bf893beabe11d7d5cad874fe2e3db06a28bd56e7375d5fe5798de31b6c59d7a2f3601dee6b8978d4cbb056fd6858afb0aab8691ff561b7ac78ac60bd7d54a72bec3d7ec4912ee48fc2cd05abf038aae11deeb800e7b9e716a8716e6b1a16f521c3224dcb23f34dd5e1d579d4bc2ae0ae03f509204ada3e44211a301a3661cd634e07fa75904787b61c2dc5d90d7fad0ea39c8514d765443d1d577a2baca74005ba804fc3bc41bc517c5bd0aa849532d446c0c3f146e2267fa5b8265f6bb48bda6d16c37df633ed9f7d7075a730a52d9635a702b3aeb150a2fbbd2a9e565460a8513b90e1a7060a65388a429a2ea58b4897e2dcbac20a3a8ef45e9542019f141d47782f63c890d69be142175aeb812ea8bb94434a8a39962123af045656f416a953a40e22d7abb6c806cdb41cbd7871de9ebb45d801014b052981242ccbda80dce2384da4631e27400da981bd127816308615949cae2ae2340d580d2cfe4c2f52379723ae2d6ba8d5b1dea06959b7a2ef7ce4faa32f6887de5648e74db475b6139618a3413e594e8735f569376f9da70001891a75056bbf90aa80803b84ce1f79f434c5ffbdd4a19356b01a246448395ac03ad7a17752f10392a87b5c83f3e6c644c4210dd63395edb1cda79ecffe76af54c30dab2d4b9d06cc69225d0549e7032e8e29c3075c4e5715b002e1ac9247cf4b3c5c5fa7aea4cb906fdcacef980a303a6d453f718d56bdeed92ffdc9537909d49060bd511f93d7bbcb80352bb086d5400e75cbaaca6ec3d4380b192edc06bf5ad98b38dfc2ca0a3ea60172d7bc7d51b8bb45d571c0baad534227bfb9c3c823ea52c234bc5d6a98cb74f8575891f21718199ff49947cf2bdc1c479e35ccd750dd792d59deac9eaee84a0b2a165529835bdd284103ca751e0a37a0178adf7475393460d5e82a0eaeaf3f0ad68f4a6fb5b6517b63f9c69c758851332d285072b49446c79ccb1a56da4065b6b04813d6d569b4c05245be5d354887851dca4ab9e34643aed43be30c19ca542eb6aa3a7c0acfce1ca05a61158fa9d68d4e22cddc714bbfe9ba4a1bf478ac54992b328f737d4a1b8dbc328cc60e3fe2edb42fb3e6515587f095c2a236f75158cf94e7aed76221a14d70d3ba72bdba51ee95a7e6951ce7f929c784952302466b58e5113e54db2e60bd629ff508ac884eb8380b5655f04cbd06562cb0efbcaa1d9cb34addd87af2fcb22af2d9f90d25a003d68c2f9d84d579397f3a20c15cc9e9b6ca7c33ef96dfc68256a943db3cd66ee6b79b3d526b0165e651ad76ea10ace246f54a5863f1fa46584367c04a3bbe53a3c49cf53d60aa600ae0c8eaff1d00cb7dae36a01c50cc41b9105dd00ceb76db2be3bc2bf9bea69c88db405bc940acc20cd75619bf03142be32dacce73956f0dab3a5c1e9db548b3002a95806ea58e5e82b91240eef335ac37aa6782cafcf56373176091da7d8096f5cd73d5a5f90f5075ddb79a07df29df09f22ef1e02924e7efee1ebf7ea353df4b06e1e1f98f3802ec6c658f693dc46dd5e7af67c0eaf0d835207defc476ae3a1ed21ed619846d9ea7656032dd6958b7e9479cade67855abb8878770c09cb58a774802a801585561bd519ba28055fd1d02d2ae71fdd6615805eaedb3acea274d0394ff723ac079b62fc777efaf7efac6130fefa39a6a77b83b7b05e7ac159cb35e03eba52a7ffbf4551791159e3bb1c239eb7f1aacdd6f091a1ad6b08b85525ded57edd29f86f556ed8a6e6e0498fadb5303a604630e3bda00257487607d12ac1f27582bb009a9f54e0df02d1b645b8801ad3b03e8d8dcf6ea32853b0051a56283b734ba153b000dccaa0eb3c263ff35e293c7b67ea97d67e71c3101258edd55f627aeb7e66297e24cb95c8e34e8b64e29ea4d9e71bd0d088e714e3a4332c15317482bc59cb3e551ebb48abb12f9b3ffea3cbaa25c413469c02a50d55ef7f491fad80f1112d89c1ae43c567e0db6e1ae37742afd75433578d99e4ab155b57ee27514d6d4db61cd69c568dcaad8aa2a96b4c25aadf05f056b86c9022bcd6b61b5f251ecba6e869578ff39b0aee20f58b1d6096af1131329f6615f032b4a50cf8115bd1350df5643a8a703319c161d9bc75e5e7c0abdbf6c404f69512dc36e97e5e947f5afe7b3b8e8da6121ac6529abbb27601972ee78338c3c56f94c62bfd979593c8a3e5477971df0b66199957cef2c0371105675a287f3a2abcdcd36ae671537f318793bff25ac6ab70ae14ace3781f5fc556e1d91ebb68735dd55f8f5b697fa83848038d35451c777eadc6fabd5a82f2032a7f15ba3cc8056555823ae2e2037dd9b22bf94b76c66ad1e42f882de62fd7a83a83eb7bc91d5ae03d130cef758deb405c70f1ffff9f2f8fca7dac36d638d0eb0bb5f0be9db90cad179768016b05a1e8aab2ea52c934ecd7ad0b6abb829833b441eae47d48fbca4db9b5f9b289fbaac0166e8bfb9199006b8f82fda01f793da2deb897f2aa11c4a8b6a2b3aae6da84d03782a53e50bc84ecac63170ec57ae40458761cdfca848cff780029ac92fe6b11c3927fc841cd7a25cea44e3f9d8a155f8b9b0220f49237fc2f79de47c237d039163cfa7f91d8775f85b97883c95bfebb1c96f23c07a0bacecd7ba1e8760d522cbc09e8035eab76933ea8e084f791ae0f69de3a37782b3c35a2fa08a887613efbd86013a1d19d4387ffff1e542b0bebbd011ff02ebb9dac03a871da8a3eb1f5a84a36cbc3cc68dc5cd14ca320fa543be7e8e94e1c64b39efad884f9eb909af0e690ad82a5002d57ea86fdc4b153c3f06bd043681910644fe3624d48b7857aa531c35243738632da16b8ec510d71e025a866ea57379dc203ba9de93225f811a521b76ff7efdd4abbab3addc8643230e5027e4357cab93b03aa2cf897710560950edef8ad4fcac5a894d18e756f53f53e457e17319db3b75df90d69c9ff3988f5b39bf21a74dd886551bc3b3c3325ed45779d5bad7383d2e80297f3ad6db3d8f4f7fe83c6fa4cb2b4d7588c762477d90b06a34d1c2d80ba18436ebd3ad65c0365fd7fada0e6bd536a995a5ac3a644dabceb2ac5519770cfd06d5478b735fc02a9f5565d0f7c05af3f82b61adfe9987f31b729c84ac818a856bea7e92e7b2ae8335838a2aac2c10d31a913efb30deb0973b600d3007aca98fd221588fab4f9da455f839b01aca19cc95dfac80d50dbb5656ce6056b7cf5d791a6ff6b776fe6db51c53051670b394df488f7b5b2f2a3f5b225f54059e731ac1e71157f9c70a9ee3a69cbc8eac17471e96a4bbbe67b01765cfcab273ee39c05c896175aec3a132a21e6df7a1ee4044b8ca0acbaaf68ab7e7b0a6e4df604dcbcaa352bbc722299f44d5f2b63a5cafbdb8811cff78ba0162d51ada9fce8135951695c2718f8635842b40534e33d257cd95aaa0cd71ab881be0b5a3ddb388572f3ed366831aaa39df6d83568d7a9eab2dac0ccd159c262ce26c455b3d57a2eeb3ce8795e32158575ad761adbc66b7f7c3877f74bfd7e890857d13ac6b280f690bab15d6aee4dfa54a75adc29ba8fccdfdef1dd4d7c04abd6a03cff9ae61189df11acdb07640ab688f06a9df258d9d836635fb4810a3c1be6e593fe96c58b1aea95cd5cb4faa908e95baf3777b1d535e33edcda6fe4fbffc9feef71afd7058b9a0f1448badaaad7bc09aeedcf21aba79c8df390554e4e90ee2dc7e2774af3b97b83b588b9b8bcc8bcf06f7cdc3b9dd7b1598e928c3d0f2432e8fbdd4d15955590f7eaf747b2780d476b12b70291090da20e0edf358c1d294169876936867f20b5055b6eb33cb758b771674aefc73376058f3abab678939eb738395237a4ae1bf03b75ed30995fac46b7fbc45855b6d1473e268ab11a7d7f90cdd28dd19b06607c7131cdcd16987614d38d54025ce0077287e25d03681a31cc33a954f457d7c7cfa338616cee3c6216ca5161f917f0a3f376c86d532aab8de1eb7cc0d1d6e50d9ff3d046b6e6ab7f249a3fabebf001ce517523cc17429502f9be5b3b080bb974302568128085ca78d0843d42bacb920e1e6086029e7d3cb9de25d5eceb03650af1fe3d82d2d2f9ab8ec73451bcd521e5ec4016bf403f588b06ca3ad142ef9c180c57b091d565ba7591dae004c6e1592bf40e4fcb316205afd4bb851588216ee3815d2915f76b8e1b2e237ef48ee1ea71dc3424a4eb7c9a3a8fabb1357b06ecaa83a086b36246df1e1e39f8a4b5bd47c8b02a0d4b8666e7cce116ef961410ba86f8635fc55f7a88f0418012be022e5117bb59e0aa0195860cda9c180f590da7516c58b29bc9f5a7475ab79b1ea32c31a6aedb995f302d8a10dac06c2ea1dd91a9a8ef1eadd60a2195654614dd1a95b018bcb3530151e7fa8a1fafbdc0006849a4ad4f339bcab76acee54e2598e435ecf9fffbbbda0923787f3cf11a5750c0dd85f163e5d9eaf395f59d479487ead6de3059015b0158ca837f952e6c8db9a7f821e6902565dc3e6dd562c6d9b2b2f80bdb9793e1356d56352cc71ef94af7415af0092872c7581957a0d068eabc27aa73e2b6f5d6d351a34ef705bcc00528d39abc793e60b73e5aa9857318ff3701e6f61c96f5b7e9edb5dcf3932675dc13a86fea1dab1f16336fc4a387972f4db3ee41f611dd6a98d887344ced78a3494d1a10124c04978be17d6fad65a88f2366548ca33d461b506b0fb69c021b576286207c360aeb487759f472d632cf27e1ab05610529c2bc3d0803540957b2335ec0c6b2e0a46a115528b791c9dd7615503f3ca201d8b650bff5627d7af9e7304a46a19d16b6025bde1749e9c671b1c82b5d5a168948f3b35cfb950c07aa9f4b1e21f20c562aa80ca22e89a6358dd2680258f13b0d28ebd3eeabf00d30a2805623fb72aacf33480e32c6e24951bed31943f0bcf6bda829ae715d6b89e297d8a32535b58350d5027a5658d55a424770e4f860ff750eca92a236b1b9e69fafc96bc005f85cd32003be982ab7c11f37900d8045055bdb31661bbf026e71b65712c71529449f9349e3a457ebd3e2d7cc0a3eb2b2065c70c6ddb2cf59e97801aacd79702470ba1e878e698de318876533dda356cae293ebd54ae8d7ae98630300320e529606d41034cc19a903205c869408ab80d5eb913a2d67fadadfa0b2f9a6adcb4f2b082cf4f1af55a99dc10decfdd48ed976201f55bc840d72900e2170a82f527c12a1042d951f982c75afcb03017164df21bfa01b036cd73d439bc778a543b2d3a6e19863b15607565bc9ab7773db6a2cee3489afd1cba00fa0a58dd21777c4249ed1756558a47ab0dd6d83588b653dc760df59af28374e5fa54e7b4ac5f5e1e04313a0fd684d36f54655cd541ee5eff38725d86ada98d162c8650967708565b74caffacf8f94b04f2a72d6abba006eb17c1baed1c3f6aac16d4aadfbc0a95463f0ceb5e3320b37e1cac4d6d41948b22958f5a3d50cd3b1eafd66b6c224d1c5bbaac1fe9c727877ade55d109680d6bec7ea8937d4ee7c56e4081f5c2b02a3f5f43bda6f8ce577367992a4b79756094d77158b77e86caa06d615519cdedfc430dd451566a0d2ba07a17e2a36014b0ba3ec319edd0dc1dd6b11b301acb269e06aefe5d4a6878b76186955d028e74a6f27147165538aa46d9c775781a203f435255e257cdd3803ad5d89e73cc0ec23dd2914f7e232bea8fdfa411b7e631c4daa0df9cad2dd983e5a6cf8d7df9291e5f9be12b27f30d89fcd5c41e465d0a304380023c09a5f75c711b9880a9c53778f9a24bb645ed274f0358347a1ab0530734e14fa9dc1bf6763f484f2a37cbe79d58035adb88340d56dfedc0d6608d392c9d6510cb9d7512d6b4c0acd6e746b52aa0556e84aabc9952f68bce5f4ae1af84752e6b7dced18d5761058e3f2460dd43e432326ecd63a8c2baf16f473a3c608d2f9f0c58c70d9aa07e3facf90bd69b5626faeb60ad9675cc9373617500d6f7979fe22317f9224a01421548582b28a968385d34aab0663eb8b303b2a3b8a851288af076d13b95f2567223a1f8365548616a64efe9f6399bcbe4c22d97ef3a3aaf455956c6e168e5cd1200c66719bf4a695dfda9c60a92d521eaf98df6e03cdba5d5197fbb09e78663983f6059090b11afa40336cbf0e4ee02530da600824420dcc471824c02c2787c4b5bd04e4d7e843ae26dd36dd46f0e20a52e3ab290c4ba86c63484e98615fbcf48f1b9c96459f94c3b8071916ec853a28107a4083f7e43337ef159d51aaf29e3aff27d2dacf20b65c766e7d638599eef54dfaddb7a8ffcac43e55519d604916fba5660f3bd078b176ef680655da853fc70b1b561ad733d07c2989f1e80d573d70dac05d22dac2d1c480505ba0d600b605dcd7262bcdab503eb3aee4aaa43bb29b08e711ef5b2759de7cb599f9d547ec04ac5b3b3ddf9a7342c6bb7b05cbcd48138a28c9f173dcbc3615582a3b452bd01fa13b2c837d357a0a243a4a85393cb1ff51e1dd0d5caaae5e5758f381d9200f238ac5685abc2cadbfe71f3a853dc460eefeab026b0b99331b48295f99f57e6c761d55cf520acacea955eaa6db18ebb96411db062595f0b6b5d60a9f239949e96e7ab5573b8dd345ef55fc9e1114775d9c3aa303ab3a977a0d27aef6fbc1ea78e04a690e36dcbb7bb96bbd1a2ac7a4354585306b4423bc2d7c01618710359692be47080dec058e4b82b583f7ffeafd8b202d4d85568c056580320417208d6dbe2ce796baac639471d56b5bbdd6b58334e5fe83537752fbb015ca43bf9b86a676e3b35e1f1426b0393b44a871c9e71b22ec794f5e0b85542ed7034f2cdbc477973b955fbb2d6ca4513e07d1fac016353ad470def8086251d79f79bc7e192f3e1b5bad8bb6ca01e86f5f03480cfb4c7a7da91a7042a6f15f798a2fc565605f55c5839fea5b01ad855fc2a770aaaa0ac34ea20777c6b4a0a58c98b32c96f5fcfcc7bebaee556adca9bb509eb8baabf0ed6617115a7e46d583d52848525beae2f7e1a2d50bf07d67c32b58535b5887b50aa93cb8f45d600f524acba8e786070fb79bc1b20688b7277a08a8bf7f147c843b2c556573c7028a058bcff395e00191a0dc77936460e5503a8147ec049d97913853857a3cc75c97777db14a4c110d66b2995dd414b6b9b0b2f836b5815d6ac5ec64d60a23d1a885845bbe37c5756c95faafed14e3a6e5ec401145d4f5ab2a206ed394aa89b5a9dd168fba1edcb39b58cac43d6650baa65586f15d7803232647b71dded15c12da86840dabf01d014a04de71dc0e27f483dee241ee3c6a3dc0ed8d05f0aab1a65aecbdf052b47da8267fe3f0ad61af6c3605da8425afba1a6f5e2ce75381b56c5dbc2ca35b51759b8d043b022ffb41a19b61fad63f9e7ab6eaaf459b08ee17d93c7997e29fc12f4014402b694200bd088072834ee0256c733949f7ffeef2d9ccddfaad6bec72973d6ed8d34ead36f06a5fb5e58df2a20e58516f4265875ad03d6d449cb7a4cfb4e4e39bc7e43600ee7b9f74a3c54b01c7f86b5decde94778c21a3f155163ed35f2abdabc8677441137801d8a071e8061081b4401e88d165c486e86e6f8f6a8e335f1bfad016001cd0a8b5fd4dfab50b91b485d66a997af8d396b85157748612bc0661d879a7e98b58a27b9dc90e7a64315dadbb6271b71d536ff16b07ae23f6b5f17755e01f534ac8049879da192ee94f2261869c790cb311b735861f9ddc89a36583d8c55d10e1dccd23615d89a9f55ebe07acca2cdf8adda6db16a3f1ed6d1079687fd3efc3baecb0d1d87f5867779391216b0a6688f026bb56a5b28f7ca78a3918171bc803dc7df59d04b75ca0254943fa06b8ab4684a2f31e11f00e31e1a3fca3b25e2332ce6d098c26f406a016b8afc25ca5707b18d93c022832905ac63b133acf190a1cc17d9d5a6b4a53ab4ab01396b730d3e575a147376d53386d0384f5037e27a230c79c31e30ad848cb6e8c0edb48735cad4f570b43bce3779eba6b1e27544e0f463d767f95758155fa0c6bb0aca6f036bbdc3ad0d74dd2f2dde185e0913ac2ad8c0a60654feb0d8d01ad6f1b6fc10c0d67ab82e03d6b7aa7426ee50f3dfa9c59be3aa930c2850765897225c69265801b3ce4fbb04e22c7e05bcbd86a656b76ac57a7d67d56b6970f4a157edba05d2ee5913a8d2b58062115bdff0475b582deaea97bd537e5dd0b0fac51abfebfa465853235e8333601d1696b0b8db95ff5558d3aa05a868096bfe74a68afc6d49dfaed26915c0eeae3a105700f99127f349bbd7223c35ef428cb6acb24118cad160a156b719d2d3f0be15d6bd6205aff409d750adc3502d3be19ccf3bac0dd825ac5b3057b0eefd124e20dac21a43f60aca1dbc2d9e403c575b985e2fdee6897ce8b4eebf8735eb5bcad6b9e306a06dc1e4157b2c9aca42aafa23aca68f6941dd86a7c5103fd72f14e0a57afbc85d01a971860620f61b009e86d5e5e3be55193c5c4077725bb9d16f8d73973bbe63b07513b7c32a1558078015c2959f614c0b673f75c406d4165f17b29f021cd2eb60ad6913b2d7c9e54527b9d323cceed4315863bed81636a7946dc4634375c41de7d97639faacb4aff341710d0bfd65b04e79e2e62953cc35c32aa63b5fe8de2b2de9a8071fe0f8fcf99f2f9f3efd51d20d5809efb07ae53eafded7b0a6051db0d209df0b6b83c24014c58fe7568a2170d17167eaef86b58e5ecc59ed3e0e6b1be64f5d2bd7b090a1aa606da5763c08eb91ed28d57986f55a80f97b01fe7e009a21e578c747305a5ac4976210e1435906a0dedd6d7ed6920f06f850b0e7a4a9fd5cd1eef7cadc7ed1e88a1f5b4702af6a0d2732080d860a4495cab9ba7c9e849fd3ea8275330dd1d1cedb9d9c7e5511be4853e3d82fa56b4517d429e38d5d8233d4ca3b18d6f2ec6a655e5db576969f459a4ddcd2f15dbeb638e7a63494d5aae1b6b6e10059cb5801eb7c62582fb05660d342a6ea7480f97eee4228af06be014558548e1b5859a9fa1b52ef0510d0a6d6b05a73981bfc3c5558e99063cab9cc5e238e1b0d851f79b6b2d22a8d463fa6513fa7ddfae3dec0dafc7dfe56d57c368aeb7b6e6dafb29bce8275a30ae3393250238f0a5207b6fb295c30f209a1fcae80ce0518e71eca0d5f8af4659ad1fdf7f17d7cf7fefacb3756a6f16c5e8d332c2ada0309a4bcad136ae7d6c986dfe8c7c25a158d8b056b656d3af5840ec5c79fed13de0fadf9daedf3b7aae6b3515cd3bf07ac55b96b30004b09ce58fd730432f65b077886ce714fc15acf39c6ff60c58a34c0dccb205658e33732add21b50d4b8fec796aaea3f3ae238ac9ec3ccfe1717cf2fefdf3fc5710f6f55c6af306c3af7076b5cd78f2d27afe35f036b6a1fc67c32da56e11bc0743377f824cee3fd000de315c04c479c3dac8e378bfddbb21bb0d27a1a406186619621abaafe3dee1b61a5e25c5486ad20adaae5a9de7307ff40fd67c13a9e186d55a174baea974a58896f5813b83ccf396a96c72289f30123ca7ce56eb002750573251e2e94b7aeeaf03f341e79aab1a2c11a5ce84230d8dd64c8aa68f0ea4e78e8e03361dd8090c70c3ba5bcfb51a62d9dfb16a98197fed2b68eeb38af97f28bf6f042b681fa66580dec0c29ca9f440fed21b58035ddb9628f8d7fa05339b7371f4337cae35e8bab3b2db462ff95e940d378b4dbd2c92f1751865661218523c21ef83bcc03fbacd6953b211a6d0bd24e8277a912a7e7533a77a352ce8fd4a663dfa861158ad446abb8af95af7ff8713eeaefe998dfee3fa4adf53aa43d8003d859fbb8755bc979e639476f3b8d3d56fe41fb0e208115f8749ce7bbb6a06c69912677127e0edd3cfcf2f2e5e7fffec1b09ea19e8ff39d55caf9a15a952555604ea9764e97da6815f7b55ad5ed3f09563443da2530e33d55b515690ca6e5bc9061bd11acf18f830dd6fbc7df80f5b36065589d1b6aab01dc5371cf7a3ea07ddc5519a10ad8dfa015387f957c8d3b7f8cc2a26eff29b052bfcc770f6b9c2bec8638ba1ee2c430cfd0de443e03de9216588159c7dbfbf86ec017c1ca82251bf29006686bf852803ceb40fc69b7a0ab75cedfa5199cbf52bec6ea4eadebf6ef06ab2d67029916b1e65b41c542da4af242b5d5f388783957adb0de692a71cfdeac8e318725bca94f03ce87f598fe9d61f5a2abeab5b0f2246c96160ccbb87bf91aab3b75a07eff01b06e35ac22225e00bb8035e38c6980dd800ab0219d7bd1d560f5348006643b6916cfd0398ec6659f338eef0462870e080fc0da1759806bfff48bce2879bb73be4b25bf04032de2490152efc0bfd7d25a87a6017bc85c4fabf9297d8d6378d6bb17c4390426fdf2f87271f1d0cf0d17da94adbcc66a9efdd45f059557f303640308a88630a0d5cd58c1b62536ac1c1fee326df84913ac2b195adc0980ade1c5fbad854c18175ac29ac046c7b47c435387bd49e40b9cca8f46cdba4f7122deff0fab7575c58396071d3fa85ff26f86d06158e547592c9e58e9dffe22e8d6b0764b39c14a9e15587426ac05988d0cabcf134c40e5e2b7b01aca439a61a5910c1652fe5387bd5edc001fa47c30105f915e812ac5ff4f451869e840aea975fe52abceff1152de0db45abf0ae0500166195e619d003b22ae1f589e9f7f0f88ec7f10d600d96ff96f8775c31aa06af836a02b5867d5784760cd8eeb7ba3520748aa300e70b7aa69bb881f60e0aeb0720723dcf867bc5934fecaffb080b4c2aa0e9408e311eda69c00754a233fc343588720f299211baaedb00a3fae564653af5f2dbfab023387a50cebbcef396b9b17edd26ed8a6e3f1f323c009ad87f4047496e133a8169fd9ace7b39c660f6b6b9c84aa40d62da7fde9d0d13155236e5103c26907ac8f9261453f0a56f2b174de6e38f27f78f8550dcbb03bc7c7c2036b5a7a77fa369eeab2042d55db61157e5c5bd8366516ff5405660e4b0d588f6b95b62ae31d821550811bcb7a185414b035f0aa5680a2b0ba126ee2bd1ed6eecfe24a714be75815d24d58cf7786d54a683b604534daec7752bd6c56eab9625fc60b5126a05ac3ba6c2c8de21eb3aef57a57e7c7350099afb7faa70c0b9ac3521d4836e2db2268ab736005d0ad65de966d1196f3d625a8f73f6f86f32ac3b902d7b0122fe0d6f19d20fa36403c4fb523aa5671677101171700afc9fc4a0b60777e2a8b4edef849d1c80d28c7b176f1a4e147fea9d159357ca88657ade2ce3a06bb9571730a134f7c220dedab0e9ccaabe5afb58635e7b22b91af21b4d51cb05668b7bf48ad530120c5ca0ab058e1631981f5e78df2f1ebc2c2922ff949b8efef005640eb5afe56583d678cd7fb2e64c56455772a9d3bf463613da6dad9a7c2ab5671679d8475930f206cf30f0ba68eeff995f0b50ec1ba8a9bdac2badd0dd80a60ab045a400aac406b58816d40fa78ff6b87d55673032b3742dca85af0c97da77c8973af7aef603550af158db7f2af226ff668d1a5ac6bd595d53a622b5bbe767e00d6ae76f3449c292ef5181d33a56b3a16f63d72b93b01f1197e1ede711fcdaf892db18053d77f16ac8a3ff235b49c5be9e7e9c1380754e0640b8b47a81ae6d1bd204305562bdf1500cc54059673feb8cefec0fa70f3f3db2ceb4a5ce4cacf9ac372fe3ab40372a329ec0c582ba8217580c36b076dd295f095ff5b55cb9b9571e8f4e21f165861842fb4893bc94027d4cc2599b34fb0b6fc51ce6b53d956cecb30fa3ce5bc034c016990b1aaf9d3ebb498cc531f14fe20581fee7e09407d9c61f57420adaccaa05e6a17e49f75ff4b619dc3eaf95e53f899b0b2d0a373e20d765d30e5cc8dbf4a7fc8ffad9acb44ee740414394f6d71e3da78775553ab49af8575003adca7140f1322bf6dddc993619ebdd3a7a7af714e9d39c67e6a9b9b3ec8dd17559a06545807b0ea17206f4a50397e79f9f0f05bbcf4e2570b236d8575de83ec2f5bcb6fafad554ccbc891f8a9dcc3cc4eef79c5f6570b2bdaec1e28de5e33cc6abc33608d3853bed4bf76c0265dd321ffb76994652b94e29aa80b71f218529ab0aa887a2c34f29b053840d5f41db0768b1b37baa5f0d0cf510fdcf9594d81274003e406623cd7c7da6a7a70afb000b4c00ad080c90b2bf1d20ac04b843f3dfe1e905a03d68b4fdf72bb690b246fa6f353ebea774a1d8c229e8cf151873b4dacb7fe53da4d071f56ed9c557848f91bd6ae63f19b6adeabf8e7e4316bd4218199cbd8e79937febcc07aadd2bab651a5821875206c28e2cb8f30c78b9f9a48f5db5ca7e4c7ad61651bbc3ebfbfcfdf62a5554d39bcca75f2b9f322fe3b75ecb704683418f07c2facee24608d9f6360294af82e6defacf3357750a895e3f2bb1476761e4dabb8b35fd52aeda8c3165643b24f8b95b5467eaf5576ba3afc2f8355796da47274ac8ad7fb9adbf0fe18581796357ef753fc4eaa3d10a8c33ab0f2d021fe2877e3bf4deb4e7b8de60e0a15585d962159e551e53c5661e7689536ca0e199456cfa9ace1475bd8b2e27faeb6f92684099feb306025ce227d8b53553f525c6548fdd540bf733ae01dc21fcbca34e0adb032bd380a6b4ce83916ff2a3774f72bb01a4cc33abf28b3cae77b543bca9d4339fdd8aee5af92cbdef9b7ba1c9b06a0840b7785b55ad9bdc69ea7d4e0a28c0adb5ec04079256d08ebba8fbffa0c5285b50219b036f13f090877070e95b96885d43a942f61ffa36145f7fc1b9fcac37f95ee47c965effc7b5dd4f81c5d47c956c4eef4ffcf813541529912c79b7bf9375de91c7d0fac01a92c7248e71d56609a3fce86f8520b1fbc7df8f0550da8780dc2540599e7fd163b030d44e24d1df85ab9738f85ade4063a146fce6b568dfb9a9b2ad27440d579077e55000ce97639a407d47c4f6105e8d0a85f00384176482e0b40c9c7b05e4bfeb8f12ce6a309281f441e9f9fe7bf7af91ae215fbad0fcae751f5f8f0f3cbe3c7dfe5a732108f4a156ef9e9163787e7c59e57c77182b5aac3ca9c7209ab2e8c732a1ddb5267c18a1aac8bce7caddc29c7c25672f9b8e774e76895d7398a341dd6aa01ea5ea449f0d8cae286df033a2beb96d672affc9dfe0022a1200c58a8e70cabca96fa9e6e9c030ea0a2fcb2b72d2cb086ffbde2dc2bfec39797c7cf5f5fee9f7e7db9fba0387c33209e6c0dcbea5d0134d72deab700d5d6f524acfd7bf772ff9db0ba23aace8d679d8a53f359a9c67d1bacc7e5769c818e9d19690f27ca1747c639e019402bcfe3e31282c96291c270da01dde4ab73a541fcb5bb6570f6c00255f313ac370f3a7f945b9615581f9e6581b1accaafc25a87fc19d4f8b581e21852ca36a8f1910b3556c05a01f5973f505856fb7748e58e79a9413d0fd611f774c75750ac53e1c754d39eabef49674bb9d70a5c75f6b53aa7c21af954982cc35a814df80ca0dd016c85a3a9c63d25aff6534c078037ff1bc140f1bb7e74fd287df8f5e5f651d3030116d071c384854fd9eaa7ff16d40a2b80f2ad80e74f7fee61c5b21a54438bfe55b05645e74fe0acce8fa9c63d577f45ba3da8298667039d4fecd6f06c611d538519c09c1b6259675001e535b0aa4eca072801d5b01aa800f261c07a2585bb4117e5953973057416b0469aa60fcf7fac2d6b7ccfaa5854ebf5b0fa11ec1eca11f7c7c0fabdaaf9ad744e9c95e672ba1a8c5b090485d1a9b968a26d586055cb994ac00074fca4a4865500717b31336b8edbd3e806b1fcccfe8a780dd60456f009244314603d00a8e6afb284571ce59fb02ace02c86e45a730e472c8d747cac1fd4e8dfb8d06ee0f01d470c8e7d5ca0e95f80dbc78f14077cef3d33f0acc4d0552cb1dfb570b10aabb9e8f67f2f22b37e2083f47d3b528bdada5f34a18122ecf2bb35c2bebb595d3a5bc95056cb8310c35dc001ac27a7e4aab3c6655c8e36dab0612ff3c93703247e55fbf018b0558b3a28a6710c3728a910eacd2efe6b1311ab073a0780ae39706b839be0a565bdb11b685955fbc5aff6eb0fab85542d08163aef82658cbf57458473e153ccfd7b660ae34d2a079df753eaf60cde7a734e7e1f3ea37c31a8f5105532eb0046800cb5fd7e7b616bb051552eb34ac29fbd763bc75458376f8d450a72d6b933a0618a383e8e4a2d3b0e6c6f75eadd3cf903b7615866af83a5ead4701ee55721eed9cb66843bbfd36c37eabd379a2de29df14b3459da142a7ce67cd79f81c79ea50614da97edc7402298595c5b2e67fd65e5d6ba175f3aba0fc2d1eccccc076abbb5085d8ee25ac15d884f6880a9cd7c5bdd5bf0e56543b7f1f4e3df87582cb7e0bb00911ee28a74d017a996a83eed756fb880e1b3ad7daa235a0680f546a15f75c1d8615c9afcf67815516b55956742beb0aa815d68db56d406ea00cff7c8f205e376c6ed2745879c36afbef2b9687fe0a6afb3276ff00862a7bc1d18056fd75b09ea3dad1fb70ca1bbf6a7d5bf903f028c760ba4cb54142aae1b2c0bad1df00eb21ade29f23165ffcee1ff7b0b03c080054e6ad0d4a0158613d340de86e833cc50d58af2e9ebfb17a7f1f5ac1ca0a301fb7e14e50f3abd8390da04354d90ee6ac3da868c081b06e56eb7ca5cd8e06b215685b8dce1ceef0573dfd02f49c26cb36acb6b074e2368f954618f13d7facf56832906ab7dc4b6de72d3cffc3140dbfae9eb628caa8f355a76f106dac2030ba7e55ec2658fc4a95e17e0dee6d3c856a3782143b032aaf969361bae104dbb51642de638d1d034014c0f12dac9816a0dfc27d8bc50cab2920ad06a7010752a0e57f61fb2f050e5bd6fc8facaa849569803a2b20e577361a0248db603ca52dac0606cdb0266c86e4b486a543919e7c742dd53fb582156df35869e447dc5402d620c31de7066d0b2b6913d0cceb7596b5ce5b339f01d70c2b70e64ec4d0a33abf49e7c41969b6e2e7d01dd63b95afc515db571ebe29bbbb05deb514fbb0b2ac9ee6048c0dd80a6ebe5be0f3843635ac2b6e84b53e09ab877e4f0736538202eb3547d236184f69805181e1a7d8f623ef069bca4a300e6b7426ee0427fc497f105600a5cc2dacd542eed3a46ad8584031cc37b5f486f310ac0041bc73614d88d21a7e17aca1dcaf4dcbba86f54e1617ab1b8a5d8063b02654e8560072cdc097c00e00ad7cb8b085327e1e23bfd8c315f0fd6fe015f6eeeafaf3377e1f05a47bab5a21f55f5e16681ba8e7c03a870d2851851568c6906c20ce575a399f5738f6a21c973d60dda4571ba06dbaa2b8610dec16d6005065a7850154c2da79009690d59b6308bf04720b10a026ac790e9cc0b21d9a2de73134c33bf2a9e97a7e8a9f12ac6df80f4001480c70cc770e644901360026ac85c7b5523f60cd783dbec044714e1c297ed3d5fcc74e43a67f27e8e2f3418761dd4f03fe3a58ab1c36c171520334741cd65af61ad6d3222e105096da21942086b55167651d38a6fbc7c0ea73007a0dacc8a0022ef993660deb9d41557dfce3be843587798e9e5f02aa37f5a35eba8ef869756b8b586cc9627a51d561e5d8da2360e59d58f985148f97b8897f06ac58d37f25acaf01076de31f87f5906575b9746cc2b44e8f88cb706a1026e8283bda88a3c135a8d9a97f3fac409aa022d7a5e6d1a5781dd626ea97963361ed8a346dcaa03af6b4aa9f57fb1dd8b60833ac790d6a1f9e8edd4f921f5657b06a1aa0c2670d78c7b0df210db899b32a6e7b2870f97e4052010d69984cbf0a43558574a50a92f3cc9be394dcf9dbf8ceabc27a8e9c6e2f77fcd62fcb76c7def8c651c3bb2dbb7f8beb7c660d000dabfd00640b2b4a50a9c37eb8777d7dc4bfa6ab9fa28ced29146987e223152840c7020abca8475ad6783d51e1a106a2618d7340e5d542de85158c770f809b7123ce034fc50acc82fb24ac06f310acdc5186d590ee60957e38acdf25e7f56f022bc766dd9ccfac01ca6c590dc331589d4796c1b3f65f7ffdef97475ee96b796fd20b687f216594b3d5751f751447e50f589b748df3cf57808ecf8e7a2ae005d6d3c73f5f9e3ffd33da0388b1bac0ca161890467cdeba12904761f57bae9b17b23bacac167fc947aa3f02d66bbe2258e1b0fe5d6025fe4a035634f2e77c0fab4145312568b026dc239faa0e49711bbe5cc070042e80b37bc095e7f25759b4017d917951a6f2e5d8e2f8a31339dfac790c25ac48e7021158732154e054bdf8156bb7a6f80163539d42c011735f165269757514b08615c80fc26a19cc43b0c6f0bab0ac332067c1dab791662510a96dbe6f93f322dfdcbed997f91a0d58a3239b3b400d401aac4d1556007e1bac033ef204843807b2ee4ed8ba056c71b39cd4281758333db25574b9b3aed57658ee38e7e600b0066407b3c11a6e85dba27677ddb2b288ab3060b56505d41f02abdfb2ba3af0c20a0290741b92592b00aade0eab3b62ebefbc7e2cac74dc188281cc400d501190fa4566b676183207347b40abd27f952fe758c5961fe7015e03b1818ac6ae4586396dd529583d1de181014fb680b5821ad029bd2deb2c60e5b342f1fa1fe7b81537a6095280dadc8f8fbfbd3cdc3758f377566b582f19b6a4584c35774ae7829529c0c5c58f8415eb5a2d2c201d8395fcf1cf72666547012be196f3cabc13d6aa5a9f43aaf1f7b05ee99cdf3085d5096880111004a98e574013606151b086af811537902180da8a3c2bc00356dc58d6ac8bfd1c37c370e7f95158b1aad22dee80d5902a1da07658756c80fa7fad0256a4f3fcda60bae3bc011ac3ffe380f551e7efde6b81b5f935802a59ada75f54d94b0dee29c004a7b587a78252552060deba9bbb3a5ec993b27b7e355e2dafca799ca35af64a09e8ac0ad8a556eb881fcdf12bcff8e3dc005970ecd4de116d692bb096c3b066db45137354a0cabcb8d67eaebe8c55bbc38ac666fb889bd63ee30278de4479f3cdba55dbc7af0a7443469c7b20cdcfafef058c47d4000e8805268b2920f5f0cf570581baffa7006f505d5cfe2c8ba90553172b7d5dc44e7f11acd7b2a84b588705db00bb84f54019657edd75aa3e1b51375bfc2dac0667e36eba0658756e28c2d2d21b12dc74feeb61f5cd917939bfea7659cc450d687c7c4247c3dac15cc24ade0356dc963f51491de29ced271ddf02ab877f04a8a132570556f229b0fe2cfd3229b7a5665dbc17a017280158818a0cd538cf0eddab01615097b0fae834af85757f1d99c7226ecf2fe7b37d4edbeb55eb91e11967b80d99e3d1d976bb8373ee396048f8d6b00e39ff012b70551956cbd6343ee923580daa618d34526c3fddfdf2f2e1c3ef91c7bde2ba6ec8507efcf8f5e5f7dfff2f85a7e58ddd03c1e4396a2a87f5d416ce5958f55870a105acf95d57de0dd8fcba9529c056fbe1dfe2abc6bfe5b6d504e7acb36135103b58ab2a28cecf61f64b702c3a36fd67399f59a33c2cd9870f6a501d877fad03ee11df324cc431684e93900d08acea3fc7711e804a5d469c84b55b512c6281b0838ab0aa48ee19568001d48f9ffe19e08485967fc0d844991c29f7aa3d94600b0b2b8be5abb06ec13d2eca890517e53655588903b0055656fb7bad40bdbcd0022bde63c5ca2688f1a716c45fe8fb619d175d4ee7fcaaff1e9e618956da82b4cd2fff1ab21e535b5887b52b52ddd015fb998a176a6521435855fde73823edf9b07af8bf6cc2b25e1eb0ac2ccc78167fab55f78316362c6ac87b8615e1663ece3487396b8755f9ddb35faa055ea8c198963165bf2aa60186d596b5ce598993b0f283c13e9fd305ed5486cd131a50ee619dfd8646a70f18ce95d356d1a174e45617f247fc0ebe4b1dbbae13f545ce7355f62965da2d80c8500df8ea4de3b87ebd2fd2699a16964f751ee9b6f12bac16108685044ae0d4b9654859d474b8b548ba7dd08afd5100dd936e80caf06f37e5395fe43c9c0ff3df3b8dca0fd73fbd7cb81668155e41170ba906a7d3f573cb711ae003563a2880db5bd10ae329bd1ed60ac48f837555561f29d4985dead055dc21e7b92afb9432ed1628435581dbc23a04a848f1d5f1b94535ac5be657e11e00067833ac53b84518f000335304bf5cc2798510b7cfc9dbfe0eabe7f1a855f505d22759da47e9018b8b15657a200849f3fcfc47079663585159f4d8b6aadac38af600be466f87f52da022c35445476f2d0c7299b5a3aaff5ae4f77d75ab40ed61f5b461c03aaee3edb0d2f93e5a357c16e000682cbe9a7bf7344a7e35af551816bbfb4db05a40c77f61f1bf014c35885bc1640a40f9e4b9835520e5bfb5c4cade437fd516c86332acb3d620a0f360ddfe75e66aee5a751c566be5b797f3dcd60775d054f7fa2513cb692b500924f531ac841fb2aca43b0e6b159d6ef0ec9e45d9763b0e7ea461fe5a770af2e1421ec7c386a100ab41455e21b9012ddcca1b6bca54e0f94e704a1f24fc8035b6a30c63110b2b2fb0ec477c546005b83afc5b03c653aa8056ad4140d592fcb5d38059c7eb6539cf55d94d97029745d424a74de812282c6bc26270d12158f1633125c000f504ac86b0c263bfaa0e560befb0ca7dc551562cb6b064157912c6f37bab3fbf97022cc5af02d6f83e958e6cf43377b575451f24aceb877b9e489505540173052b604fb0227562585854206cdb534bff88ff57c3faa48bfaf2f2f4f4cbe43fa0185a9547fd746ce2ff95f8d2377fe3b38f5b55f3ade522ea9bbad635b2f2c7a2863bae39d3019e814a58ab654586752fcae920c6020b0d60eb0228dfb4024641120248ce9dce69f7e71147ea0f0b9a25dd5bd404352d2b80ca4f0a581b647ffcf9ffbc3c0958e067e8668efaa81b0d6165135641aab08013b01b94712e780dab61065634603da0ab8012371d93e7d60a563a79937e07c0295540be47a56c20dd9491ca2159755f8421878f38eb7208a7d33ff179467576bdee3d1cd5aa5ac009b4b306e8351f5bc6786ad456e979344c8675acde4f29e366beb36c392b543c10e04140c0aa7300639ff6e1c3ef2f4f1ffff1f2a823f1485fe7ac1ed20d2bfaf9e7ffee607aeb0a3df04e80c4fcf6f9c3d7ffc9b0a2e3e56f413c1c9e5a4196f9d321358ddda8427618d6c31a409d0f6b0cdb0cc367c24a39e7c05afd1e042a7babf14f820d3a430b604e1396f508acc48db48a6b58d911c01f7d68a07efef8e77158a3c1034acedbe72c0b9c3b29fec17cced60abad7c8d3098e9c8ff22b7cd5cfeeeab712b025b4b31c9e306dd30cc832fd1a4a6478a877f54be0463e03a2843541c5d235501bac236c40cbb19639ca3900ab6003b8cd13292ca8ca7b14a821032819dc8803908acfbcb5c2ea39e843c44ba0494bfc3ef463a105aaadeae7e7ffd1b05660d1800ab9bceaae7ec754e35477056a2de2ed414901aacb204f946109f13ebf1f056be6bf86d5a0565803aa665543016942863aacaac70654a47896f3db00dcf278d47987f5f1ebcb47e97f20ac871ecd6e217479d55dfd66e5873624cd7f798fd78bb570b7342ba0b64a60d01698919ef61af11d2fa71a3b90de08abebe0fcd3fd3a58e3754081ca93ae58140129a0011c16559002eabd16556c59851a94013b71a8aff235ac1106a83ebf17b0d2f38380950ec2da3b2f4054a708d8ec20ceeb3eec50823c039ba0cc4a00f6fe86204599d4e5900c628a86e759fce5459b5f4b97ea68e4dff323aec16fc90f60aab27eb58e5c0b6f9b9196ebac79c59bff4880a52893b29597e0e07dd678a735a031b4295bd10ad0633c9bff55ee8c3b56e240222802965cbce4477753e12f487d1cd025fc5c0f6ed7816b4d60c757592cff0970bee297c2af1e63be2a3d3c08be7b59481d1f394ab19f8a54675b57000d8b2acbcb14c0d022e0c48a6251c36d50efacba753569c0333ac8eef57e2c2fb8649c6d5eaf84f555dac3ca8b150e8ff2550edaa64b651db679a4caf537f9571103f606abe4df536d6055e7c7cb1e7ef1babd7c0d3cc3728ef96df59bd557f8ed7ba70ff75a69abf3e2e312054abb577e88723892679669ebcacd0db0f95e6dbeee07b033ac7ebb6af87b2a60480354fc544e00aa7a871a941eea03d8765e2dabdd01aaf41109562cf31b615d6b0f2b9f13a7f35b5e4509cadeff75da429696420da986209c320c2beebd88335bd5ad36f9db1a572bdd61d5f508827841a659528bb7e8433124bf0dd61cdef3eb7bf7eabced709f40465c1d398f79a354c329a796fffcfcf5e5e989b7ab6837c9961568751d61391b9415528eb32ab8119fe17d052b406a955f87fb7a0c3762da20f1e40b91d75973568368d9cffef53cfc7a1e1e8e15e76c6d014c48d4e10264d62a7dfc5f7f0300d9dacd00724cab3280ac6196c352b9608bbc55be61f58ffff2c648ab9a6f76b5b20105c96d500ea9c2d4dd9af7d9b2c6d7f7ae3505d0f9cab2aee4f09e9feaea870ce9a7b9ac2c7f7c784d6e64405732a0f1110cf52fda808a2658e35d81066b5f443538abfafc56ea80cb9fe3db602d70f47835ee268f127e962a1ca97c2a24b026add30f1d8315d5c5c636cc8bb359f99e6d58e402aba701b6e2cc552bac1d581d01847a25344d80a3ce3494dd6dc09aff8015b700100c0690e329487d4c5851961f8b33817acf6229a601c35276f88a56b0daba5a0facf255bf0e2cee06a4adbecf37721a2440997f477ce55760cd217b2bfc011248e56eaa402490ed1c80227e829a61dbf8a795f3a7aa7c911940b6da2ec62c97d9ca55838680be00c9b1425ac3f6902276180c2bf549ebcac2327e16240d58d506406c35985984c50d44fd3bb08c0084c93a0390408a5f99ea9870a17c567f03a85ab0106ea8c3ca4bc435a00358dc990fc72c6fdc187113102610622127ebea392b4fa80c6b5d58c5c24bf5bd53dbf11dab1b89238067fcb4b0fc0cc5d071f49c14c58e41585680b5f56cc22d05ac401ac0e62e4481d5ff63356b80676de1fa913a04ca6bca04f091d68f2ec9db70da9abe0ed6543e1a75dc56a66e12c33b24308b2a20a1060e563adee45727cfc21aa755e663789cff1e8f34c34f0248ac23f06c21adb0122f15ab7c1d5d07cf7bc36aab8c78e9fa81f96e4b1756526edd3029851337d20a52de0a632741e23c1758c34a06980162bad108e3381664c3dd2caaea53dd94ff1f022bb051eeac551ea7613da67361cd78a35c5bcc7e3ec1caf4a8420b5c09abf222ad3a63567c655a80016dbc63aa8efbf5f7ff3b1e69f26653875271b7905af827a80630175069990dabebc3af046e15afc38a62b86f37445854a5a33cb5655856da55e21c6b6ac090e19c41252c8f639e7b0ad6e971eb0a54f4ef022b61b35679fc0858893fabe6b782b54a80152594c02a7783d5fec013afe73540b7b00ae2b2f5054c1f3fff335e16c1ba7628d599872cabf755879b2983e20b3a6f7f05b8c40fcb3a608d9755dadc34bfb5ca3970295ef3f79c15770cfd0548431afba7cd6f2bc39ad3860afb0c2bf9bc09562b3b69744aedbcb70900066843c06240ab567924588674680de74aebb256f9f8daab5fcac3bc41cd635ad990fc12300144bc067117b02abc5bd5f6fba8f84ac9e36f9b37f9e3c915b09d5007ba5954c42f94d3adf06259f9c220757bb867e1940baa9461fde9e5d3f33fba9b23aa50e236b086ee980ec5717eff21b01ed22a8f7f1dacb6dcc4b795cd1d87549dcba6550536aced0a565e88e66f7a72f88f37f035fce774600b60bc6c52fc36527a2b172b03d415acf7b2aeecbdfef2cbffd22248f03d6061d9cacabdd75c6c29aeea0c40392548e1cfd17019344337cbf12ae087e271ecb0be7f0f98ec003cc9cd4f49d25de15c690dcc5b05142b280fa995ef9d80383f042b00a5328e55813c26e7d340959f7f6eddfd9a323e6e167180eac59c8105f0b4b6199e9636d5dceaf4eb9bdf042bbf4942096955bc92a7630ceb1cf117bc6175ed1f8f68b7ba9d14fe02e256d6fb5e8002ebf3f3ef2f5fbefc29508053c37f533caa25ff564fbf359537c4801655f7107e290ffb8fba611248d583e9494bebf43b582d9e2e5009be0350fd91a15af91dfb6e0022cfea5e9d6747afa03ca45666ecef920f8000648574af755e5503e22d80cd4ff25c2dd460b4654509e256e33a87c29f796b9b970e29cd9d86fbd0b0a8a97cd1d93f414931cf65ee9b8ae9833a9e7d599e7ce5d32f00064ac12f710cc9ffe9e98f970f1f346c4b4c01387efaf4478283546edc0c4db6dc9e8ac45ea8ce895fe7b6b8390e8d2d31cf59bd7d15c2ca3ee45e6c94dbf261fbabc30a6c55f63394c870553fe2d8cfe15b6547d70e5f0130b482e790804a657458c97be4bfd50ad647adc4db4735aa222cebe3f471aebcc34f3a066bbad7b02edd4c1104a81fcba65bb0854545e7c0ca39fe8eaf23e706b4bb13d40eabe26259f93773166131f40b568e282c675385d59052ff15ac96ad626a0be9504e0550bcc1c58b3ccf5ff3f75ca4215c757c7775f1f11bbf47cad700f732742bbfea5ffdb65a43d901d8c9209d56c2074ceaec9823727e1cd66d1ec761ade9f9fa487c15b09d7750a3dce6d760cdb4b807901dcc959f60f53b0486362deb1e4a20f47fa3e614c1d637757bff7b57a6191637cf954e79c65faf477e583336ea2581520580f17b28415865502dae81a3c3ebb5e13f604509abb7aa72bb2a877a74adf3bb8f5f5f9e3efff9f2e9cb7f45fa08d374e66f821548b6dacf1dad0ad309c557fdc8c7102590096f95419ef327fd4ac43b047dea14acb50ddc712b50c3bfc0da15b0da92a5d5ac901a548399600ba4b09809d9b5a0b8be571d34cdc81f032a2fe22a4eff27404038016be42b058cca83a1d9a01a50c439d753c3387f0daccf5ffef9f220abcaf65c4c09341af0abd880f5faf2d3b778ce1e0b94d40acc955ff5af7e5badade51e9cd7ebfa867c2a44af8515e1378b3a7f3fac94cd7103a6fcea79f81558ebbe2aff936a0001f310ac770f5f3ba0318c1a32a07f543ee4ab7caec34f16f710acc051c4f06b58a31e80da6035a0006db8ed677f8e40fb1a58fdc717f16616905e7d79f92060d3b25e7df8961db4062e40de595eef1cb434ed059601bc3bac8a320c8887da6302ae8420cedb107dadb416fe15c0012bef6602db384773bc0a66866155c997e3363f64180f29e7aab95dc5b01bef03705407f1f8343e8c263f9443327fe08c9fda4c906ead2bd301e529cb98f357a069f3cc26c386867f026658afb0d00220ac6c94298804087ba92981c0dc547148ef7a39dfbe83c07cb7aa594e43c931a0d691e1fb8be4dd8100587906ac4a1bef0ae85a380f48db390a780360012df1f3990f3affa0766cb0aaa304607f33bfe855b036c04fc39a30ace5a118b76192fb95b0eee53acc72fd6af959f658b0a55e0b6b971a3d04b00127fe094f3ead52fc66512bacd7778635e1de42791eac3107fcf0dbcbbd4438f918ae2afc6650891faf21ae809d60f5d0cfcfa73f7ed27cf3e39f2f3f7dfeaf785530acb164eb0aacc8d634be23d020c6f2a20fba799e24807dd2353c29ef77d782551294ea1c01b857c21a6a30d63dd8d3b03add0cc50135287127644a5fad24fe4d8ee3b48e53dd43a34e86eb70dd1262c7b35e03ab9f3ec502a7c18a75c3fa6cc280b96c5d1956dc57b7ca37fc8195f84aabf458cab096ea44eb46c3702ac36e1e2853f9e9f8c77ffdbfca3301e4e6604f15c0fc12748046bef2afa0de3d08722c60037605ab41fdfcf99f2f4fcc339596c7ab1f3ffcf1f2f9f91f01a01f5a30ad203c40551e7d5baaf9f1e541c36a8bfa19f855f74faae7bbeb8bc76fd2cbf5853af8429d5a74d3608d179dfb10efce75474b0295a73223dc71a6781de201d856b26a863580cdbf18df48f1106ffaecc28e0888a843ce5f5d976ddd180e07a8236e3c7d0a774299e15b50eddfc30a7cf56f1d81ce73c00e2d43750394634e09945e1d962a604b409f9653f9580db0f007a0005865b105f5fcfbcbe3f31f5ab47c553e0006ac8adfdc313f9566581173d9d9b2c639f0a9acb0a602e9e9e96b82a7302ce563409ee1c8db5a8ec3d08fdbd300fcf87161fc1ca658d367a57b56bc67815d60ddeb26aced5f012b5ac10aa4f74daf83353f62b6d708cffa5db74557d4a75c137e093469328e158ba0807600bb92af2dce0fc09a200103abfb84ceb07ace3a606d304be1a7f2e3c78f2d9da14f1930c38ae5d5cafc51e70f0241568f7060ed4fad242faeee25035a354f033886b555fe9e02d81df0299c2752017293c3ea067fcc53db4b2e0137f90a5640c5a23e295fe6a901acd27d54ba7797170fdfae04e6aceb4b2430d4a1213f268c4785745afae5cf93d51182958e75e70f28d5891bd0e954b482150169823a602d960c18429c2b2ce0004c86e12ac34a1e883a67fd6a3dfde833fdb26e8e3b2ba1e557a059466f87026a87957074a772d83e92ae593461ed025ce5c9b1c8f3d6f18719b57ccad37a41d79ad303c06fd38a807505aec06498473acf3d5ac11bc04ac493ee1416c22d45b8f289ed2a8670ce75b425e6183704e10231165212d693953d4fa458b8b130bc95658fe902711aac012c6571ae1b00501f758c0fb7c9ef49e1cf0a67f8ffa87a7d923eabee092b9f919c640be69f94605d3bb86e40fc8034fe9a5c9563951b61c4a91d881b381c1f2b77682ab0d50ed6a278f117b8023094f5cab9a381220f3477fe612594e368b761cd1b81a3d3e4b5ba5ea9b4e82c92ae6e35c7973aacd20c6a8535eb2fa9ceb398bf0f58b1a2bf096c401cd30bac19f3cd5b86f0d8d6f25eec787c9b71989716011579e83aed0ea0888b5b47d245390f23bd2da79ff707acaa0fc0e66ec3c89b785e583155080b8b04ebd34d3bea9c9f5ec72f5ba52fcc7f2bac3a1e80558d2ce53b8d297720b08e3785f222b3436758515a32a60ca1bf04d6ac9beb5187ed5efea47e2d45790de3b80d133461b101d6e957b03609befeb3ec362de896b56a8215cb9ad38159e4a970cd656d4573cf750b6b5ad63dace91e8066dc26ac1fe9db312015acf60be89c8647a29aa7c647d8e4c7906e10e3b1a9d2109f3c56b08675c59236f1b3ebf88eabdc00fae9418bb406ebe7c7af2f9f94e69dc014ac0f012b705660437c3082055783361450d0690d0a03dbcedd81b33616569d9dc00ea55f42ea8f061f8335fed31e2b673fb680b0ee61bd0d1bf5a4ccac6f056fa51a07774d976ef2a27ed42bf305d43c4f68035c5d2bf58af805b60ae80caec3d94de067d1355d55a46df3df2ef26ac002535856413276098a149e5639a10eb720e98ba726e6a661059526c08d7c13d80f9ffe11cfeed9536521552d268aa983008fa9026938a23615204e8595ef04b0cfcacfae0d6b40aa6348f56cb0a665b575bd78af054ef333ac97ef055183d61d4347d091a1095677dab0a03e57834bb563ad00ae0d9f86f61ccbca5758328fbc19066c59cef7c2ea3c330fcea91bf5c29ff3513fbbfd7371b749e4a59b29408c76cb2d2e84c535ac28ea4d3905d0aa8075b2ce33bc9ea38ea1dfaf1be634c07baae810ac68032bb0c98d35fdf8d37fbddc3dca9a02620cffc4553ca58957fd24ef1e70eddd6acb988455555c86fc9802e06ec2ba7a0ad041959e554e87d570c62a1bcbd1c0adf2d4808e32b0ee58772eca734345e7cdc065b821b5f06388e5c3c11794ff0a58a9cf809570760048f7a8237526efd7c3cad10d9d6efcc9176559948d3f6f2b0568d4adc14ae7b85d98e356582d03e86340acb8eb39abaeb1c4675a105303a5a9bb0709e11ed679feea47b711565e27b46658d36a2bdf075e86918192e2cd2c594c86ff0aab45fb91def17858f0407c19387f0ddb6f5d3da93ccf590d2d16f659d38e77b296dfae2ed4f074b680e4578a40129656e7fd3bfeb1432070243fc9b265a99deb0ea661f327d3c473e792b72de05ee445c7277868a4eb6561dd9cbfa725915e1dd7771d6abeed66509ad8a7e4d8c4cfa6f3a7263a22c092f0aff19e3ffd1916245e3c06a226c7b7e51d527d0907cc8068b80d6b5e133790dc45370230608d34f2b35af8a574d5f65ff3db04a9f843e3064f7c9f80630396b9ab5f13bc17945ef5077c3ac6ce006a9630c21417016bec91b62369002fa712ca5fe5c4cdacf4391d480b6b2b4b1eb6a42ca678c6fff3a7ff254089c35695a6044acf63567ef11a8f5c15e749e17ce3eae35dce5d9f8055abfb6fb9e25787026501740fabe68701881a6ed33974001dd94427d2f9b18b40dc024d97c11a229ff97c96ad552a177c01aec26adaaab8b9146e79731db76faec8bbd5df713862a5e8141e23e643832cabfe14c53b1cfdfa01ab0dcf1b09ba0aaa61adda00dcd2a5056d8a9bc0d67328e6874dd48123d7c010cfb694877803147bab02c3507a8e190097bc12e8a198b74a51a68edccc8e972fa46c95006aa8c772aa8c8031e0c59ab273401c9e7a299e8e193e76033e6914f824689f95fe28ac17571cd3c26e607587a93138da4dc57dde8192b98f1fbfd97af5adab0193e5b4b36abe6b5833ec5279a039dffe58b809cb13bf2825bfe91a5085d560b378096be7b833ac9c477af2519db0a04dfd4f871732a03bb1ed564037ac58d40a4f57018c7a708ceb1418b190521ff8f93ce0e6f7b2aa72b836ac6e0bae1d30731eac384501aefc114338b03d3e68feaaf934c21dd27c1a3da82dee75bde8c37d5a53c36a77bc122850fd5136c3fa457e016b3efbcf694085f5fd095867010a473a7200959d7ad5b6ac0ceb9cf6980c206ebf5c13f93275507de267c26a50e0abb05648e73c53f83738245bb71c5ab393dc5131c4467883b25d5785b5e699f353d54965f73458c552de514db05a0cf706c4f9524ecc091b3c1d3ae234711ee18235853b151bfe31fca748ef3cb87e1654cea7e6e7b96c802ab00238ad37f8456cd5a3ea8d801548431aa50c2a56952981dfb442cfca97f701d805e0e9d517d5f328ac1b09d6d80d88785b4b65750864fdbcc088cffcd4b9e3916900ea3017e5877c337f5bd604562028ef587ca8d37af952cf6f3aaf7ee7c29ad655659f80d51dcc4f985d1f777c9e67fea896bbd4015899fbce5059d52fdc52852bfc0193f9adae273e6221515ece93f7f931577f0656d59f735bd3b83964b1630126986291c4102eb8629e2bbf98ab2a5ebc5125bf8f8fbfe7a72cb5bac76d6b0aacfd6d2b00c64f65ac6105be23b0e6824beed8bec2cdea1be0b6d0e670dcdc4db9f861b184bcba9708ebd0088ea6195434c36a19d6f03744a196672d43f187a857ca43740cd3405461650aa386c21dcfe4c937fc2560257c012b0b91fc6695e2283ca642114fe9a71be4a0805500753558c3b2524e4865aa2e1e593cef8cc7a2cd9d5b5a0965dc282a9f4f5ab2a371a769c5bdf2e478a763a61da0a2d8d06ff921afe8634e0a88016cc238c3ca31be1b20ffafbffc1f41fa35dc086813d6b4acfec5eb07e58580d58f5a3f2a9f7828a086f9168d037c005b841f7f5fceb370b692b610b31da42941342e1d0040b24e93fa4a5df2b01cf004ece98ee15b1d1b2f2513360958e9ece7e77187a77518f1edcfdb3ffc3233adf7281b4b38f2a4ce09a89f2ec51326cf0bc92fe2a71256ea98105b61b5d4c069658195cecca1b65a65bb813c6f266049605269d55daf113ee41d82f86fff26ce7bb8ac173fbbf6d7b1d30d74d40b204b3a80956ccde2953c0dbdf5dc96317f58d8e6a8ba86f8609b8676ac1fb0c58bd2002d714c788765e5cf2b9e34efb475b5e5ccf4cc7305ade08d9d02c97ff036efb37e56dca3b0624581d4aa9636ada461457f1dac582e60e59d49861ffcb2a3f6f101f442f5ce1b69f86fe3669d03d6aa066d6c8d35b0622156d4c12b0a0ba630943712166d0bac95f10c99cafa01b0321ae4b61860a26621017501eb0ad80a6b7e2d50e9d51f0cfb86d5bf788db965c0366065bac063d70a2bc778ab0a8b2b00e349d58395d6352cacfcfdf2b5f75703d0c7afa1783760c0aa0edcc06af780f5fdfbfb0e6b1fcabf1bd64c772eac310cd1706ad0ecc4119f7c39cf3c479d9041f2f9085f2bb7db5a3dc9b3a8429a1a805086bf29958f3e0fc18a0cec5651fec2ff28ac1a0dbc879b6af1b5227f1bac9f5f3e3efd11e22730f93318604d60f9d38b0e6b009c56b5c28a72ba90901e82159001b5c32a3f5bd5fab8355f119c3e7261a0d2cddc740cfdb6a8c3b21217e8d24a72f101a8d20d0d58ab12d60462867574683b8ff91ee76931320e9d5801743a87a1f4230d0d67f57a6ec02e8aba61f1543fa94f0f34afb3bbfb492ecff0a01edee69a919672752d713dbdce232d5f4261d8ce5161409b00665ce69b06cde173fdf1f3e2c969711bc62a20b5b6fe6d28c75f70467a01cb70cfb7b6f003d4f82e96ac5e1fd29bbbfa19cadc6fd5d44073d447f589f7523df4d7275701680337e27558f9a2b556d72b586740ab6898bf03d6983bb6450cc32c7ed979a7610d50956686155558c77564bd39060852056f37c7d5e8e2f20c54a46b806e5e54a17d16b0ce75b09ff3327021aea9d5dfe14e6fe1770eac15d419d61cc6b19ef257d80c2bd775ff9020773005560535fc042bab7fac66008b45567e016d8395a361adaf08fa1896566537cb2a38f94120ead002951a301ec3e694c06efeb63ca7016e201a4c0d5f40bd511cc4cbd103d2024500d1ce953614d6930e4c08378b9c5849a7951c60ae94005839448f0ecebd5fce5b7dbb54ef2eeaa5fa2aaf9806280f7e255a614d50b9f6dcf631342e979753228d3a9363e4d1ae29afcbb0728ebfd202a0eb49dd15d625c063c114371bf5f7b56ea1cff213d01b6e9276643ae0ef55b103e06f5825b42c866668b9c135ff269dc26f05575f680958e6e4e1260d6006883a029ccfa57cf50fcb8a856dbf0a606aa0231697f03857ba5c60fd14ab7f8b5d804fcae793eaf24e9db29906d8daf93cc1cb630731ac495a80a18420b7acd468a1f6bea9fc77b002851a378fd9e0d9e8b51351c2e97a8d7874560a808738cfceaaaa16238155dac83381db2acbf23c932f53077000682bbbb9f621d2875b90f2063fbf97e2eb27a156df7314d7022c4db4436cdcd7fa6fd28c6bc1cd35338fb5754fe8b20dd8ddb9c732aa8e693195afea1a7fc0d644f9b1d3d1a0ac02d67cb95b5656e7b11ba0786c4301a887fd3eac3ff00f815a243dfd23165c4fb2ccf97855b0b25bc0224cee3807525d63429aee8fcae727e5b384b5cae019da5087b5754c488d714d43ea4203043552c46f1d1ff99d86b52f6c24c35af759abdc512b58e9046458b7d300f9919eeb6a1dbc55abb3f28e2d2b8ecae3b281ca6fa1881740f4eb4fbf7eaeb2595c91deafe2fd4858b90ec7cd2db1517eaf1b0254c10798f1076bd21d9fb0bc1f6d14b0223e262cf15314a08cadb923b0c6af5f751ed303e59b7ba61af2055658d8b09458cd041658134a85499e26202fca9e892bf1df5776a3cfca276035985674543b76409b6288d29d39e40e53a35ce9c2aed4881ace0dac9f76e5cd90908ed70bad0ae1802586cb98abd670ca1b9d3a9fd3c9b922df0a8b4abdfc30814f8c7b2a536fa054d6a95a5660b555e57ae326503e7ec1ba8ab0b0be1c49abeb40e7c2daeb5d401d1a6deb78dc14f38dc3b9ad64820ae00cff0cdb00aad1a65957c3caf759813bb480b42a40159886957c728edb76048055d0a6729115735795830cabe36361bf7cfaa7e6a7b2c277bf6b8efa5590022c6f5e496a87ef8435ad5636108da846a341c3aaca4f1d9f8b98cc0f5881235f011c70103e94e5a273605d890eac6ee43f6ea0a31356ca7d3dac1d06e685c04abb343ff2eae161e1b31e5e20c648a1f359b93dc61657ca967858e4f1610c1e3c64fb0e5811db4a3c0ca10eee97041150a5360d8a39e983ea1652da00140b2ab720e533edfc090640c66b911dcee14ea575f5b65548fe1cfd1896f9a9218d6981ea98a0fadd808415cbca7f06fcfce57fbd7c11b4bcb8f259e962aedaf4195865f1fa34e0fb60cdce8b0e5483f9456da60ae49379666726a0f85b15c6f3619dcf536af4628d6c9d6eafd4c0d7b2208453cf1b403d06abeaa96b4297a184d0f25ee50c6b1510651d8fc04a5803f110ac0830388e45d6b81191eb0e9cf48987f858501954bb0565c0aab80cfbccabd9fc8f29428bc3d32a40c2c2e6b0bf8535eaa270e0e46319f1c10cf987956db0068840ca1c56fe6155815465b3cbe0298061459f3497fdac781f5587aa9806a8b1bfc5c249173a3736025a1ad55064e313969d5d1f191a5c375c76e0806fb895677492fd6b99f6abe56d853f1d4443c6d04ac7d1814df14230c398946f4be95cb0de5cca2d6872ce6acbca4de46bc7e2d7adb9717d3c00f1cdd821b516a022431c50b67afa386ea8766cd714d7d5945f0efc39bfa8f7f4bb00535ce2713d715d69f9e3e104f93611160b26ac68b3ae0f08187593f99d80d89292bfe3d39ef9a02315603e0edd3d14d1be8a33a6018251fe1ee63dd4d7e11e016ebecf3ae6ab4c01f87f8290acb01757e859ed148b2ca5edb08edf31cd1ab0b931b203e80c5b582b61dd765a85750bdc381ff16ddd6bb9b3dc211dd676dead0e475d602c46da79c0dae6d37d8a12d39284151d839545e521586bfdab76b0161d83d502542cade78f0f4facba4738690c6bcfb7855558c3d24a61311bac0fb17d65981557f9538e81edc707f93755cb9af9fbc956b3b08ab382d55636a41b90a755f1f7ecb1333004b4b1a7aa69404e05782720b581b55bd7d67133ac3e6683e4f07f48b9fd94c36bc0aaf915623fd1fb86e4437ea9d1c106d5d3921127553b85c64c58877ffc41832c171f04e3773ee1c6920104538a4be51952fe17b6ac9449795967cb750ae05690b6369be3efe5fa733dca47f5e6064a58d11634ab82c3308c3b6e3c872b4d85b5a68d704d036247a0dd345e60c51f5ac49f5ae47401580d6a80d8ca0abf8735ac406a608fc1ca91c52da06245b1acc0ca3c1677082b2b7de4f12abfb7c22d7f1f43823760ed0ddf543bc4f0189c8482632a1712d66844e25a7d4110d0a4329fccab766c2daf96e97c2dfc63c52d0b9137c800ea5e795a74501e55378131606d12c0f15697f24cab654b4b7d142ec5b5b6bc6bdbd0561e91ea35ec35604d70a8b3aec7b04ed7d7db51f531441da6022b02aa83b0469f24907e3720e7af5b58e3ba051f2f5933e5c0ddcb7c68a06a2ec9efaeb0f6f81bd6d9b21ad00aab877ac3ea792c433e2fa9843595bbbf0b80256507000bdbdc3c5878a7061f9675a1199c6884d6a8ab06723871435855416160bb7a1ec41b1d5bcb73992e67a4c9fcfd240900223d10e9680b6f88c35d6f94a883f228bf5ee0c786de5ecb2db62cdbe5c7a8f0465847bdb33e5927fbe5b5d4636fc7d842d2515000498072c8b236bfadc8cbb00229238fce813504a8695959f9c7635495b585955fb26a71158f58b1aa58ddf3601dc0feda61cdad2c9d0bd02f0f5fbb18eae378a7a9c00d5b55a94fb78295e3fd575956debac292b447a9577cdf8ac66f8acee852e3ab1363db86460de1f6390da83b5d40a018de1a205b50a408e3082ce4dbca933b2558c3f2659cece82120c8e7f2c0b095df424aa91c14e5ab7e5107d52f8415a5fc9c0a004bbd492cd270e43aeb8bdbf15836a62b03cc7c13cde2ba5497b85629ea9eb06eaf4502bc76f402d16f6d19d450e4a3f0a6706b4ee8742183166eadba9f049adac256753c6acdf96a801720e614c0e9035a81762bc8507e2d1b58152f8015a45d8232b6a3d845405fe4f7e5e5e98300d6e28ccf6106ac8a8bf80e407cc34a7e9fb1aa6d6efa893d56018a9eaf8155d6f656d657e7efd470df72d8cb45c5f6154089850661fe598ba08dbb9346961b6b8338f7ddde3b3900e66ece854fdf72a1c181b04b9daabcd292a7c2ba7558ddc15bf135167e3aee4590177a11863555878485a1533de43679f89fc1cc7a937fb98e16bffa5923bd612d6d47bda33c753ec780737b0d28be24a3bcad31fce7b0bb11d712c25a6ace28b155d4e798453ceebd7ffafde5e7dffeb7cedb3440c37ffcd4446910a0ceb07a9b8a3cf23b03f98d017f7320a479e7a3200b505b5e40da7f77c5f65413df81f820cbfc41f1e3fd8007adf20576fc6c45624fd5d6351657b6a601ea9f8296e359b0ea7c82d58056d110736726acba7bd5a06b48ad0a2baf22fa9544ea600852b5937bb93a869fad698fd360a5231ba4d66958cb798b9f615b68477a8ed4118bca472fdaee489407aca4ab751bca9fd2a4f2672c1c512e203dd4cfc3bd1738c096602570566cf63f084659b7a78fbf475b0548f267a13576039497441ac3eab96b0cfb02316e1c9591c2b26249dbe356f52f3780877d4f05c8dfe739f4f332f51fb2a80ceb3a575eacf23f0bd44fb7c0a9a1bf81fa1cd300a6057c940dcbca9c55d3801956bb039c4b7f9905601356b67e0085c76b7ece8eaea5da99018b8445ad70eee7b0865565b40f09bb1e1554cb9d3cc34aa7c7148073e2512fea40271bb8a2e3b016ff88bf8d53453ecc7707b0b6f6940fa82abbc575dec7e43caab51db032cf04d4a1d87a525fd84a5ac076ad3060bdd7508c55f55fad1b56bf939affdb9a6998bbb2d88af204ae75c750fee9cf38f2218cfcd0701a23e7574165aa819b2757f9d814cbd9c054fa4f821dc5628a7000d5b1c705ee07c12d983fdefff6f2ff0141d6f87b615a2bbf0000000049454e44ae426082);

-- --------------------------------------------------------

--
-- Table structure for table `orders`
--

CREATE TABLE `orders` (
  `id` int(11) NOT NULL,
  `cashier_id` int(11) NOT NULL,
  `date` varchar(300) NOT NULL,
  `total_price` int(11) NOT NULL
) ENGINE=InnoDB DEFAULT CHARSET=utf8;

--
-- Dumping data for table `orders`
--

INSERT INTO `orders` (`id`, `cashier_id`, `date`, `total_price`) VALUES
(1, 6, '6/6/2021 9:19:21 PM', 1618),
(2, 6, '6/6/2021 9:23:55 PM', 3977),
(3, 6, '6/6/2021 9:24:06 PM', 400),
(4, 6, '6/7/2021 12:10:42 AM', 2620),
(5, 6, '6/7/2021 12:11:07 AM', 4491),
(6, 6, '6/7/2021 12:11:29 AM', 499),
(7, 6, '6/7/2021 12:15:38 AM', 1000),
(8, 6, '6/7/2021 12:16:27 AM', 9500),
(9, 6, '6/7/2021 12:16:48 AM', 5990),
(10, 6, '6/7/2021 12:17:13 AM', 20000),
(11, 6, '6/7/2021 12:27:54 AM', 31990),
(12, 6, '6/7/2021 12:28:13 AM', 1600);

-- --------------------------------------------------------

--
-- Table structure for table `orders_items`
--

CREATE TABLE `orders_items` (
  `order_id` int(11) NOT NULL,
  `item_id` int(11) NOT NULL,
  `order_quantity` int(11) NOT NULL
) ENGINE=InnoDB DEFAULT CHARSET=utf8;

--
-- Dumping data for table `orders_items`
--

INSERT INTO `orders_items` (`order_id`, `item_id`, `order_quantity`) VALUES
(1, 1, 2),
(1, 2, 1),
(1, 11, 1),
(2, 1, 3),
(2, 2, 4),
(2, 11, 4),
(3, 18, 5),
(4, 2, 1),
(4, 11, 5),
(5, 1, 9),
(6, 1, 1),
(7, 10, 5),
(8, 2, 10),
(8, 11, 15),
(8, 18, 10),
(9, 1, 10),
(9, 10, 5),
(10, 11, 1),
(10, 28, 15),
(11, 1, 10),
(11, 2, 10),
(11, 11, 11),
(11, 18, 10),
(11, 28, 15),
(12, 10, 8);

-- --------------------------------------------------------

--
-- Table structure for table `restocks`
--

CREATE TABLE `restocks` (
  `id` int(20) NOT NULL,
  `manager_id` int(20) NOT NULL,
  `date` varchar(300) NOT NULL,
  `total_price` int(20) NOT NULL
) ENGINE=InnoDB DEFAULT CHARSET=utf8;

--
-- Dumping data for table `restocks`
--

INSERT INTO `restocks` (`id`, `manager_id`, `date`, `total_price`) VALUES
(1, 20, '6/5/2021 1:42:53 PM', 26000),
(2, 17, '6/7/2021 12:05:28 AM', 26300),
(3, 17, '6/7/2021 12:05:35 AM', 26300),
(4, 17, '6/7/2021 12:05:46 AM', 26300);

-- --------------------------------------------------------

--
-- Table structure for table `restocks_items`
--

CREATE TABLE `restocks_items` (
  `restock_id` int(20) NOT NULL,
  `item_id` int(20) NOT NULL,
  `restock_quantity` int(20) NOT NULL
) ENGINE=InnoDB DEFAULT CHARSET=utf8;

--
-- Dumping data for table `restocks_items`
--

INSERT INTO `restocks_items` (`restock_id`, `item_id`, `restock_quantity`) VALUES
(1, 1, 20),
(1, 2, 20),
(1, 10, 16),
(1, 11, 32),
(1, 17, 15),
(1, 18, 20),
(1, 22, 30),
(2, 1, 10),
(2, 2, 10),
(2, 10, 8),
(2, 17, 7),
(2, 18, 10),
(2, 22, 13),
(2, 28, 30),
(2, 29, 25),
(3, 1, 10),
(3, 2, 10),
(3, 10, 8),
(3, 17, 7),
(3, 18, 10),
(3, 22, 13),
(3, 28, 30),
(3, 29, 25),
(4, 1, 10),
(4, 2, 10),
(4, 10, 8),
(4, 17, 7),
(4, 18, 10),
(4, 22, 13),
(4, 28, 30),
(4, 29, 25);

-- --------------------------------------------------------

--
-- Table structure for table `schedules`
--

CREATE TABLE `schedules` (
  `id` int(20) NOT NULL,
  `start_date` date NOT NULL,
  `end_date` date NOT NULL,
  `is_outdated` int(1) NOT NULL DEFAULT '0'
) ENGINE=InnoDB DEFAULT CHARSET=utf8;

--
-- Dumping data for table `schedules`
--

INSERT INTO `schedules` (`id`, `start_date`, `end_date`, `is_outdated`) VALUES
(1, '2021-01-04', '2021-01-17', 0),
(2, '2021-01-18', '2021-01-31', 0),
(3, '2021-02-01', '2021-02-14', 0),
(4, '2021-02-15', '2021-02-28', 0),
(5, '2021-03-01', '2021-03-14', 0),
(6, '2021-03-15', '2021-03-28', 0),
(7, '2021-03-29', '2021-04-11', 0),
(8, '2021-04-12', '2021-04-25', 0),
(9, '2021-04-26', '2021-05-09', 0),
(10, '2021-05-10', '2021-05-23', 0),
(11, '2021-05-24', '2021-06-06', 0),
(12, '2021-06-07', '2021-06-20', 0),
(13, '2021-06-21', '2021-07-04', 0),
(14, '2021-07-05', '2021-07-18', 0),
(15, '2021-07-19', '2021-08-01', 0),
(16, '2021-08-02', '2021-08-15', 0),
(17, '2021-08-16', '2021-08-29', 0),
(18, '2021-08-30', '2021-09-12', 0),
(19, '2021-09-13', '2021-09-26', 0),
(20, '2021-09-27', '2021-10-10', 0),
(21, '2021-10-11', '2021-10-24', 0),
(22, '2021-10-25', '2021-11-07', 0),
(23, '2021-11-08', '2021-11-21', 0),
(24, '2021-11-22', '2021-12-05', 0),
(25, '2021-12-06', '2021-12-19', 0),
(26, '2021-12-20', '2022-01-02', 0);

-- --------------------------------------------------------

--
-- Table structure for table `sick_reports`
--

CREATE TABLE `sick_reports` (
  `sick_report_id` int(20) NOT NULL,
  `first_day_id` int(20) NOT NULL,
  `last_day_id` int(20) DEFAULT NULL,
  `employee_id` int(11) NOT NULL,
  `description` varchar(500) NOT NULL,
  `hr_seen` tinyint(1) NOT NULL DEFAULT '0'
) ENGINE=InnoDB DEFAULT CHARSET=utf8;

--
-- Dumping data for table `sick_reports`
--

INSERT INTO `sick_reports` (`sick_report_id`, `first_day_id`, `last_day_id`, `employee_id`, `description`, `hr_seen`) VALUES
(10, 129, 133, 1, 'this is a test', 1),
(11, 129, 137, 13, 'corona', 1),
(12, 129, 133, 16, 'i have the flu', 1);

-- --------------------------------------------------------

--
-- Table structure for table `worked_hours`
--

CREATE TABLE `worked_hours` (
  `week_id` int(20) NOT NULL,
  `employee_id` int(20) NOT NULL,
  `hours` float NOT NULL
) ENGINE=InnoDB DEFAULT CHARSET=utf8;

--
-- Dumping data for table `worked_hours`
--

INSERT INTO `worked_hours` (`week_id`, `employee_id`, `hours`) VALUES
(19, 1, 9),
(19, 2, 22.5),
(19, 3, 18),
(19, 4, 18),
(19, 5, 31.5),
(19, 6, 31.5),
(19, 7, 31.5),
(19, 8, 31.5),
(19, 9, 31.5),
(19, 10, 31.5),
(19, 11, 31.5),
(19, 12, 31.5),
(19, 13, 9),
(19, 14, 27),
(19, 15, 27),
(19, 16, 9),
(19, 17, 18),
(19, 18, 18),
(19, 19, 18),
(19, 20, 13.5),
(19, 21, 18),
(19, 22, 18),
(19, 23, 31.5),
(19, 24, 18),
(19, 25, 22.5),
(19, 26, 18),
(19, 27, 22.5),
(19, 28, 13.5),
(19, 29, 31.5),
(19, 30, 31.5),
(19, 31, 31.5),
(19, 34, 31.5),
(19, 35, 31.5),
(19, 42, 31.5),
(19, 43, 31.5),
(19, 44, 31.5),
(19, 45, 31.5),
(19, 46, 31.5),
(19, 47, 31.5),
(19, 49, 31.5),
(19, 50, 31.5),
(19, 51, 27),
(19, 52, 31.5),
(19, 53, 31.5),
(19, 54, 27),
(19, 61, 27),
(19, 62, 27),
(19, 63, 27),
(19, 64, 27),
(19, 65, 27),
(19, 66, 22.5),
(19, 67, 27),
(19, 68, 27),
(19, 69, 27),
(19, 70, 27),
(19, 71, 27),
(19, 72, 27),
(19, 73, 22.5),
(19, 74, 22.5),
(19, 84, 27),
(19, 114, 27),
(19, 115, 22.5),
(19, 116, 18),
(19, 117, 13.5),
(20, 2, 22.5),
(20, 3, 18),
(20, 4, 18),
(20, 5, 31.5),
(20, 6, 31.5),
(20, 7, 31.5),
(20, 8, 31.5),
(20, 9, 31.5),
(20, 10, 31.5),
(20, 11, 31.5),
(20, 12, 31.5),
(20, 13, 13.5),
(20, 14, 22.5),
(20, 15, 27),
(20, 16, 27),
(20, 17, 18),
(20, 18, 18),
(20, 19, 18),
(20, 20, 13.5),
(20, 21, 18),
(20, 22, 18),
(20, 23, 31.5),
(20, 24, 18),
(20, 25, 22.5),
(20, 26, 18),
(20, 27, 18),
(20, 28, 13.5),
(20, 29, 31.5),
(20, 30, 31.5),
(20, 31, 31.5),
(20, 34, 31.5),
(20, 35, 31.5),
(20, 42, 31.5),
(20, 43, 31.5),
(20, 44, 31.5),
(20, 45, 31.5),
(20, 46, 31.5),
(20, 47, 31.5),
(20, 49, 31.5),
(20, 50, 31.5),
(20, 51, 27),
(20, 52, 31.5),
(20, 53, 31.5),
(20, 54, 27),
(20, 61, 27),
(20, 62, 27),
(20, 63, 27),
(20, 64, 27),
(20, 65, 27),
(20, 66, 27),
(20, 67, 27),
(20, 68, 22.5),
(20, 69, 22.5),
(20, 70, 27),
(20, 71, 22.5),
(20, 72, 22.5),
(20, 73, 22.5),
(20, 74, 22.5),
(20, 84, 22.5),
(20, 114, 27),
(20, 115, 22.5),
(20, 116, 18),
(20, 117, 13.5),
(21, 4, 4.5),
(21, 5, 9),
(21, 6, 9),
(21, 7, 4.5),
(21, 8, 4.5),
(21, 9, 4.5),
(21, 11, 4.5),
(21, 12, 4.5),
(21, 16, 4.5),
(21, 19, 4.5),
(21, 20, 4.5),
(21, 21, 4.5),
(21, 22, 4.5),
(21, 23, 4.5),
(21, 24, 4.5),
(21, 25, 4.5),
(21, 26, 4.5),
(21, 28, 4.5),
(21, 29, 4.5),
(21, 30, 4.5),
(21, 31, 4.5),
(21, 34, 4.5),
(21, 35, 4.5),
(21, 42, 4.5),
(21, 43, 4.5),
(21, 44, 4.5),
(21, 45, 4.5),
(21, 46, 4.5),
(21, 47, 4.5),
(21, 49, 4.5),
(21, 50, 4.5),
(21, 51, 4.5),
(21, 52, 4.5),
(21, 53, 4.5),
(21, 54, 4.5),
(21, 61, 4.5),
(21, 62, 4.5),
(21, 63, 4.5),
(21, 64, 4.5),
(21, 65, 4.5),
(21, 66, 4.5),
(21, 67, 4.5),
(21, 68, 4.5),
(21, 69, 4.5),
(21, 70, 4.5),
(21, 71, 4.5),
(21, 72, 4.5),
(21, 73, 4.5),
(21, 74, 4.5),
(21, 84, 4.5),
(21, 114, 4.5),
(21, 118, 4.5);

--
-- Indexes for dumped tables
--

--
-- Indexes for table `dayoff_requests`
--
ALTER TABLE `dayoff_requests`
  ADD PRIMARY KEY (`request_id`),
  ADD KEY `first_day_id` (`first_day_id`),
  ADD KEY `last_day_id` (`last_day_id`),
  ADD KEY `employee_id` (`employee_id`);

--
-- Indexes for table `days`
--
ALTER TABLE `days`
  ADD PRIMARY KEY (`id`) USING BTREE,
  ADD UNIQUE KEY `UNIQUE` (`date`) USING BTREE,
  ADD KEY `FOREIGN KEY` (`schedule_id`) USING BTREE;

--
-- Indexes for table `employees`
--
ALTER TABLE `employees`
  ADD PRIMARY KEY (`id`),
  ADD UNIQUE KEY `email` (`email`);

--
-- Indexes for table `employees_preferences`
--
ALTER TABLE `employees_preferences`
  ADD PRIMARY KEY (`employee_id`);

--
-- Indexes for table `employees_workdays`
--
ALTER TABLE `employees_workdays`
  ADD PRIMARY KEY (`day_id`,`employee_id`),
  ADD KEY `employee_id` (`employee_id`);

--
-- Indexes for table `items`
--
ALTER TABLE `items`
  ADD PRIMARY KEY (`id`);

--
-- Indexes for table `items_images`
--
ALTER TABLE `items_images`
  ADD PRIMARY KEY (`item_id`);

--
-- Indexes for table `orders`
--
ALTER TABLE `orders`
  ADD PRIMARY KEY (`id`),
  ADD KEY `foreignkey` (`cashier_id`);

--
-- Indexes for table `orders_items`
--
ALTER TABLE `orders_items`
  ADD PRIMARY KEY (`order_id`,`item_id`) USING BTREE,
  ADD KEY `item_id` (`item_id`);

--
-- Indexes for table `restocks`
--
ALTER TABLE `restocks`
  ADD PRIMARY KEY (`id`),
  ADD KEY `manager_id` (`manager_id`);

--
-- Indexes for table `restocks_items`
--
ALTER TABLE `restocks_items`
  ADD PRIMARY KEY (`restock_id`,`item_id`),
  ADD KEY `item_id` (`item_id`);

--
-- Indexes for table `schedules`
--
ALTER TABLE `schedules`
  ADD PRIMARY KEY (`id`),
  ADD UNIQUE KEY `UNIQUE` (`start_date`,`end_date`) USING BTREE;

--
-- Indexes for table `sick_reports`
--
ALTER TABLE `sick_reports`
  ADD PRIMARY KEY (`sick_report_id`),
  ADD KEY `employee_id` (`employee_id`),
  ADD KEY `first_day_id` (`first_day_id`),
  ADD KEY `last_day_id` (`last_day_id`);

--
-- Indexes for table `worked_hours`
--
ALTER TABLE `worked_hours`
  ADD PRIMARY KEY (`week_id`,`employee_id`),
  ADD KEY `employee_id` (`employee_id`);

--
-- AUTO_INCREMENT for dumped tables
--

--
-- AUTO_INCREMENT for table `dayoff_requests`
--
ALTER TABLE `dayoff_requests`
  MODIFY `request_id` int(20) NOT NULL AUTO_INCREMENT, AUTO_INCREMENT=7;

--
-- AUTO_INCREMENT for table `days`
--
ALTER TABLE `days`
  MODIFY `id` int(20) NOT NULL AUTO_INCREMENT, AUTO_INCREMENT=365;

--
-- AUTO_INCREMENT for table `employees`
--
ALTER TABLE `employees`
  MODIFY `id` int(255) NOT NULL AUTO_INCREMENT, AUTO_INCREMENT=125;

--
-- AUTO_INCREMENT for table `items`
--
ALTER TABLE `items`
  MODIFY `id` int(20) NOT NULL AUTO_INCREMENT, AUTO_INCREMENT=30;

--
-- AUTO_INCREMENT for table `orders`
--
ALTER TABLE `orders`
  MODIFY `id` int(11) NOT NULL AUTO_INCREMENT, AUTO_INCREMENT=13;

--
-- AUTO_INCREMENT for table `orders_items`
--
ALTER TABLE `orders_items`
  MODIFY `order_id` int(11) NOT NULL AUTO_INCREMENT, AUTO_INCREMENT=13;

--
-- AUTO_INCREMENT for table `restocks`
--
ALTER TABLE `restocks`
  MODIFY `id` int(20) NOT NULL AUTO_INCREMENT, AUTO_INCREMENT=5;

--
-- AUTO_INCREMENT for table `schedules`
--
ALTER TABLE `schedules`
  MODIFY `id` int(20) NOT NULL AUTO_INCREMENT, AUTO_INCREMENT=27;

--
-- AUTO_INCREMENT for table `sick_reports`
--
ALTER TABLE `sick_reports`
  MODIFY `sick_report_id` int(20) NOT NULL AUTO_INCREMENT, AUTO_INCREMENT=13;

--
-- Constraints for dumped tables
--

--
-- Constraints for table `dayoff_requests`
--
ALTER TABLE `dayoff_requests`
  ADD CONSTRAINT `dayoff_requests_ibfk_1` FOREIGN KEY (`first_day_id`) REFERENCES `days` (`id`),
  ADD CONSTRAINT `dayoff_requests_ibfk_2` FOREIGN KEY (`last_day_id`) REFERENCES `days` (`id`),
  ADD CONSTRAINT `dayoff_requests_ibfk_3` FOREIGN KEY (`employee_id`) REFERENCES `employees` (`id`);

--
-- Constraints for table `days`
--
ALTER TABLE `days`
  ADD CONSTRAINT `days_ibfk_1` FOREIGN KEY (`schedule_id`) REFERENCES `schedules` (`id`);

--
-- Constraints for table `employees_preferences`
--
ALTER TABLE `employees_preferences`
  ADD CONSTRAINT `employees_preferences_ibfk_1` FOREIGN KEY (`employee_id`) REFERENCES `employees` (`id`);

--
-- Constraints for table `employees_workdays`
--
ALTER TABLE `employees_workdays`
  ADD CONSTRAINT `employees_workdays_ibfk_1` FOREIGN KEY (`employee_id`) REFERENCES `employees` (`id`),
  ADD CONSTRAINT `employees_workdays_ibfk_2` FOREIGN KEY (`day_id`) REFERENCES `days` (`id`);

--
-- Constraints for table `items_images`
--
ALTER TABLE `items_images`
  ADD CONSTRAINT `items_images_ibfk_1` FOREIGN KEY (`item_id`) REFERENCES `items` (`id`);

--
-- Constraints for table `orders`
--
ALTER TABLE `orders`
  ADD CONSTRAINT `foreignkey` FOREIGN KEY (`cashier_id`) REFERENCES `employees` (`id`);

--
-- Constraints for table `orders_items`
--
ALTER TABLE `orders_items`
  ADD CONSTRAINT `orders_items_ibfk_1` FOREIGN KEY (`item_id`) REFERENCES `items` (`id`);

--
-- Constraints for table `restocks`
--
ALTER TABLE `restocks`
  ADD CONSTRAINT `restocks_ibfk_1` FOREIGN KEY (`manager_id`) REFERENCES `employees` (`id`);

--
-- Constraints for table `restocks_items`
--
ALTER TABLE `restocks_items`
  ADD CONSTRAINT `restocks_items_ibfk_1` FOREIGN KEY (`item_id`) REFERENCES `items` (`id`),
  ADD CONSTRAINT `restocks_items_ibfk_2` FOREIGN KEY (`restock_id`) REFERENCES `restocks` (`id`);

--
-- Constraints for table `sick_reports`
--
ALTER TABLE `sick_reports`
  ADD CONSTRAINT `sick_reports_ibfk_1` FOREIGN KEY (`employee_id`) REFERENCES `employees` (`id`),
  ADD CONSTRAINT `sick_reports_ibfk_2` FOREIGN KEY (`first_day_id`) REFERENCES `days` (`id`),
  ADD CONSTRAINT `sick_reports_ibfk_3` FOREIGN KEY (`last_day_id`) REFERENCES `days` (`id`);

--
-- Constraints for table `worked_hours`
--
ALTER TABLE `worked_hours`
  ADD CONSTRAINT `worked_hours_ibfk_1` FOREIGN KEY (`employee_id`) REFERENCES `employees` (`id`);
COMMIT;

/*!40101 SET CHARACTER_SET_CLIENT=@OLD_CHARACTER_SET_CLIENT */;
/*!40101 SET CHARACTER_SET_RESULTS=@OLD_CHARACTER_SET_RESULTS */;
/*!40101 SET COLLATION_CONNECTION=@OLD_COLLATION_CONNECTION */;
